vilosource,78
CamileALTEN,97
crowka,693
bbuchsbaum,1897
davegaeddert,15
leesangmin4533,447
band-it75,157
K-Roon,13
KubriakZahoor107,212
xmarre,113
dkay555,18
dm-home,12
NathanWallerViz,44
ricardozuloaga1,2
Arnevv,801
jdereg,333
phdye,97
FatihSeida,311
WesJones42,10
SeanDBerg,2
JackSmack1971,484
ayjays132,280
cosmok,42
beurar,448
YeinsM,19
aibons,33
ayookoh,14
Albert0515Kim,7
noperson83,345
skhunDC,233
bapple999,109
pheduarte,1
Delwing,587
andreitr,18
AustinJR6,575
starleycarley,144
ademisler,155
bbeeken,738
cookclub,100
Lumorn,883
CodeNoLimits,20
tamnd,8913
VRhino,98
TirtheshJani,134
adcerny,20
PedemonteGiacomo,71
fizzAI,4
Yuhi-Sato,18
w0rp,18
tayjaybabee,35
b-vitamins,542
balpomorelitm,703
Patrock3,1
AMaestroG,1004
virgil-barnard,58
canning1295,119
Lasarikoo,24
markymark5127,203
m00sfett,34
Adri12002,1
zoedolan,291
karikari1204,1
Deefunxion,14
akigogikar,123
Vim-Karene,107
p-rusnak,171
gducharme,296
GuillaumeBld,13
edarchimbaud,49
Jorge-GD,36
gtlYashParmar,1
Christoph9211,71
houbird,10
RoyGSlade,49
joanmedina,6
Dyhrr,89
RVanDamme,7
eggyy1224,55
doublemover,852
alexnthnz,4
karellopez,170
soozoohunter,335
LAPrice90,172
argon-analytik,43
BeatArnet,182
imbshrestha,2
CyanAutomation,938
Arjex07,44
CoYoDuDe,173
DavidNart90,20
ianchughes,58
chameleonhead,50
futurediffusion,558
drewwilliamsrostron,502
avigershon,38
QuayeWorks,39
BernardinD,50
jaderiverstokes,69
pbeaucage,91
adrianosoaresx,291
philipbankier,3
dave-hillier,284
GoulvenF,201
al3dwii,155
Krrio,38
sslater47,17
BP-H,1209
LeonardDinichert,19
lopeti,62
Muzsy,201
KAMKEEL,79
yegorsokolov,96
Robertmonkey,196
itsspin,138
plein,22
NoahStoryM,16
SeyyidOS,67
jordyorel,378
electrum-bowie,168
douzils,257
JL-Bee,85
CynthiaArdman-Appomni,260
AlvaroSanchezGlasgow,44
WPamc,102
muneebhashone,1
alexander-ls,34
ignaciourbina,151
kynoptic,125
shane-moore,1
spldev42,12
KeremalpDurdabak,31
mattparisien,19
anotherDJay,10
etymology,72
thefoxlbk,60
cortega26,61
briangu,130
SanAppsMano,62
jairnhzedinger,65
rajatgoel,17
LukasMosser,23
karim-elngr,7
Jonmichaelpsmith,127
unclecode,7
grigri201,18
aoinakanishi,62
Torantulino,26
crazikk,4
DrMitchFlori,166
adpreese,3
popstas,186
Leznerr,189
Fifinets,45
Koiiichi,3
hari231us,202
waleeda,160
HouseAlwaysWin,16
lglandon1,2
mrjulesfletcher,247
Matyahiko,19
IDZorin,5
JulesMac,45
david-rohrschneider,2
ullas-k-prabhakar,6
coollpooll,1
kervel,59
Youdanshow,80
tanghang55,11
Tayler01,540
cornish337,152
manishjadli,1
Rello,127
tom-lubenow,33
moemeyer,19
fsuels,623
genetsen,4
JMK0105,2
Pmoe97,5
YinchuanHe,67
Goro2030,12
jsagir,2
lizardflaco,6
amanpsharma,6
Kanto0316,172
GOget42,7
fingerskier,113
esnya,288
DiscordGoat,495
shira-shin,59
wnzid,111
zXord,147
MinimalDevops,20
narenaryan,10
siddharth654321,22
Jonathan-R-Anderson,431
hu3mann,23
xvrcjs,96
ivelin-web,5
Chathudya,5
moustafaahmed365,2
DanteMarone,173
makimaki1006,224
dwhitlockii,19
tslab-fukuda,15
Clovis-Chatry,106
auditoryx,219
shio3ch,1
IceLab-Snow,2
tn369,11
andrepane,144
eddiedunn,184
bgosalci,202
Maxcherry11,238
michelwdaccache,1
laxroy,1
gegokess,14
Prypien,99
rcatullo,1
Len-PGH,5
mxurice-rm,3
JunhwiLee,12
MaestroError,15
RiskyJoint,22
AlphaCTX,35
FlarfGithub,51
i0mja,46
falobo92,5
ostepan8,211
ClearSkyDev,446
dylandhall,11
XinnorLab,208
amiralhafiz,116
Zivotu,200
CSLad,7
Maru-251,7
olegromashkan,299
KonstantinData,35
IskenderDev,27
Wal33D,195
TheTrueBark,73
orwiad10,60
irackson,4
Khemrazzz,97
stebro01,122
wallneradam,2
marcelviana,173
fjfdelahorra,23
jasonh0204,20
himandayal,1
lxndrrybakov,2
stemega,9
quantam101,20
PanTong55,199
akilmp,34
jiang666,182
diniodinev,13
ProjectsGm2,804
GeorgeWebDevCy,298
fjoelnr,74
Emsloan,9
Christopher-Schulze,1555
Fleench,122
ipergamali,568
jacktenor,68
builtbycorelot,200
brendansudol,26
hsuyao,5
duvallemusic,18
VDO87,16
shwanson,64
hwein,19
itsmarble,26
philippfrenzel,16
peter-pan08,48
Joreach3023,39
fardilk,75
junaidaziz,313
KiritoArx,83
Dabber046,4
Mukaram01,284
aaro21,73
zerofluxgiven,107
GimMarSil,150
aydiaziz,92
marzzelo,16
Robert-Henry-Campbell,165
carenaudo,130
orionasc,322
ClementSam,115
RedaSalhi,37
jimdc,66
davidyen1124,186
DavidKric,43
JuanVazEs,2
Denis-RZ,210
RaafatAlmasalmeh21,31
emirhan5589,6
majed1985,138
svc-design,150
AndrewDNelson,1
brainaxe1995,133
YhDec26,6
marcusglee11,34
alpacfer,44
Nero911-novice,2
vajayattila,7
anonyme-Zheng,5
modelzero-dev,2
tennebBu,4
gadelkareem,8
eldrgeek,44
Fnux8890,13
yumc-afk,14
luis-ma-m,196
st00mp,8
GameFunns98,17
GuoweiGuan666,3
m4rvin42,61
ionvante,144
NoSayMe,56
AmirrezaFarnamTaheri,400
LuisMAC2022,80
smorttey,4
bini1995,405
HydrogenB,107
mblinn,53
stephanysantana05,6
garbearrr,17
Wolfrine,78
KanterAlon,271
ScottyVenable,46
HazemBelal,16
maksimkfive,2
aspidov,38
ArmanPayandeh,1
Noty-chan,16
solveforceapp,24
leaseforme,11
mchosc,1
ZacharyLeahan,9
settylokesh,2
ericdunipace,4
Conman515,126
nuance,18
Funnypeace,41
ntquy123,61
zay168,26
dknewman,1
SDawson777,39
tomaszpio,17
jeanmolossi,10
bfendley,1
vikas-py,10
AmiyanshuB,2
harshit-jiit,1
jorik41,95
MPDzDev,255
edwinux,6
rafaelomodei,73
mh131105,17
sidsharma2,1
taryaalo,88
shimon23,1
BranDavidSebastian,259
andradeB,12
Adal612Git,85
MeAmarP,14
tayach,25
timdierckxsens,11
hardik-uppal,19
Ernest-NA,147
DrJsPBs,190
thiagoneye,3
lp-jordan,218
MRCahu,35
ctol3r,340
2804622326,20
BrailleGov,46
Sho-Matsuoka,23
claudiojunior-me,15
DenislopesAPI,9
rudyscoggins,146
johnoconnor0,100
hsraktu17,12
nhfish,88
qwy16,150
eisbaw,52
nSanity99,22
ramadhan22,323
jakehiggi,10
genesislloretramos,8
adamwalid64,92
suckee86,1
rionhunter,11
DeanKJones,7
jdpahl122,13
cmll21,2
edtireli,36
andyc22,23
Kiel1mcc,130
kareemshams14,23
NeurogrammerT,4
rokyed,131
SeneAlukard,53
gustavomotamacedo,117
dcherino,9
mashby1b,4
Chinguun19,10
kalifakatoos,5
Nach0t,1
Dmitriyrus99,55
softwareapplicationapp,2
oki2810,82
gitformannon,139
H2Concepts,85
curiosity110,29
atrevers,13
see-coding,4
bcstidd,22
ksinha49,307
chandraiot24,1
HamdiMokni,23
zHanyo,11
astrack,20
iarrom,13
Tommylulu886943,11
smola,1
Osneiverj,23
Ascoor,207
ChristophWally,57
SuperJMN,22
gilzeevi25,46
owhinata,20
inginddie,20
Yannick-CoursiersMtp,29
pragmatron,7
DamiGo,34
rickshf,81
fderyckel,3
wpoynter,194
chiranz07,108
BOSSZEUS,41
simonw,27
z0d14c,12
yashwantshila,146
naron-py,57
deepakmauryacs,118
santinopnp,44
heesane,8
matthewhurt12,1
toddkao,2
rictic,27
SheruShafiq,20
KhoomeiK,3
cnm13ryan,33
Pianot-T,42
dreperson,33
Rootkalilinuxok,113
Kadu1982,7
asportiello,31
Jechau2,32
shripathmit,78
jopruinelli,18
Amer-Abuyaqob,26
cazacubogdan,75
Gegcuk,1
MatheusDiniz-ES,4
CoderVicky23,20
Rato64CP,103
his-name-anton,13
odrobnik,36
bahramali,117
Psychevus,155
macmann,80
jan3zk,2
Kevni92,39
JayBuckley7,26
GabrielMenezesSilva,7
Grishmanpro,18
InSawyerSteps,4
molBV,145
Stefan8609,28
BlazingSu,30
k1muza,21
BlockSecCA,23
Fikretand,31
Mejia2890l,39
Rodrigo-Paiva-Correia,30
arnaudcrestey,9
JWPietkiewicz,66
AusSherro,10
NowYouTurn,1
Infinity-1863,5
godman-gomel,2
NikitaShevnin,33
ZhumabekovAlim,32
Ayraek,28
Beodepzai1,36
Cesi21,32
Valhamyr,97
saadnasir21,45
Kassemhichri,4
HallowGuy,67
bward96,21
konglife,12
bakerpdgit,12
Daave2,88
tdiderich,7
FlexLuthORF,6
NguyenHieu-class,158
starline,96
invine,29
joshua-a-jones,13
VanDalkvist,3
toastsec,1
phuxp17,11
Yummy-is-Here,4
TKG1005,125
Qbraem,86
memorasolutions,19
rolandototo,2
Alanbils,30
Gokul-acarin,1
guyleonard,37
froudj,2
long-910,2
gabrimachado147,48
jfahler,11
diegobadelli,6
jguimeram,28
sandys,50
jobellet,57
SoftrProAirtable,1
0ffG,26
dariyanisacc,102
cinprens,184
kuhdean,44
haoming-chen2006,61
gaspachoo,138
astorise,104
JDemler,19
calebcosta-research,7
dobbypr,9
FrenchFive,37
iarambula,2
Nevius43,3
eriontroni,2
EnsarOZD,2
AlienScribe,29
lucaspressi,73
binsieunhan123,1
KeeganBurkart,119
Metchul,1
abdullrahmanesmael07,2
plva,111
TarasMaks,35
rsathyam,62
Pallesen01,20
JacksonHenry16,6
ebobo,69
SupremeBender,5
Mavontay,1
thefaizanghani,3
Bobagi,43
machmetoglouiliaz,1
tcheeric,34
sysantonio,80
Cirh-izy,2
mike2153,24
ExecutiveOrder6102,8
suzyeaston,50
B-K91,30
samuelstroschein,3
sage-mt07,412
Gpanazio,28
edsplore,3
dbeley,63
DuckiesLove,510
arilonUK,13
wasnot005,4
WalterEst,11
tgcfc6,3
aperim-agent,75
bion0625,45
richgjaltje,44
sol-kismulet,172
veroniquesermage,7
thebankjob,8
Limblicious,18
AlexBomber12,309
kurtwilson4,38
marcosdatagro,1
LenCastA,5
dragontheory,42
anngaa,3
stepanpysarenko,15
darenprince,45
KenYu910645,5
guyeisenkot,87
rxtxr,26
Qjs,1
ochoaughini,91
almir1904,5
bendre90,2
benhook1013,1223
nfc-eng,14
urboi-jereme,35
terpasaurus-midwest,9
tekminded-git,7
Peter-Vanderhyde,2
ksubramanian9,18
dsmedeiros,252
R41z0r,398
Zer0ot,20
Galjoentopper,65
Dominoed,92
SoulArcher0507,26
IsraelMonteiro,5
narr07,19
jacobvoss,7
hyndex,252
tribecabrasil,83
balandongiv,85
dchayes27,7
dylanmarks,13
kosukemtr,28
h-sumiya,32
kavonk,9
tmddjs,17
MikkoParkkola,15
ericfromspringfield1,6
kraizerl,3
Vinizera-ai,9
hyun090305,63
Arman13m99,3
aaditya-cpu,3
Deadvi5,32
RavenKing144,4
Mohamedkhamkham,1
Zimster,7
kprimice,17
kbsooo,1
nevone-dev,14
Ahmad-Ajm,8
koadaboa,200
brandonfoster11,1
ure8562,5
I6BTN,4
prog-thiagomartins,7
pensadorresolvedorcortex,91
eduardo-schork,1
RohanBhattacharyya,2
maikimilk,38
charleschale,77
brianmichel,12
luperola,2
gabbya97,21
hu0810,9
thiago4go,3
asacco-97,9
BenoitBonavia,6
saguar,62
Carbonchief,142
brennon,12
Lars-Th,12
DanielT5309,3
towmasjan,1
engrahsaninam,8
fhederdos,5
theosanderson,130
Shiki0138,3
Awentzelza,5
davisge2,10
avonarret22,35
shoejunk,29
Ananta-dot,1
liammckie,27
AgnolettoA,9
daveweinberg,28
D8taShark,11
eferro,32
Serphios,41
vitar,18
MaciWP,114
ahmedhqadri,1
marcusheier,1
ReneGucci94,26
duracell04,53
gritzmo,34
samuel922,18
seonglae,25
msghik,6
krishhrana,1
hnanoto,20
martinsaposnic,2
iAmGiG,47
bayaireus,17
DannyMac180,120
martinpazmino,74
elias-sundqvist,179
ppriede,9
Cumragmao,9
reybeld94,190
devtrack,14
richardpauldev,17
lordfloofen,24
atendor,35
hexenseai,1
avenstewart,1
amitkedia007,2
inderjotpujara,1
yaegerbomb42,18
divanvisagie,19
jttd3v,40
HARRYFOXAUS,39
albertothe,89
nandojunges,77
charlescruzk,25
jkyleowens,16
bujnovskyf,16
MicahGold,3
MatheusT23,68
pavpanchekha,58
idontcare-dotcom,16
0zzyy,13
CapybaraWhiskers,23
UDP-Worker,53
achyuthe,1
giack891811,35
PacebDevs,1
stanis93,6
avivshaked,17
mads5,19
dannyyycodes,11
Bjonato,13
nicolasfischoeder,19
TwilightLilyy,119
zaneli93,6
NikaLuna365,19
albertlg,6
PCSchmidt,83
SphaeroX,54
CodeDidim,82
benpotts88,5
aguergolet,4
LukeFlood,11
peymanalad,3
ToubaSlam,17
1amageek,20
Lassudrie,50
origama,24
GauravKJha1212,9
Subir31,2
bad33ndj3,32
BoweryJG,157
guymoreira,183
Mr-LMN,111
Nihar16,13
glassesarms,36
Enochthedev,48
s-leroux,4
piyarsquare,131
txssu,13
arcmoonstudios,4
20M-ok,1
jtwiborg,15
sahaphakhun,12
yifeihsu,7
HikaruKubota,106
RichardBeukes,3
JoshPeckston,3
felixtrz,35
ramblinjan,2
EssejTobor,90
JustinEbert,15
marcheloalbis,3
rboard321,29
jlezcano4755,32
kwuite,84
nnlevy,74
diegoaranab,33
joeluskracing,82
argerioqsf,50
pedrom14,2
Krapic,5
biancini,4
nicolaslopezj,4
mpol1t,7
VetFusion,1
Bount78,4
Luehrsen,6
shanye-west,10
t3ry4git,4
ZombieGoldfisch,44
zackcollier87,1
MichaelKappel,6
jonhadfield,111
ziyu-wei,5
ashlab11,7
kuuhaku1102,81
nikkrichko,42
phamhungptithcm,52
kt-git-1,17
l23steve,16
parkerpettit,9
augusto332,93
Rennefeld,30
loicblayo,5
jeanmarcmassa,7
agerimex,6
ardhipradhana,40
dozenrl,8
warioishere,117
Daitbusiness,1
enhanceia,6
alex1yaremchuk,26
fredfrancia1991,12
gnudeep,3
archit0712,2
Kicer86,26
t38thomas,6
sragvisai,4
JohnFitz2048,5
vhmcaldeira,7
viniespuri,32
RockBanzai,42
tristanmryan,130
GB81160,21
jayasurya2126,2
Luna-leo,26
A00834245,4
rhammell,27
Livog,27
brainscourge87,2
binarybaron,20
gomez1112,4
kordybordy,3
folterung,32
JaJaMalikov,27
nwoolr20,2
MarianoChaves,84
gustavojavier7,69
endrokos,23
yukurguz,1
YanboQiao,11
DazedtilDawn,77
DragonJAR,15
HunterHoch,11
anssikaki,32
AniolJufe,16
TheQuietBlock,14
thotsl4yer69,9
guilleotabo,39
ohait,5
rrrodzilla,11
theadminautomated,99
ArturChibatao,1
HDLuckySlevin,24
cordmaximilian,101
dttutty,8
KenB-Good,15
mgr-tsc,1
ccrosssmc,1
omsaj,12
rogeriovigilato,1
olivermehr,12
TshapedAsh,5
dchinyanin,3
ArukalaHimateja,9
anbepa,37
Ppkeash,39
dodhiyaimran,6
FUJAKEY,20
Unzzui,11
mrWlyapa,1
SamiiBou,12
KnickQueue,4
tomasosarte,9
sbonacci33,43
chopinx,5
yuraakimenko,16
DominikTorhan,2
Juanpareja02,7
skyrabbit4,1
mturan33,1
proy30,3
SSLRI,6
Lekyaira,20
mahdi999-h,1
JasperSmitz,6
Dok100,26
araonballesteros,30
gipert,17
katsopolis,5
BrandonCasa,54
HornLink,1
jerryzhao173985,52
brendendurham,2
prasincs,3
satmihir,7
daydemir,8
kkyian,15
0xQuan93,10
Ajeybhat47,3
willson555,5
StratosInteractive,2
RuthySheffi,9
SirLovi,26
andrictham,58
Keylessboi,2
muffedd,1
samialkazaz,1
HumendraSahu,29
PatoCareca1,7
kirikov,1
HolySmokesBatty,37
gagepaynee,33
nikolaiborbe,9
thomphil,10
hannhub,29
MAR-SEA,1
amaarsyed,7
francoiscitroen1977,31
dzyla,11
alexfg04,3
leecoursey,9
mmarseglia,8
kwindla,7
Rarisma,31
own-boldsbrain,6
troykelly,53
netsi1964,5
smysnk,12
mehdiberkati,44
Mystc-myst,56
L34N07,23
FakeAICoder,10
Bionded,123
jmfranck,38
karthikmiriyala,1
nichii124,10
stb-srv,216
Thalles2811,3
ngyngcphu,69
mihir-s-05,3
gatolda,1
shuddl,14
samrogu,20
fchautems,32
matthesv,47
niclasj79,3
spyDuarte,2
meirhorwitz,34
danbrawn,16
Ventrtom,80
thiagocantao,58
tristantheguy,82
codespaceDrifter,5
CR-ux,7
gabrielciucaalbu,42
adrienZ,14
ykondrashyn,12
felipeporte,12
dexter1521,11
Honinbou02,4
SamPedley,3
ImpressiveTaste,66
Alialmandoz,1
tom-takeru,5
BaalOII,21
bitsofrishabh,7
Nickm1128,29
lukemad,28
emreutkan,9
janzka,5
pratimdas,2
engleek,7
toanpn,2
said-abdi-dev,1
daniel-nalbach,9
lenylvt,1
sivori,6
gldc,2
DenizOzturk95,2
pulkitkd,1
kmekers,2
satwikkapavarapu,3
Clovhis,77
jpditri,2
proton0210,5
Soynido,1
mvcancik,1
slavadubrov,3
EvanJ585,18
samkrichard,1
GGotusso,8
CrazyDubya,33
Josephrp,7
AlexanderGhosty,4
Arkaqius,13
lrobadey,8
shirth19,15
lpglinard,49
sarbor,7
ChintuSanty,3
1236Menchi,22
JakobFerdinand,186
geeknees,25
DiamondGotCat,3
ph0911,5
kanchankapila,12
itlinuxfr,11
wizenith,3
aoaochan,1
loken9387,31
tskz-sys,1
Nevio100,1
rafidsarker,1
AI-Hikaru,1
otrebu,14
DefoNotGus,2
TheTimothyB,28
Francis1918,9
spech66,1
Maxi0987,7
Raavgo,2
halilozel1903,113
naqibahbalqis-unimas,9
Supphaset,25
StreoCalibration,24
courtashdale,8
juneira,27
nicholasgraycryptcore,34
kelleyblackmore,16
cggonzal,105
tascaenzo,12
mnoergaard,37
merlins550,30
pszmagaj,2
nztinversive,9
shaun-harvey,2
aaaelite21,4
GideonDelta,73
SeaHogs,5
MagnaSoluto,7
MAYMAY0330,101
ebersonra,30
florian1018,1
Maxwell1007,27
HWeber-tech,5
gcarozzi,23
destefani,37
leacau,11
zred,5
Gorfonflash,10
maoxx241,7
Mihir3646,48
TobiaszMajer,6
daveqwerty1007,12
ganev11,12
dougcunha,24
Srideep,28
yzhang98,3
GaryOcean428,39
benbonddev,8
contractorwolf,13
kein3,59
niclego,24
chavideh,6
Draco3310,37
AliAouam,24
ammaarahmed,32
Zerohourcyber,3
Cesarin152,8
hphovercraft,8
Michaelram34,46
psande,2
CaetanoEckert,3
sahasand,23
mfitzasp,66
branles14,106
jaredjxyz,4
4ugusta,3
seiyuu28,2
apten-fors,10
conformist-mw,8
ahzs645,13
kunikunini,1
Dexter2099,110
DoggoOP,36
ElshanAbas,3
kekaiFB,3
ulrik-s,45
Domingo1987,14
VictorDeglon,19
MateiSapunaru,1
onlywhenpromptedaimeelei,33
TheNormanCoder,12
sjvangoor,57
DRGSolutions,1
scottmreed,3
cbusillo,45
metaSATOKEN,24
CYPT71,2
Rinthae,4
zolem,8
NMaass,3
ab2005,2
weeaudi,7
BrunoDesenv,1
JerNB,3
SwagCity007,1
x1f4r,12
AmudanGanapathy,3
GDelpo,4
minhquangluong,1
Jayk56,3
zenatron,1
pvillard31,1
RobertIonutF,2
Zihowl,34
oogami-kero,6
fn1colas,1
NorthCountryEngineer,48
AlliceRoyale,11
heshamrokaia,28
benweaver,6
FerDeGante,17
thiagocortat,28
webdesigneur,5
bnbailey-psl,18
hutauf,22
hamidul98,7
CazouVilela,4
foxy17,7
edinsoncs,106
YoussefElshaarawy,1
GuilhermeViana-22,14
Shark0214,6
6arshid,55
earthbound-x64,6
betteryourweb,26
bongseok-k,3
dfmwollin,1
Brum99,7
adriandestiny,7
Eclips77,30
Cyanmin,53
macanderson,14
future3OOO,51
beapirate,3
gbili,14
jwtor7,5
determo13,10
StuartLech,37
Stanley-Maloney,6
robertoamoreno,3
Orkun62431,1
azeemadil095,1
avegaraju,4
Twarga,1
gotfox,66
MugMugCup,3
NinadDhuri,5
Freston1605,28
fksontini,17
TechopsTTU,28
giampoborm,42
cptunderpantsmoons,4
jorge6194sd,12
swirepe,38
unsignedmind,22
AntonKuzValid,2
truebest,5
erennatala,2
TorbenKrueger,41
OpenGG,15
murrayheaton,18
ricardolamberti,46
cuba6112,2
darshandaglie2m,2
Nickolai-Brennan,4
gmlindustrial,21
jjmata,2
Ckemplen,10
maxkhl,2
fluorolotus,16
ab2028,12
akiko-keyio,43
alpozdarendeli,29
insignyx,12
akenkencan,1
Nini1015nirui,13
mrfullhd,1
Maksym-Tkachuk,11
Sorakinhas,1
Nicxe,79
potatozepp,29
dnshikhwan,1
penway,4
roce59,1
Matsermats,12
honepoli,17
JimKiriakopoulos,2
davidluz,1
Emilio20d2,32
gntrr,1
NohSeongRae,3
tf,9
CurtoBrull,3
elraffa,7
douglasmo,3
Aniket-pd,48
reactima,40
epic-serendipity,30
TheSenorrPomidor,6
LaverBen,16
stestagg,19
Rvmbrother,38
abdelhubinstitute,10
SajaAbuMaizar,7
tae0u0,1
Jriles09,13
riebschlager,4
jtbrown21,96
EliSchleifer,4
frdarya,11
markoldmark,2
Mickhat,2
mroziken,1
nachosmail,1
pyushmatania,37
adeeteya,78
moreira-m,27
Meltyas,41
pablo-mayrgundter,6
vanzan01,3
kualta,5
lindonharris,12
Davis-3450,14
omergamliel,5
dabster2000,16
wangxiaobo775,1
baalimago,19
amananurag20,3
Charel-G,5
lsuarez112,4
amrrizk95,2
StepsInsider,3
tarundewan1974,4
ergishasani,12
Yotomishima,1
BBerastegui,3
alaap-nair,4
shubhnsoni,7
ktama,9
sklivvz,9
m3shm,2
Arz-AR,10
MiFreBag,9
nixksans,27
Jokerman890,28
tjbakshi,3
DangQuangTien404,51
arthurseredaa,3
devinkeehner,20
rschkman20,31
DevAdvancer,3
wildanvin,11
aytzey,10
willkwork,24
szapata,1
chrisns,93
snwful,4
m9dful1,9
JDIVE,15
konkonam,1
rafaelborja,4
Xramas,6
christophe-alhalel,5
Krishna-Mouli,1
hida1211,37
bitlyfied,1
Esqueleto27,1
OffSense,3
GLyttek,6
Swastikbhat-lab,1
Valdarix,26
Saxe-pixel,29
joshua-lossner,20
mertunsaldi,38
bscolinos,5
raulest50,35
sachithraswg,10
TylerTrueHorizon,10
CARPIRED,16
frast,10
akiforge-lab,2
fxMaxI0xI,12
OrezriceWasHere,42
luispedro,41
yiwang0w0,50
massaa39,1
Fernandofarfan,6
DiRochaaaaa,10
MotherOfDragons999,1
bklosk,26
rami-guzlan,38
Dastille,8
the-moot-point,30
BuczynskiRafal,1
mbertolacci,9
anshul-kh,1
llajas,7
uhlitz,43
urashin,36
nagayukki,2
kitocole,27
dmnblz,15
reiji1020,10
ddevMetal,1
bgtyuh,2
damonaw,14
yjlee341,1
byvfx,8
charliermarsh,2
tani,60
hanswolff,29
baboment,26
hbrpaulo,18
khaleedbt,14
xGuthub,8
Cjw9000-py,18
Max-Burleigh,11
Ovando1976,2
ArturSkowronski,22
Votyer,1
LukasMFR,6
smartful,1
RaoufiTech,1
witchcraftery,4
ADMETechDev,8
mino20202323,6
Inno-ooshot,1
evanmays,28
joethequant,11
fugisawa,9
apku04,4
woud420,19
qwelrknlqwkre,7
MBillahsust,4
twoplustwoone,6
bcbrian,4
stebubu,2
goldarg,13
AimanAli314,3
valknw,25
luiscruzcwb,3
ngsaints,4
Kintsugi-Moon,14
SoggyPotatoes,27
rmcd-mscb,7
PereMateuRodriguez,1
CryptvJet,67
smitopher,6
Rival89,5
Sebasxiety,8
pineappletapped,8
dumptherain,1
bereba,4
MaciejRuno,10
s-zhang,22
Tanlx473,4
dantevatani10,6
bennerrrr,16
slaterlucas,9
techjoec,97
levigross,4
MarceloCas,64
Bretagne93,23
PSBData,3
cckssr,9
dpolivaev,2
ALX-STW-ICB,3
Crzxtx,7
MichaelSpece,1
niklas-joh,33
nikhilbadyal,1
brianwilliams42,1
myusername567,1
jeanbrianc,5
SaeBryxn,7
Wendelin07,4
steveant,24
ZinelisCendas,47
ensan-hcl,18
Sincide,27
nadavyigal,15
iobewi,30
tinnguyen03102004,139
rcesaret,25
voelspriet,17
Nellagration,8
mafatah,64
bugsbunny88,1
mdevans1,5
violabs-josh,14
niklasha,43
Jarred-Sumner,122
magaldima,1
ronappleton,45
Lavie92,7
EleusisEnterprises,48
Amlck,15
dev-pootaro,15
Bhirsh1991,13
Numberbis,3
feltensteingw,1
Isinlor,8
alanpdutra,1
papadonut9,2
guitarbeat,108
kcortes765,24
HenryRHV,9
carriver,3
emmmmmmm,35
Penkamichel,1
minini12,1
darkjenso,3
ragpark,22
Lavine12,78
cracked-sourcecode,36
sidewaysthought,35
jeremyschlatter,1
0xrinegade,3
Frooodle,10
cjerzak,36
fimenten,69
uebelack,11
JuanSolisCTJ13,17
yaserhadi,18
flavionorambuena,22
Pessidjo-Germann,31
aakashagg,9
Siganz,17
Mengsreang-Chhoeung,5
rtreit,17
nalanshi,1
NicoLa5Tor,55
rushilchittora,2
Kite1219,1
M1ght1203,52
israelmeinert,1
xtianec,85
englebert,1
mondotDev,14
Astro-Tushar,1
adrisongomez,26
westernbridger,42
DogManTC,6
ChrisTheSingularity,1
a-day-old-bagel,4
barr-m13,2
SaravanakumarR2018,21
brandmaier,17
adimov-eth,25
cdomotor,57
hweeks,11
daubners,4
olsonjac,15
iamluanem,1
zeblue,1
icebreakers-dev,8
saullocastro,8
adelaleppeltova,2
shyachi,4
MRoiban,5
MaxStrekalovskyi,3
NandineMpe,17
Antho40460,11
rahul3399,5
dipucian,13
aminebenkii,13
BamdadTabari,36
b-sarrazin,2
nkleemann,3
ManrajK5,3
jadaojoao,7
whoisanku,22
Cosec07,7
DolfynBrands,4
snissn,12
dangerousbeans,1
geislert,8
spencermacleay,1
bishopandco,46
temichelle13,8
thamrongr,7
MohammadHamidi,3
LukeHartell,29
dabass51,5
withNorica,1
oranrick,24
atamachan,2
Koraji95-coder,42
RahulSomaraj,4
ngudger2021,7
arthuraleite,13
eminogrande,5
gciullo,10
adamziel,3
Lipe-abreuu,9
thomasjteachey,32
jrcrittenden,8
scott-mcdonald,11
marcoaaguiar,2
Krishna-Maiden,4
dunctk,20
rickyktan,1
Beijizb,16
VinceIswara,1
T-Prohmpossadhorn,31
Nicolas-nwb,13
PabloOeffnerFerreira,6
tac0turtle,5
Heartran,9
aprendesheets,9
yveny88,21
asynchronous-x,17
thebigduck,19
kandarpbaghar,2
takec-market,12
lnittman,21
Saeed59sa,29
Jeffrey-Fazal,1
morihofi,36
mitokande,13
Ifabri31,3
NathanNam,16
HaiJing93,35
rahulthakur319,2
llaahh383,20
mursisoy,4
suaniafluence,17
connorgunter,1
hobsRKM,2
DiasCaio,6
naizo01,10
windar427,6
r3-yamauchi,3
t-negishi-iid,2
Sleepychord,2
donny-1q84,1
yi-ge,1
hosseinfiroozi,4
j-d-repo,1
Ahorucoms,5
olaya09,8
arozumenko,6
tavgar,47
fortunto2,7
ramhee98,6
michaelcozzolino,3
ayri77,6
btrofimo,8
nudadan,1
yapwenmin,2
mestump,7
tnielsen99,4
mkfindus,1
benitocabrerar,2
abela7,2
alexvinall,13
myquite,18
to-sora,11
mr-akkerman,8
EvergreenTree,4
kim-0x,4
c0def0rc0ffee,1
olegp,3
aniket-bluepineapple,23
artons98,22
skylermoa,2
yesminete,4
18LEDs,5
Digga-coder,11
Enzo-09,3
nazarov-yuriy,1
davenso,1
hedoluna,34
bodycamad,4
Chris-June,6
AaronBakerDev,2
petersmittenaar,4
tharisatac,4
Aniyear,1
Cahmoraes,5
cojovi,13
JamesEBall,21
Yoko592,4
furmandj,6
axo-mvo,7
marmust,5
ptiswitz,6
alexandrevcalmon,13
JuliusGruber,18
torion7,3
simon-schertenleib,33
weesunghyun,16
biancasivero,16
favrei,11
wdownload,1
cardseditor,9
AntonioRodriguezUFAM,1
zamorem,4
kachokvolodia,10
jkarlos9,7
carcelli,3
bachittle,34
kurosaru1984,29
fernandotremt,1
khatrishubham88,20
admin-onji,7
carol230,1
vasudevgupta31,1
JunusErgin,4
Ivista,1
urb4n3,2
fpoisson2,27
shahriarshayesteh,3
nikbiz,9
ColinRaine,3
JOHNNYMACONNY,5
abdu11aev-samandar,2
CommanderByte,5
hetp1104,9
dangdungvn,1
rusthero,5
moayad-khader,1
dcastillofernandez,5
Aakkash-Muthukumar,2
LinLin2055,2
SimplyTogepy,3
msawczynk,15
ludovic95240,1
dorianinnovations,93
marianocaruso-gh,6
CodySummers,6
pcorderoe,5
gely25,12
cam-rodrigues,9
irser-cyber,2
frdmoraes,1
MagikBased,24
abhi2013,11
ozcelikengin,2
project2501x,1
Markuspg1,11
Andesfluffy,11
dnslp,16
Engusseus,17
Sylvio3365,17
jorgeanis,11
AsoraKK,9
m3rciful,7
Mantinum,41
M0gician,3
Sn1ff3hr,41
Wiradjuri,2
arthurokonkwo,1
ccpros,22
andrea-ladiana,73
alekitto,7
sleepy-zuzki,3
awacero,8
samsonovdenys,1
valvarl,4
Wmedrado,202
domokato,21
noforn,13
sprasains,7
anirudhcmohan,6
MusaK2003,9
pchandv,25
elmagico70,5
danieleschmidt,106
daren-thomas,10
knagamat,1
cobycloud,72
markobodiroza,1
0cl0ck,17
CronusL-1141,2
yuncengfeihou,5
BFelipeJV,13
Krafman,25
umshere,8
RutterIsGit,4
kamilvmichalak,8
otakaaaa,4
TheThirdPuddle,2
ocavue,6
JINZO631,1
masalepri98,5
danweil24,2
laithaustin,4
lionelintw,2
omok,1
manizm,9
y1chu,10
barkleesanders,3
ferdinandhartmann,12
ShallIfy,1
matatiaho,29
multix20,27
ricardocmartin,3
HAChoresManager,5
m4tveevm,3
naoufelchahid,1
D1m7asis,11
marinusdebeer,6
TzJ2006,8
rododofarm,6
bitwikiorg,5
nicoaira,12
ravsperiments,31
FE4RR25,4
R0D3RICKX,3
carlockk,5
ok97465,36
andredtr,50
vmf20288,30
raioramalho,8
efatihkutuk,1
Medina23334444,3
ArnaudDeploiement,1
ViniciusG03,6
tbi880,2
nakrule,1
JuanCarlosLopezHortelano,8
Ilyatxt,12
jeremiemeunier,17
mingwangrrc,58
umairyaseen77,21
ashwinkumar03,1
janek559,2
gavmckee80,7
SigorMatt,1
arirattan,1
chayden,2
sustilliano,21
sbcpetew,1
dweiss89,3
arzaluz-chris,13
franco-anfossi,21
saraswatirajput,4
tomtyiu,23
kmead444,22
sdobbelaere,8
Jokekill,10
donghaozhang,46
danhussey,1
dmccolly,42
hyrumpro,8
TheAgniKai,10
VBWizard,9
mohitkhurana14,1
johstn8,4
IdaGeoida,44
mabbasi6,4
Dario-Fabijancic,1
bakshirajeev,7
azabicki,14
AntoinePaques,17
arjunmuralidharan,6
ZionDere2,18
Neilus03,1
sergeyshmagin,2
IsaacRB32,6
solatis,36
Ralph68,8
Dunnings,1
efekangunduzkbu,2
Jessilee911,6
AvvePavve,7
GooTec,24
brightears,5
ajfisher,7
michaellatman,12
artiomneznanov,5
yu-Yoshiaki,3
K-dash,3
pingfoo,10
hemati,26
SpecSci,11
yuta0x89,3
Erminator31,12
kauedelazzeri,17
hogsgkk,2
InnerWerks,26
juliphy,8
El-Magico777,2
chinpeerapat,4
ivanlay,6
Feiiiisal,11
akshayurankar48,9
Mr-Spike,1
lory0617,14
Teapot-protocol,13
OrderOfGhost,2
SchwarzschildX,3
micxba,3
sajal1405,23
Codelisk,19
antontranelis,23
Jensinjames,21
aphoffmann,33
brenorodriguesdev,1
Skadi0h,2
xenon007,5
jqwang2373,1
suguk1052,9
KumaVolt,6
20Dani06,23
bbceylan,16
chop0522,15
systemprojectsr,7
lemon-casino,24
tuncaen,1
samuelgomes0,1
Mostafa-Dya,6
dingyiyi0226,8
92lucio92,6
sphereofrealization,2
hzdawoud,1
cuadrantWorKs,1
PatricioBanda,1
thejus-jacob,1
chrismatix,7
anupam42,1
ChuckStrut,2
TrueValPoperty,2
cameronloveland,46
momoSfp,1
Satya1929,4
Ryugi62,5
gcmurphy,1
udaykumarbpatel,4
harleypig,2
aniellod,3
dlshad,5
vitalitz,1
joamag,24
Asymptotezz,1
fixus541259250,1
ErickEquis,12
sofanaja44,5
bwalowitz,3
Cefress001,4
esahie,1
0xshugo,1
croco-dendy,10
LounisElm,35
boihhs,2
leonardozaggia,7
dunseen,13
Caua726,1
promptadvisers,1
daikw,5
senseless,12
QuantumKeyUYU,26
chatbotfarm,1
WimpyvL,14
guoquan,9
Anonymohammad,13
danzone,1
AntonioLDM17,1
JuliusCesarius,2
ZDisket,1
MMAT15,9
ashikodes,3
ruslanguns,1
lukacsi,8
KeshavPrasad1804,1
mpatrajs,5
Eljah,28
fredfeuerstein19,16
Austin1serb,1
piratejet,18
gcgarychen25,3
AARONPERKINS06321,4
75py,4
dacsdev,7
youshouldstealthiscode,4
kodexArg,14
viik2k,14
AygunVarol,14
Joshieww,2
weisser-dev,18
cliffordrice3,7
oversightdolores,7
charanpaldeol,12
LaionFromNight,5
pabloriascos,3
ThanakornSooksumrann,1
mago0oxx,2
ctclostio,12
MuriloSilva,22
pierrelouis-cmrt,30
oma2484,2
hassanemad15697,1
zzstoatzz,6
LianaSempi,1
Ashish-Reddy-T,3
juanctr3,1
Observer7203,1
alfredoxee4,1
jmadera,6
pbidro,25
spodatelev,1
oj-software-projects,6
iilay063,3
KB01111,22
miscarriage87,14
zforninja,15
PutzBarretos,2
catnips5,3
John-Hummel,1
Garcia2026,51
Alhambren,70
gandis0713,8
devbyjonni,10
albrmar,1
J-mazz,4
b099l3,10
orbitmaxlabs,7
SrLombard,8
otanim,3
yonatan895,17
minsoodal,1
Iamkjstyle,1
SMalone16,22
aimuz,8
Frenodin,3
barbodmazlaghani,9
marianaavelino-rtl2,3
robotcpd,2
JWilson45,31
laksjdjf,2
WhiteByeBye,6
Itakello,4
alvec7,21
ChrisSC05,3
Roflz,9
vingiarrusso,1
carlorivera,1
amromeo,9
haadith,12
Gamazic,1
atkunja,1
tonylinpakkin,17
OleksandrLevitskyi,7
gorsing,28
cvkworld,1
LOGQS,20
702studio,5
ehsansoft,74
mareng2007,12
martindr,17
guillermo2002alb,1
ttiot,11
tsungjef,1
okz,19
slarson,34
Axel793,6
haba-create,9
robertcdawson,24
fernandomoacirxx,2
sremani,1
Juangache,1
agent6,55
kenbossy22,1
jamusaaron,1
akerikwadidi12221,12
muellefy,6
grigorii-horos,6
FedorSablin,10
alexcard3,4
mtndewv,2
teleologia,3
KevinW824,1
napetrov,11
phuleratribhuwan,13
EhDohWah,2
menuchabern,2
SnuggerG,1
meowkawaiijp,11
Inquizarus,3
SMOBIT,10
fluushx,2
jjcampis,2
ZeroVital,2
PCastro2001,6
gerabente,8
easter423,9
A2J2123,1
froyaguilar,32
erinkelive,1
AbdullahAbbas08,4
Damini5891,8
MikoFrosty,18
dreamiurg,22
cranesZ,1
yuramayer,4
HelpMe210,7
emirelci,11
felipelincoln,2
banana-hammers,14
nachosanchezsolano,1
rgs2151,1
fhcolaco,14
maimai3566,10
dacamp,2
Antoniox200,12
tinodev7,1
icedmoca,25
omercsbn,9
aljazceru,44
MorganBergen,11
trolleypoleking,30
kenta-ja8,16
nightowlstudios-in,1
takemasa32,16
NathanSanchezDev,9
GoalAssistPlatforms,9
ivandres73,4
wolfiejp,1
ASHIQKODAPPULLY,4
jessedmedcalf,1
TsungTang,7
sugata98,1
wemersonnino,1
aleksandr-miheichev,3
nghia62000,5
zpks,1
1012327963,2
pjniculqueo,2
matheusaugusto26,8
alexkrotz,12
joeskj,15
thecodinganalyst,2
TowsifAhamed,18
raffitch,17
EyalYe,1
yadariy,2
Tipikart,5
hmate9,53
nikiforosyoh,2
Luciano16-gif,6
frontierkodiak,9
vl43den,13
Jimmy-Mendez,7
cmpadden,5
gcazzola,1
666gene,6
Raleighawesome,8
MustafaKorukmez,7
iyheh,1
benjyongzh,24
EdharkSVK,5
jc30flores,8
cgewert,4
pranavagrawaI,15
nicfix,3
SREERAM-YASHASVI,15
5G-Cash,29
itou-daiki,4
Erzadon,8
aidrizi23,21
kawau1,2
excellentdaddy,1
jimaaa17,7
matt-auckland,10
Neil-Lin,11
rikokir,17
erikdubbelboer,4
LyncTaylor,13
momran2401,1
nmaguiar,10
1celestial0,12
kallbuloso,7
mggarofalo,2
Kajdep,50
datablazar,7
mohamedabd404,1
shamsikhani,1
1kimnet,16
yuta-maeshiro,11
RamirezDiazCarlos,5
GhayoorShan,16
achachraf,6
Ashon-G,4
Fatih-Sengul,4
RenatoAscencio,19
volvicpeche,13
alphasourceai,2
anunnakian,1
qbaines,5
linuxsw,1
rn-mnsl,5
ITDevTom,10
RickCarlino,6
v3new,14
Uunsaintedd,3
gianpaj,18
PomegranateBlue,2
uchcode,10
vasgg,6
abhilan9217,3
STZerok,1
Marc1190,1
all-upper-case,2
Mseymur,5
changkun,9
CDGodoy,1
tottsuki-mt,6
david-strejc,1
Yusukeotsuki,1
ronaldbvirinyangwe,10
Ahmad-988,1
vencatron,1
javierterry93,16
dungeonblaster,1
sayanth-sudo,2
mingardia,10
gnanendraprasad,12
unaisLearning,3
rfdickerson,6
abhichandra21,22
oaiagicorp,1
evandro592,6
edurler,3
dev-Kaustav,7
GaleasAndres,6
acsharath17,1
Harryszh,6
Kachinaco,1
HazemYacop,27
clagradi,2
yayy80,1
gabber235,16
alfonsodev,18
gimmerain4days,1
ozdemirci,44
kobiturgeman,5
MinaTahaei,5
jobansherkha1,1
CREWorx,1
brunsss98,4
buzzcyberpk,1
jaibhasin,22
Mohrimn,2
mohdalsaqqal,1
daftu,23
MetaBattery,6
rivabpineau,12
AnnetaDe,3
drittich,13
kasrakhosravi,1
whoiskatrin,4
joe-barhouch,2
natiddd5,2
timbms,1
jessehaemmerle,2
DevYongE,2
rxaviers,3
CEnnisgit,10
monlok-jolp,2
timedilationv2,7
nerdneilsfield,24
moldin,8
0xtuytuy,5
gurplelite,5
mynojke,1
mikiane,1
phystopia,2
krmaxwell,8
remyvnkhiemtruong,5
TimandXiyu,1
kmbisset89,2
timalsinab,3
riyapathania,1
anastassaoui,6
talhaayyubi,16
ErinConradMountain,12
sinayblumin,2
Anjaniputra15,1
sheibeck,5
vesxvs,6
johntango,1
Deepchavda007,4
pingwin,1
KasixYamazaki,6
amilanpatel,13
amitrintzler,13
demiv3,1
goringich,1
kirederik,7
wphotizo,1
vshneer,1
averiebackhaus,1
CodecopierGPT,8
knackrack615,3
ashishthomas2202,3
BenjaminHoegh,20
LikelyLucid,13
Nalberthdev,5
shceo,26
SuperMaxine,1
subpolare,11
nilarte,3
jasperveraart,5
Ahmetmelihdenizz,1
sassamahha,5
tuxpeople,19
ramenryoko,22
TueLindhart,19
mabaan,16
Airizom,2
karlmaiskiy,1
namig7,2
KyungChan-PARK,23
BigSlikTobi,15
sarega,2
hembo,4
ArthurKagwa,24
SAMIRMAXKING,7
Isaiah16161,1
Olyve,4
MohamedAymanZakria,2
GreatPyreneseDad,24
AI-public,1
pglebow,2
Gorani77,2
eirikssv,8
oguzhandede,7
ShadowOFDeath34,1
hjacauna,6
burakdagdeviren,7
Yquantt,2
REOLinturi,5
nekobato,27
Nikolasyuri7,45
rgunczer,4
et-hicks,2
EmilynnJ,21
svalessandro,5
axelfisch,4
mygeekz,4
yaashpatel,4
taskmasterpeace,8
Sciti,12
sahilphulwani,3
Tekknoman,5
chaichandra98,3
Siblon,70
retellretell,27
truposky,6
ProvaSolo,13
qb20nh,2
PastaSec,1
gyamamo,3
chrisking1981,5
boozai,3
Helpfulpaw,20
zak3123,1
riatzukiza,77
vsem-azamat,8
kuband,16
nevidomye,8
Nas01010101,7
willytheboy,5
ymcwiki,3
D0bledore,24
theusamaaslam,2
asantosc2,3
ITadvisorAI,11
shyguyrymakesai,49
ugden-unak,2
Dilshad101,11
hypnoglow,2
jasdball,1
steveruizok,12
janrysavy,4
JeffAbrahamson,1
SergeyNeroda,16
jahabe,1
Rogergrosado,5
Delpoo,6
GomesTA,2
donymorph,2
mrpointblue,7
git-donna,2
Amanshenoy008,1
bngomez98,1
thiaguiimh,49
RuthlessMercy307,24
christianmillar31,13
torchtarget,36
GeoTsak314,1
MrGoldSky,1
Ashvincool,1
csabourin,7
VitorCesarLesco,2
buqbox78,1
Boswecw,3
Adlai-byte,21
Ceccaroni,2
6039213,5
Barbarossa9875,1
Zabijaka-pl,3
Dram0z,1
sakettamrakar,13
yksi7417,10
axiomone,1
tam-rivasl,22
Don4telli,1
DanielSensual,11
Whq02,12
0xP1ckl3d,1
drubicondo,10
andy3ennett,1
q7314568,5
ElNaga,1
jonathanruiz0,2
lanish19,8
bnleft,1
BenDoesStuff,8
mcelrath,6
l-0-l,1
HelicalActual,1
iamcarbonara,13
mcgrof,8
s-anvar,19
learndouglas,1
vitormendes140597,1
HigorTuretta,2
soofoove,4
navalpablo,5
GabriPini,4
naenile,6
p-sodmann,15
SimonHalvdansson,10
Ryangr0,16
mjungebl,25
koplec,3
netrisk2025,1
MixqMo,10
Alby-Shinoj7,15
kuchenkodmitry,16
natbabo1,6
Justindgreen54,2
deepaksaipendyala,7
hugoshao,1
CBMW,3
Nech-C,6
spcbernard,1
Kyllerian,10
Daikouzi,3
ClaraLeigh,3
LeoMetasch,1
Jok0ne,1
ameshkov,1
vgaraujov,1
ADAIN,5
Yonaim,2
fcremer,11
harshag121,2
MatiasHiltunen,6
amorel,1
socradeez,3
dum313,22
fhddhdy37,1
MARIOJOSECHAVEZFERREYRA,2
jordymeow,1
valiokei,2
riko111,5
HendrikHeikes,1
flippp777,1
scottkrotee,4
JamesMcMurran,2
ah3243,2
asanahu,17
dennisVercauteren,2
judasbato,3
reisematson2,28
saadaltaf,8
martinsiljeklint,1
thurstonsand,5
philtr,25
NiTz130,1
AhmetEserr,11
lijujames311,5
Moewagon,7
nieprzecietny,4
BZ-PARIS,13
percynguyen92,11
ethanranalli,16
evangstav,7
kunaals,7
hasting7,10
zainabsial,1
abhas9,2
XupraTech,2
null-reference,15
ahmadalbow,2
lucerodamian88,21
chrisNodesCode,26
yto,5
raulcamaracarreon,1
Essentialia-374,5
pardeep198,1
shaqtee,3
levicolemagic,1
ernest-danials,2
GabLeRoux,5
NewsGuyTor,2
kaserrr,11
Mazfuji,2
Script-Java,14
Carlos5F5,1
LiTr23,1
yamule,1
ItzMeErnesto,1
rolfovo,10
AlexanderFalt,1
JPYang123,4
dajor,7
olinpin,3
OsysTeam,3
rafaelhaltarribaFacul,5
yosef-w,2
eclipse0922,2
codebuster22,1
fenilmodi823,5
NovaX-Luanti,4
Arcify,7
xhw1,5
ngonzalez91,4
rlancemartin,2
JhonOrtiz0406,7
femsupreme,15
elqniemi,26
latenightpraj,20
dinesh3456,2
nahuseyoum,4
prasnna,3
Cadtastic,3
lux-coder,12
Ischca,1
arockwell,181
rclavey,10
maycowmeira,1
yuksw1,3
felipenchagas,19
tsarev2709,49
Yopyop16,1
alexseward,1
theMiddleBlue,10
nWish8,15
IsmaSA,2
ycs-mb,2
MustangMx,1
chineis777,1
rafaelconstantinobugia,3
arionazemirad,3
kianniek,3
svilupp,6
chrisschwer,19
bgradecoding,8
FS123232,8
RodrigoHerrera18,6
hakanisback,1
AbhineetSaha,3
barthig,1
Captain-FLAM,5
jpantsjoha,10
csd81,1
matheusflauzino,43
Zedef89,5
andy08691,1
F4brizio,6
saiadityavarma,4
PalladiniGITH,7
rohansood98,10
ok2xx,4
iletus22,13
mist1985,6
jafioti,12
Zetascrub,19
YAS-SIIN,1
hong0405,2
shamsmali,3
zhaowei2021,2
TylerOW,2
SaveTheRbtz,12
john-macklem,5
tb454,1
BO3957,7
nickgrade,1
toan01072003,23
alejandrojlamas,2
Fujita0113,2
NorthLaneMS,1
zakandrewking,10
jarcoal,3
paulkoslo,9
ulasonat,24
ferhadx,1
fblomstedt41,6
Jonnysol,6
sajeshvs,1
Olichous,2
simon-mo,3
OMEGAZEROABSOLUTE,74
ryanbylee,4
le-cmyk,5
script-jpg,7
CharlesKwak,5
Ellevent,6
racket2000,2
trevortaks,4
ninja03,7
tamanyo,1
victorquinn,4
lineadicomando,2
HarryMatson,2
12kril21,2
rpdavid78,1
demarijm,2
esilver,23
dflucas,4
sirkitree,4
r0gig0r,11
sevenecks,8
Fernandezsx,5
solar-boi,20
DimitriosP99,3
fkoppe,8
HisKim1,8
ZorbaHerbalist,2
bpyFX,3
g12bftd,2
rakesh-vardan,3
VitaliyBorovkov,2
rsbohn,8
paperli,2
kacperwitczak,3
aurcsin,1
Century1026,1
chulbrain,5
rhanka,9
JarethCastells,1
martinbuchholz,4
mertsonmezer,1
Orbitoid,5
cokice,9
kenux196,4
imaustink,1
deliab93,2
petersonros,5
chotto420,22
sagcan208,5
DrDrZ95,2
ryan-a-bell,8
drlajo,7
RyanKennebeck,13
nathanbenaich,11
chicmana2015,1
eugene-ivanov-hash,3
cdolivergb,4
pedroldrh,1
EmilioBlacksmith,2
Napiso,1
jtlicardo,2
mihanik95,4
HaroldWrn,3
KhalilMohamed01,3
BrunoMNoronha,16
ojjj13,10
jobailla,1
daehwankim12,1
teckmin,7
wesen,6
iamkrishnagupta10,3
barryleybovich,1
canoekuro,4
pleachcx,6
GulliGeir,4
4Kp3n,3
devon-gosine,6
stefan-simonovski-damilah,6
harisahmed16,2
ssutton9009,5
InkyCyber,4
brian-tse,2
MinSeok1o28,1
valatwork,1
lrdj,5
matinmoqadas,1
dynamiterdx,1
kkkraven,7
BernaltDev,1
lyunya,2
diegoasua,2
bhoot1234567890,1
jewrix,3
pandamaske,1
elirangor,1
sujianleo,3
jjdlr-simiriki,2
abdullahgedik,21
noa-kim,32
thayronarrais,6
Knorzbart,2
EE-zim,13
AndresArguelles23,14
Aipoer,1
BackbeatNeilson,9
nhillen,11
gmckeen,2
darbotlabs,41
WingmanTrebor,6
dguerri,9
markal84,2
fuscoantonio,1
luminarynerds,1
NeelAcuriq02,5
sababl,1
y4z1c1,1
jddelia,9
darshanasbg,5
deanOfWalls,5
kemalutku,15
MostafaAbdelmegeed,8
jaskanwal96,5
mzhigarev,5
BrigDigital,2
darrellchee,4
trinajstica,1
LuiAr,4
JuanDaCespedes,1
TimKleindick,13
TyagoVeras,2
pacestefano,2
piermark,1
pippobaudo912,1
aseverns,9
sayuvel,1
nunoailiab,5
sstarkjr,2
blancodagoat,13
wpulier,5
Stephen-Odumirin,10
Yefym707,21
ShumaKitayama,6
Eipckz,10
UN7X,4
sikkkkkkkkkk,10
rgestudillo,3
kuronokurujp,16
siberianbearofficial,3
Valerio-GROSSI,1
caiomarcatti12,17
victorya-eze,17
mosure,1
mihaur,12
helzkelz,5
HACKB3ARD,12
DivyaRevealer,1
OrionFLASH,7
sumajoo,13
demigodmode,7
FlamesIsCool,4
IamJuglee,1
witcacy,3
westonbering,1
gospoddddd,2
ORPA1988,8
RadicalUser,4
liebeskind,9
recoupergy,5
SimFos01,23
koyama0318,3
randyjreid,3
ajuggler,5
liu-hanyu-97,3
kratosZeus040,2
PrestonHager,1
vinos-samuel,2
Ahmed-Abdelrazik9,1
huasipango,3
ithyme7,4
alentodorov,2
diginomad7,2
JJHerrmann,1
jeffrey12cali,2
rkmasiello,25
hhsadf,6
Pimzino,6
jgniecki,9
gabfssilva,1
lemonardo1,2
ysw1206,8
kesslerio,21
ChrisJP-Embedded,13
TaylorRogers,1
marius-bughiu,6
sstrange259,9
Navatej889,2
Sameh4bio,1
samarthpatel1289,1
Kazgul1987,4
AshishBytes,8
camachojua,5
AFigueroaZA,6
pugafran,7
Arunesh700,4
AAARGGH,17
ianatha,7
Nekodaisuk1,9
oliphanc,3
larayvonne,9
5K-bit,1
janschaffner,1
nathanielsmithies,1
Alxp1,1
nschoennagel,1
kumasura,10
WhisperAILabs,1
walidjlidi,6
bog-us,2
Gustavoab019,3
Ares-Sideris,7
X3RVUS,9
ChristianCanning,3
OliverZhaohaibin,1
antinucleon,1
fuch004,1
nivanmorgan,8
johannes-schmid,2
OmarAbdelazizMahmed,5
Ghostwillower,8
tbsxxl,3
ManuelBrunfman,6
NAEV95,1
ali-f-alfa,6
dezash123,6
beyildirim,8
beecave-homelab,6
dquarks,5
Emmanuelcsam,2
mateuszzeu,10
Minhh17,4
crn4tt,6
Georgesarkis,2
thisismelexaaa,5
automatedprofits35,1
Eetuheino03,4
hmertuygun,3
chrispvm,2
Imad-cpp,4
yasaisen,1
Explorer-Person,1
TestAndWin,7
mdaniyalumer,1
markalanjohnston,1
NayerAli,11
zoahsceadwian,5
phreakwenci,6
lumberman,1
Hizejake,1
Rival420,24
MathildeAreas,1
atcults,16
peterlodri92,2
web3-dark,6
THHuy,1
Supermaxman,18
tbmorgan70,4
nataliabernardo,2
VANTAecho,10
kaanchan,1
eahenle,10
pedramch,1
aapsi,1
tanishqborse,4
DrJellifish,18
DRJungOok,17
marlonsantini,1
Amal-Me,1
JoKerIsCraZy,3
SeelanGov,2
trmp,1
edumenotti,2
arturbarcij,10
sloppynacho,1
dyshes,5
Luiscadt,1
munishc95,3
saiko1991,2
prmoore77,2
leo88rthtr5,1
diegocrocha,7
abhishekG2697,7
romain-demo,4
quualle,1
eduardNeagoe,1
Jormanji,2
aryaherro,6
KamilMONTANA,3
Raven51O19,2
Paralogosai,3
Espositosole,9
mossan0325,1
giovani-dev,7
satoooh,4
onyx243,14
Saipasham09,2
mark19891107,1
joelwk,2
Bnordgaard,3
ronkuijpers,5
gatheluck,18
sbolel,22
sebastiankunikowski,28
gilfort,1
kingjukster,17
BruhLmao20,5
toropippi,3
HiHoi,22
decimalst,5
duke0815,1
Soofmaax,7
GonzaGomezDev,8
rachgmartin,39
senorrobo,2
nsahmed23,1
neochaos42,2
chrisDeFouRire,11
DinisCruz,20
rbalsJ,2
pberndt,2
lucasezx,12
Koro013,15
joosypigeon,2
suryanarayanrenjith,1
robjarrang,17
DobbiKov,5
Clearcoat101,4
ustaslive,10
ab1567,7
yav3,1
orielcohen,2
leoxile,1
Osminkin,1
yianwilson,1
jphermans,5
narimantos,2
AndreiPashkin,1
GabrielCirqueira,3
BinayT,1
oliverwreath,1
jonbng,6
watchout,24
samueltache1,10
JoeMelko,9
onedeveloper,8
Ricninja89,7
Leohayequipo,4
waikinw,8
p-wegner,6
elibowlby,1
matbrgz,7
akashseth,2
aoflaofl,4
Szyszek25,3
Grser,6
NathanSBR,2
thirt13,1
scardenast,1
suitzero,1
gaffathegaffz,2
blackpandachan,3
tanaypatwa,5
voidrift-os,15
smn-cds,9
krekiehn,6
7zk1014,11
TheArcitect,12
bchacon1,5
PaimMauricio-CC,8
luisguzman123,13
wangzhe,3
FRG-TakumiMorisaki,4
Ayumu-s,1
marcelomdevasconcellos,8
PranavCR01,2
FallenWarriorBound,11
sunraymoonbeam,2
Traybi,9
Skyspec,4
N30Z,14
Rodrigohtml5,1
bttb0209,9
jas34,2
tristanpendergrass,3
pratheebha96,1
Ashish-dot-wq,1
limberc,1
sakannan273,3
nowage,1
blelliott01,1
muhammedeminoglu1,2
KristianKolev,19
Chilolay,2
jimmyvosika,6
parkyere,6
takuminnnotabi,1
Dominik-Hagmann,3
fbarquez,1
kdy041515,5
SphynxCapital,2
ThomasRohde,5
nemakgregor,6
Radjiev,2
dodo91,10
shidemaro,4
PsHagrid,5
mnofresno,1
paulrojasj,2
coffeepenbit,1
12345OUMAR,2
PeterLurf,2
LGC33,11
hdelaforce,2
pmaojo,8
RiccardoWolf,2
de-don,2
serialkoder,2
gu-ni,2
waltdundore,7
loveyiji999,4
sagar241990,1
yusef22,2
abrahmelin,6
deel77,1
Tyler-McIntyre,2
dpalhz,5
realdecimalist,1
uakbr,10
amirsani,1
n-jagadeep,1
3dmikep-deploy,2
TejasviniChawla,1
sportline105,1
utka235,1
Mehdims45,4
sudoremove0,3
no9probe,1
nslnv,1
douglastofoli,2
carlrip,1
bombman,1
MarioFronza,4
justin-hale,1
GusToughSon,2
Rename22,6
miettal,7
antoine01000,1
LeanderVanBaekel,6
mrwillnelson,1
samuelstevens,7
ajarmour10,15
jonathanwilner,9
thiagoalz,6
kamithL,4
Derek-Florer,4
Nikolaj-Storm,10
fecia82,6
Dkell88,2
yangbooom,3
misteriusa,10
jberlana,1
bielpacheco18,7
alexandrev,29
eazyy332,5
shtamir,22
Felipe-Ma,1
goug76,6
cariandrum22,1
emaggini-1,4
kelvinmcneil757,4
ZaneFrey,2
jfcosm,2
lalalune,14
kaxil,1
CryptoAssassin1,4
FAeN399,25
plugin-envy,1
solomongana,6
adsinfos,2
NoSelection,2
JudysImpostorGame,3
Aryan-anuj-27,1
ahmad-elsherif,1
FelipePsik,14
draychev,2
RostykCha,3
tanushm31,1
tduqueg,4
davis-haden,1
Newlumberjack-sys,5
Andrewp2,20
mesocom,2
Infingardo,1
DashCoreAutoGuix,21
kangbeomjoon,3
calico923,1
diogomenezesborges,1
m2ix4i,10
MSch,1
mk3008,34
kevinschaper,1
cafferychen777,1
davidarce,1
cgm-16,6
tmscoach,11
NoritakaIkeda,3
jabrielcjones,1
book000,56
ywatanabe1989,1
imharrisonking,7
jefago,1
allieus,2
apstndb,12
flyingrobots,2
sakzw,1
S-Corkum,3
dcramer,21
sanity,2
linusnorton,1
tphakala,12
becky3,6
irodion,7
cristianvasquez,1
fredoliveira,1
TetraspaceW,1
krrishdholakia,1
aaron-hogan,2
h10hUI,1
Hunter-Boone,1
keatonwilson,3
ChaosKyle,4
DamianB-BitFlipper,3
federicociro,2
fasterthanlime,2
Copilot,49842
roninjin10,10
amajail,1
duesk-inc,1
ryota-murakami,9
korniltsev,2
aibix0001,2
qnaiv,2
ryanmac,2
thaleslaray,3
ikeniborn,2
kaovilai,3
dschonholtz,1
nullcoder,22
martin-macak,1
peaceiris,1
clafollett,2
mizucopo,1
MasanoriKanamaru,7
krhrtky,2
felixweinberger,3
rayners,7
tknecht,1
google-labs-jules[bot],4
ken-sheppard,3
l3wi,1
koyoriya,1
mjchaker,1
NehoraiHadad,1
purupurupu,1
petersalomonsen,2
haasonsaas,1
aaronsb,5
atsushi-yamamoto2,3
robcole,6
joshroman,1
bendrucker,1
jadamcrain,1
deeprave,1
bobharper208,13
mizchi,1
erichecan,1
SeanMooney,3
natsuk4ze,1
iWaraxe,1
oto-hu,1
yuuki,2
xukai92,2
gignac-cha,1
nshkrdotcom,2
abuzarmahmood,3
stid,2
rubys,1
htlou,3
aadishv,1
Pricepro2006,4
gfendres,1
geoberle,1
dyoshikawa,1
BumpyClock,24
bartschneider,1
kkj333,1
sml1323,1
p6l-richard,1
vidbina,5
legion2002,2
abdulhdr1,1
Saqoosha,2
natea,2
shaqaruden,1
michaelassraf,1
CryptoYogiLLC,1
busla,1
imadaitelarabi,1
nyukicorn,1
kkk9131,9
Shigakuresama,4
marcin85011,1
PatDuJour,1
tokoroten,1
PawlakMarek,1
yamac,1
rcourtman,2
ArtificialPB,2
exp-ouroborous,11
ddl-gabrielhaim,1
lisaross,1
phalanx-hk,1
aron23,1
moonWonka,12
ashean,1
aaronsbrown,1
sapientpants,3
hideyuki-ogawa,3
anatoly-chichikov,1
dhellmann,1
marklubin,1
ledmaster,1
skanehira,1
burakku,1
rickhallett,5
flytothejy,1
idob1212,2
vijaygvdr,1
tfsantosbr,2
bcpeinhardt,1
dragon-ai-agent,2
vidluther,1
mikkihugo,5
LucasWyatt,2
larnsce,2
istarwyh,1
yibeichan,1
Maheidem,1
jonathanhle,1
ViolanteCodes,1
jzone3,1
sreya,1
waltervargas,2
JoshuaC215,1
devonmoss,1
isaacphi,1
alexa-perlov,1
PythonFZ,1
tomohisa,2
DrewKimball,1
chom58,1
farmisen,2
ngdangdat,1
stepankuzmin,1
freshtechbro,1
teddylee777,1
korosuke613,1
jeff-atriumn,2
markc,1
olemp,1
noriaki,1
segiddins,1
devops-adeel,1
RanArino,1
ryanaidilp,1
ktsaou,1
jesperronn,1
Axfff,1
netecoder,1
reinici,1
bigpapao,6
ravikambaluru,3
aiman10,16
vonwao,13
OSCARCISMID,20
grvslv,3
FahadSalehAlsharari,1
janves,3
MARTIN-tibo,9
deltatree,4
macdu07,1
jack0406,6
tim4seedar,2
create-to-solve,1
Maxx2001,2
Markeljan,8
bsesic,11
abdulwadoodalali,1
nerdican,10
dmcqueen,32
sallushan,13
andrewvmail,4
Ucodia,7
rokon12,3
AsEnds,3
djosemi,3
greg-harrison,5
Brionengine,13
thaske,11
Jamn11,2
MMachado-uy,6
nsalvacao,7
Davincce,1
fernandoseguim,1
cdryampi,8
dani-b-g,4
Katrin-Pochtar,6
filoblacks,3
babakmodarresi,5
paijowes,2
MikeZhang4951,6
sanchojaf,5
ProjectNodus,6
newpatriks,6
brianlespio,3
dayjobbob,1
RomualdNiss,1
Enzx,3
jinmel,23
abdullahbasci,2
fouur,1
ematobi1,2
xang555,9
darrenoakey,6
Smack11111,10
jasonLaster,6
alimuratov,4
valerio13,4
Jazzstang,10
duinzaghi,2
Yummyfudge,1
LHAMNS,10
bmagondu3,5
HomeLabTec,7
PhelipeHonesto,14
Bheringziin,1
dr-basalt,1
RubenKelevra,2
siraud002,3
bustrama,8
cameronash,1
wnagai,1
CarlosPiovesanJr,8
robomonk,3
Rumolaner,8
meibujun,1
yukiny0811,3
shinji-yamashita-smprivx8,1
spiritlink000,1
Daku-on,9
raatsja74,4
riquene-n1,2
JoelJaison394,1
ssk42,11
bho18,8
cai0duque,6
elliottminns,1
silveiralsv,4
rkdtjdcns1,1
Vanshaj-7,4
cristina-a11y,5
santiagodsm,1
BiancoMat,4
rbrodsky-dualenroll,6
arielectron,1
KhandokarAP3,5
tunahorse,2
syachi55,10
Kay001050,7
rostamzade74,1
JeyrellT,4
jeanortiz02,1
wgres101,2
Toxicjack,6
congroo21,1
ibbobud,1
k3njaku,4
nharada0424,2
DaveLuhman,7
calvarium,8
8806667653,2
v1v2v3v4v5v6v7v8v9v10v11v12v13v14,13
Maatary,2
crchaves,19
0ta-mjn,1
DennisTer,9
AAKK00,3
matnet,1
jrgamerdude,2
Overthemoonzz,2
nguyenanlc9,6
soncho-shiba,5
arazz90,2
DrewCam,7
nikhilvijapur,1
fbergen,1
perschulte,7
ludz007,6
varunbiswasgit,7
mjf30,2
ikeisuke,3
richardliang,3
ogamalx,2
viniciusmesti,7
yatoropov,5
RexBaal,7
ben4mn,1
0ex-d,5
jhollan10b,3
wei,9
RobotChicken97,12
qtvhao,1
garethpaul,3
Saf0,1
DanilaVilkov,6
ilo80,3
quentinriga1,9
jinopapo,3
oscarGtz86,1
EliranAm,4
Diegoestropini,15
MaTriXy,5
JGZimek,5
augusto2501,2
RomanVarenyk,4
emanegurre,9
parhamfiroozi,24
Nukelon,3
smerlos,8
im-marcosv,1
EggnogII,8
Renish23,1
satishH2N,6
BartekTenerowicz,2
khoadtang,26
corneliusroemer,8
sergiomarchina,8
jtuttas,6
xinranhe,7
chenggouA,16
ArmandoCValerio,1
TinyAxolotl,3
yarus-dev,3
alissonrh,1
saar712,1
Nandu064,1
LauraBoemo,7
ajraduenz,3
soudaniel01,13
yangmh66,5
guptachandresh,10
Hollings,1
VladChyzhov,10
CarixoHD,5
Subgor8126,1
zsystm,2
philpereira,6
ethanserpolet,2
fpereirageido,1
deepakshankar94,3
sacha-levy,1
drwphi,12
matiasoviedo28,2
abrahamolverad,4
thaiquanghoctap,1
jet-132,2
zaycodes500,1
Tedngoye,1
thchara,10
ktsu126,1
aashikam,2
Rateur,27
dominicdawes,2
MATTYGILO,10
paulerikf,1
yamenmarquez,4
anursen,1
vietthucgoc,2
Diego785xd,1
wiriestbobcat,2
objval,5
kx2471,2
ElRobaMichis,38
schoonercg,15
jessfraz,5
MyManAy,7
lochieh19798,4
lsirac,1
walterjose4,2
xajas1,1
jash90,5
skenney211,13
cskerritt,7
jdfetterly,2
bitbacchus,2
NomosRUS,3
LeonardoRyuta,5
PlumbMonkey,15
domsmith343,8
yehoon17,2
HeribertG,3
Sivamani-18,1
cuomor,2
carloscousin,1
arashlaghaei,4
jacekzzAv,2
gsing120,3
amirhosseince,2
brasVap,6
DrCBeatz,5
cleitinsz,4
goubera,22
TristanWolfram,3
akiraKido,1
Uk-I7,5
ponindino,5
vu610,4
dovudo,2
a7meed3lii,3
clav1stech,4
rsmetstest,1
PiotrGNN,1
possibilities,12
BharathVasireddy,1
90sCraig,4
drewskidang,3
satvikkaul,3
jaeksmith,2
mannandeep,14
melsagh,6
LuigimonSoft,7
ekinbulut,5
Abdul038-beep,1
furkaneryagan,1
Adambish67,3
prakul1982,5
prasaadk,12
rodneyg,6
aryanatray,1
Thinh127,1
DonDraper23,2
BidhanRoy,1
Tomershaw,1
code-418dotcom,3
matthijsknigge,1
sureserverman,6
markoaherrera,2
McVladi,1
RaviTejaKNTS,11
aloshdenny,2
CHRISTIANOPAIVA,3
jonathanmorav,1
quiezent,4
dekkmarsvin,2
shahca00,2
dallasmorrison,1
KeithG33,10
Hemishahuja,12
tgyka,10
tapanjo92,9
ethtri,3
LeotheLeo02,5
yshengliao,20
stefanmuhlack,1
widjis,17
janofari,14
l9458358-sudo,3
Vkeisler,3
abhijiths1998,3
NauziX,1
mhodgesatuh,16
TanishqK27,1
Dilan797,2
JinlianWang,5
virtextoo,3
Izaiasjun1Dev,1
Pietr00ass,1
aviz85,5
flencrypto,4
futuresyn,3
sbaghba,3
demonicmetalcs,1
abhisheksdtu,1
dungnd19,1
Joshhong30s,4
minseoi,3
Gpapas,3
matin-deriv,3
dominic2412,7
lostdev11,2
IrvinEdgarSmith,4
guoh27,10
Ve-Va,1
raphaelhendrigo,1
aunitz,2
benoitfauve,6
netsirius,1
Msamy12-dash,2
Jechky,1
KeyleXiao,12
jgarciadecilion,3
thiernoyunus,6
mishramohit437,1
pelsmi11,2
caelanhuntress,1
RaymondSalim,4
codescooper,1
studphc,5
The-JuggIer,4
fmoezinia,2
creaitivelearning,4
joaoavf,2
denson,2
dciborow,5
rdwr-zvikaba,1
evansarr33,6
atahalicioglu,1
DanBennettUK,2
cristinamudura,2
Gerlex-Core,1
Aashish-fynd,24
elrichi31,3
billedwards0123,2
dalmasjunior,2
AlaeddinDE,2
jakerains,22
revandarth,3
benbroner,2
gregsemple2003,5
venerated,2
augustomorais,1
Echo9k,1
cjam2,2
bnn00023,2
Awaisblu,1
AtharvaSin,5
jmarti-ops,4
jshe2304,1
rtucat,2
nroctopus,1
CSerVN,2
zPeppOz,1
agishan,2
omni-robin,5
samay58,3
sidmohan0,5
dionisvl,1
krishna-gitthub,4
asolopovas,1
itspaspas,1
samhavens,7
saschaSpoonbill,2
WhrTvT,3
PabloValencia14,1
bradleybossard,5
zetzns,6
akashsharma95,2
zenoconorart,4
KludgeWebInnovation,19
mpc-f-oshima,9
zeeb0tt,2
yashbaviskar01,1
Tanvir284,15
rolandschellhorn,6
akd13,2
AlvarezLopezAlberto,5
fenglang918,4
Multiklife,1
Xotabu4,3
esqmarco,5
s16040,1
TendsToInfinity,1
afdelacruz,1
alexbajo,1
josbailon,3
gabriellimma,5
haramrit09k,9
evrenucar,17
dzbrody,1
jackgladowsky,1
JohnWalker990,7
tudor-manole,1
dxmaptin,3
vcz-Kitty,1
kawahiro39,1
dwisyafriadi,2
makaronz,9
royzxje,1
Do17032005,6
cedroid,1
HuyN2105,1
evmani79,2
jayalabaez,1
lidorbenhamo26,1
ironwheel,3
spacemansocrates,5
AndreaCombette,3
maderix,6
qgzhang,6
foxgit25,1
mishaque,1
mihalik,6
andreferra,3
Franz-Fischbach,8
TeeHutchens,3
ala-jaidi,13
VPRamon,2
jadhavakashofficial,4
RyoK3N,8
SteffenGundlach,1
Thygaviao,1
EnzzzC,1
montana2ab,1
JPL-Git-Hub,1
lspinheiro,5
tssweeney,6
MLResearch42,3
giacomoguiulfo,2
mattakamatsu,4
josephgitau,8
terenzio,1
NikhilNayak-debug,4
sky1core,2
cx0,1
dahuang8,1
rudra150602,1
chrstphdm,2
suite-revolck,7
rkdixit96,1
kirill-markin,6
mode-mercury,1
bseb,1
Migue19ve,1
alinianitchii,1
oledjo,1
henrypham67,2
flaviocarvalh0,1
zxul767,7
aliuyar1234,1
adarshvinodan02,2
arximus88,1
Nikovash,6
pinglu0000,1
GustavoHennig,11
mohamed-arabi16,7
grezxs,1
Dankusufro,1
emote1,1
jterrazz,2
DrunkenRaccoon,4
ludovicoruggiero,8
phpianmk,1
TomKoska,3
luisvid,2
ash2d,7
TomSumner28,10
TokenManiac,3
BusinessDynamics,1
EncryptedNomad,1
ilkerbbb,1
RICE36a10,15
MeindertN,2
gmariakakis,10
banrod,6
Mogreine,7
m0370,5
JerryHelmets,6
PeterGracar,5
StephenAlf21,4
rafaroveri,7
HadyCloud,1
andresparraarze,11
egor-xyz,3
eulogioqt,3
lefoulkrod,6
srivathsaan,6
ph20,1
nanashinashi22,1
billzhuang,2
invotyxweb,11
qo1598,1
jwhiss,3
biggraph-ai,16
dobler1988,1
oocjh2000,1
trevorswanson,8
rajilpatel,2
TTomilin,3
bl4ck0ut1337,5
coj337,9
yamamoto-cpu,2
j-a-pope,7
rblake2320,10
ZOMBiEZ4GIT,11
tolibear,2
aaronxcuevas,1
Ridit07,3
cfakhoury,1
J3l3l,4
wordpress-developer01,1
collet-david-pro,2
Arthurmtro,2
trazhub,3
Corvus-inc,1
mikejoseph23,6
soumens7,5
abohovhannisyan,1
ovidiubozga,1
PabloRey42,2
TufanCoskun,1
zhhsng,1
AdamLubinsky,6
PORTALSURFER,8
cipher982,3
AntikGhalt,7
Mocoloco461,13
Mihonarium,15
embra1,1
delitamakanda,11
BrianGiannini,4
GlowLowNL,5
LisaS7,1
vypaar,1
hank716,4
nikhilsearch,1
onlybets,4
lyqht,8
veranda10,1
Travis-Walla,3
darby2025,6
ooluwgb,2
hubert3158,5
BorjanEch0,5
shebanow,2
CatScrap,4
Loringtonian,7
gonzoblasco,7
viccharp,1
tobiaswildezahn,5
rpraharaj,5
hinskip92,10
denidandeni,5
czgdp1807,3
Scisaga,9
TrueNight,3
papuza,1
Krutik4,24
IamTerrance,1
mostrager,6
hoony3000,1
pbu80,4
JuanERombado,1
xavarius,7
yangjinn2050,4
nathanlane,2
SolarisHash,1
zhupJames,6
meganejuku,4
ngphats,3
m1s1da,3
dotani1111,2
sspedowski,6
Shar1q-codes,9
fakebizprez,4
GOTXE,1
tonysavon,1
somnathraz,1
marlon19991,5
tinginde,12
Jhayro1,1
lukaluka,5
JoseVegaPro,2
maximiliamid,3
fabian-fuentes,7
Epceon,1
ezeqduarte,4
H7ans,6
toesca-dev,1
Route-Reflector,1
langfordw,4
Liorian,2
nexost,1
jeongho96,1
zzfz1,2
sarshenm,2
chusanapunn,1
depiro,1
jiracipika,1
BigVISION13,2
ednybracho,1
tungbui198,2
KR-JasonLane,1
cornelius-codes,1
Badri467,1
pohlipit23,17
dgllpnv,4
KripKrop72724,19
ethanhe42,1
1Twist,1
Nagesh9890,2
kenpachi6280,3
shaboomi,1
amihai-beniluz,1
Fadil369,2
tomeksamcik,4
ARCONSEIL,1
stedgelawn-creator,7
lorn-jaeger,3
theminershive,15
ne0ekspert,11
Ajodo-Godson,4
KenzoBenzo,1
SamRamirez785,4
nklasb,1
ErasmoCR02,6
bdotdub,6
Sahnonman,3
deshina25,1
fasterinnerlooper,11
alex2kim4chee,3
mariamatthews,2
pfgithub,5
gustavoguichard,13
ingnoon,4
rodrigodelatorre-ai,2
Sleeckx,3
antonelli182,2
JediWebDev,5
alex-macedo,5
flyingmars,2
snowmois,1
tinoschroeter,2
ewinnington,2
SEOHEEMIN1,10
smit-patel1,4
nicolas-goyon,1
Noorkarimi,1
shitijseth,2
oxidos,2
chalres0612,1
TrygveRefvem,3
dev-alversr,2
johanmorenolds,1
bblodget,3
alekrodriguezresume,1
scanhex,1
Lu6fer666,5
smudge,2
turanisl,2
jperalta2202,2
rrmudry,11
san3Xian,5
alexander-cheetham,1
JoYeongbeen,1
echelonagents,5
leechihchi,10
Kaherdin,3
pcaselas,1
adi121193,4
HarleyCoops,5
sidhantverma,2
Nelluk,3
mwamodo,8
rikenshah,12
KLproduction,6
kadryigt,1
mike-rambil,2
andrewmcdan,10
marcusvvm,6
Deepakchuru2000,5
tefkin,1
maoderos,1
tagoso,2
PrimeTime416,2
indiana2021,6
metaproxyco,6
Olionocode,1
lhysrc,3
xlyytcy04,3
yshyn-iohk,1
ferdarcie,1
ryanplitt,6
mmartel86,1
Josssiiiah,1
ankitnaik177,1
farhanmansurii,1
bblevins721,3
mab1998,1
dfelipegaitanh,1
ajsoriar,1
sarperyn,4
cristhianchimbo50,1
Lukka-gs,5
ashutosh-dwivedi-e3502,8
Debugger-15,1
TalkToMeGoose,1
Vakarux12,5
herringvoices,1
snowshadow,1
trungdoanhong,1
beaslay,2
jepachecoam,1
ryboflav,4
telder55,2
JustinD-HNL,4
aestwick,1
Zorkats,4
DaniEC3,3
sriramvaidyanathan,3
micon4sure,2
Bryantad,13
okihara,1
apchau,2
rubendewindt,1
AmineDNET,1
AndrewBellGPT,2
pi19404,8
mrleonardobrito,1
kit1132,3
Cornil79,1
73410,2
Soulhacker86,1
joalausi,6
Telahair,1
Thrumbar,1
r-vasquez,2
sarco3t,3
Epsilen31,2
Ephelis,2
M0hammed-Gamal,6
joaomede,9
rpjorge96,1
checksandbalances,5
Fizz-Wang,2
Dicv987,3
AdrianRA-Tij,1
gordonliu2008,4
engPisa,6
eminella,1
cengizhanae,2
LucMauees,4
momeemt,5
MartinXPN,2
RobKoelmans,1
L0udy,3
M8N-MatanDessaur,2
muhasaresa,2
Nexuszzz,1
YeoYL,1
grbovic13,2
BryanMorfe,4
l878waw,2
dimsits,1
hqvjet,10
lemilio1,2
simonastrecanska,1
seoulrebel,1
yehohanan12,2
FilipreyAndrei,2
heinwaiyanhtet,9
annavanwingerden,6
mahdims,2
MervynLudick,3
abuiles,4
SepineTam,5
Fr1zyk,2
Kvilt1,3
shimanagashi,1
santimc98,2
homura10059,1
crisedulo,5
jpalanco,1
PatBStream,4
MARAKELLE,1
imthed2,4
eobrunodiniz,2
pdfractal,1
Raad-Meryan,3
simon2432,3
mmacy,3
AiLang-Author,8
eminmeydanoglu,4
suhajdab,5
IanJunji,3
vaporic,6
CyberMameCAN,3
Guido1Alessandro1Trevisan,9
ejacques,5
marcelluseasley,2
S0-1R0,1
hirunegao,1
jamosport,1
daniyal-rahman,2
Brandon12209,2
thecharlieblake,1
jfharris67,9
lemiesz,2
chris-donut,1
Muna-Lombe,1
jjboi8708,1
Ch4r0ne,1
Markowes23,9
HANSKMIEL,4
DCaraballo-design,1
ChiehHsinLiu,1
nainikakhanna9,1
luciancurteanu,1
handsomegato,2
DMEvanCT,1
ncls-p,2
nnocsupnn,2
fruch,3
beniroquai,3
agungjsp,2
chaoran-chen,1
AuraFrameFxDev,2
HyperLee,8
susemahesh,1
sanjay7178,1
siriusnabr,1
RakeshRewar,1
balakreshnan,2
subham500071430,1
nouxoid,1
GenghisDarb,1
jamesmontemagno,1
mau-ricio,1
ahacker1-securesaml,5
john-ipromote,1
billlzzz10,1
SmartPiglet,1
bennyvw,1
jcpsimmons,1
lanlanlllma,1
danhellem,1
TheAVCfiles,4
collide2954,1
CloudColonel,5
thaiha-hub,1
prayashindol,1
tristanpoland,1
gokulramanaa,4
sohyunsung,1
jidohyun,1
f23783,3
JanManikowski,10
rebeccapowell,8
laurentpellegrino,4
Kodeks89,1
MatanShine,2
MysterionRise,7
leyendanerd,4
culpur,1
RMac0001,3
siegeledietmarfhi,5
jeshraghian,1
LynJuice,2
mezbauddin,1
DuckHabar,1
kenobijon,1
godofthunder8756,1
mcbill,12
poewer,1
BertCly,12
a-makelky,1
26blevine,10
anatol21,1
487-ctrl,1
LinearParadox,1
komsky,20
AlpineKim,3
Morenazzo,2
Ryan-Rong-24,1
MasaoHasegawa,1
Mita3055,1
EdineiMZ,5
pathompat,2
creanavi,3
Hir320,2
guilhem-,6
Garume,5
MatheusTerr,1
dreiundzwanzig23,5
JOrozco25,2
kaylai,3
ExceptionalJPB,3
ibitar,3
azmeister,3
Nurs005,4
nkozmoyan,1
guialvesmartins,2
Aneekuttan,1
zhtttylz,2
WPAGI,6
YarivHashaiComet,2
acebonkowski,1
ngcongtin,1
D-Diaa,2
hseo0928,2
muqingyu666,3
OzoneAsai,6
mapconcierge,1
abhinavtech,6
VLBorb,5
GalusPeres,3
broalantaps,1
univcore2,2
amanthesharma,1
AshishKalidas,1
MrOrangeUS,3
absalem42,1
mounteverset,2
bacemkarray,1
CodingAce99,1
itaprac,4
Louisomeg,1
lopatoid,2
elisecarter,1
rcrades,6
pderks-eth,10
mramprasad007,4
ppvaladez,5
orlenok777,3
sunzhengqiao,12
robzjr,9
notlikejuice,9
IvanAmorim,5
Kimsy99,1
realopjt,1
Amantux,4
jayhines91,2
electricessence,1
Envel-Nikita-Gutsenkov,1
la3lma,4
arditlleshi,1
Kievkao,1
benataylor92,5
PeterReisNyman,12
AmFearLiath,1
egil,3
Vladigalkin,1
DickerName123,2
NickHodges,4
danestange02,1
rikoabadi,2
othercriteria,7
Galdum,58
Prajan123,2
fxeeo,1
ehoneahobed,69
theandrealop,23
braedenc,4
ALPullaguariSW,10
lislmcguire,1
zGabrielR1,1
hidarameen,29
charith0901,1
erikwild,1
m-alfred,1
moralapablo,2
manuamest,3
vinodlearning,1
emson,1
ejohane,2
Taboneluca,1
himanshu-initcoders,3
mdsabbirkhan1,6
shamanthchandra-yb,1
hanahmily,1
xuesantain,3
wws-test,1
EvilEvan,46
shrytc,1
oscarka,23
rainight459,5
yuyuyuyuuu,1
dsnme013,1
LingC2001,8
ih-tjpark,1
bsamson01,19
tiagovilasboas,9
geardici,5
espin086,5
NadiasWink,1
LIHUA919,2
reetam-dutta-24,1
badhusha618,27
e11man,58
hiboxa,1
IamCamor,2
DavidPiazza,2
lukekarrys,5
cohaaan,1
BlakeSec,10
lawmbass,33
DA0913,1
OpenIntro,2
hretheum,5
0xJem,2
manh26x,6
asloob13,2
RostyslavDzhohola,3
Mkolhar,2
Srikyz,1
Jharilela,4
free-bad-Man,2
spencergrantkyle,7
AvivSela,7
thekzbn,9
Shwetarokade,11
Billoxinogen18,11
matt-edmondson,6
Sallysedkey87,1
alastairong1,24
Saurav-Nepal,1
AbhiJeetAaNaNd2004,33
Mohameddeik,1
Saaniyaq,1
Chandan72,3
vaxann,6
clausbit,5
girisa99,8
hossein-slt,1
ok-web-4209,3
yellanithin,1
Kirch77,1
dosidat1503,1
tsalla1,3
saxdyo,11
Carlosmicael,3
agentnomad,1
yuiliangchen-shu,1
shafeelahamed15,2
Haskz13,4
amouromar,1
omkarganda,19
bgkittrell,50
MarcinPlaza1,2
LoganZechella,1
ShikangPang,1
DrivoireFR,13
kuailexiaopanxie,3
Fonzi81,1
otomatty,13
himanshukadian,1
ShailendraSahani,1
s5935512064,1
jgptkirann,2
xiatiantian24,8
richlau007,7
ryancinsight,41
har96,3
harshith-eth,6
magdyamr94,2
Mudavath-kumar,1
schimfim,13
mohdadil12345,3
hduale13,1
whochopp,1
Erictf32,1
mchennai,1
Jaopetinha,1
Rawnreff,7
anatolebeuzon,2
gohubzom,1
CC9098,2
jp26jp,7
esther119,2
charlie0421,2
xxchan,3
ZainRizvi,1
Richierichman15,1
Adhinarayanakunchala,3
higamkhs,5
Aleweb95,1
raulgomis,5
GiftNdlala,3
prodev0211,1
earhackerdem,1
nkyonline0,1
asnacarolina,1
lordstyled55,6
DanielMauderer,5
gustimaulan,2
xman-bug,17
mohammadnabulsi,3
hotsis,1
Lushegtech,1
dausui,2
Bast-94,2
tozsolutions,3
abchiaravalle,5
Tahash98,4
heartwilltell,1
OlimSadullaev,2
TheSpectrec,1
juliusmarminge,2
khilonjiya,39
lwaaron,1
duyanh1306,1
smanjot27,1
tyctw,2
mehrab77777777,2
jhoon4574,1
dahrabounizar,22
Vkrmoo7,1
mufaroxyz,1
timmzhang,1
joshgiambi,2
pedroaalvess,1
Yhlight,1
sp1r177,6
EmpresAzul,1
CrambitHazard,2
GreyNova,1
HorseSaber,1
wvabrinskas,3
YumNumm,7
YVSemlani,3
Anonmike,1
R3defined,2
bathwa,2
SourCreamCulture,1
Shangyizhou,1
jld-adriano,8
nperez0111,12
SayeVikram,5
zoyaumar,10
bradleygunn,2
chitalian,2
tetrixcorps,13
crazzywizard,19
livehybrid,4
vinit2609-ux,1
unknownking07,7
EmircanDemirci,3
Tr3nt-Xie,8
yadaklinus,4
mattsp1290,15
ArtemNyow,1
silintern,28
vishesh9131,9
HitBox38,8
monstermechanical,6
immortelle72,1
MarcDGit,7
abu-taher,1
sirajyesuf,2
Ramadanklah,2
Emperordeath,1
jagan-shanmugam,1
dhrupatel031205,2
stramazzo,11
marcosmeoni,1
divyashapahuja,2
rakuten21,1
Olxxfor,2
Ridrith,1
killn77,2
moruku36,1
macrivincenzo,1
zhangbaodong,2
Vanish0314,56
Harmit07,1
Islamantin,4
MonumentalCloud,2
MountainShan,1
jannikmaierhoefer,13
18228076235,1
Srighnan-P,2
leizongmin,2
anguspersonal,13
GenesisXUnknown,1
ak-chartr,7
APT3233,2
metimol,2
rishimistry,2
Yusufkotavom,2
FrankFMY,1
wissemchr,1
Keerthan-22,1
Jokersochi,1
VictorRocco,1
femto,6
Spotzz444,1
Rory-OG,2
Norberg,1
DRedMoon,2
VarunGM1234,1
dheerengupta,3
Mandakini-S,1
kothar,1
AlokMishrra,1
harshilkela,3
joachim-junior,2
ShreeharshaNL,2
sentotal,1
Chahatjain09,1
bruno-garcia,18
ph1ncyn,3
Muhamed-pro10,1
cs4alhaider,3
theophanemayaud,2
c1osed1,1
FrozenHearth,1
yohaigi,1
asgerof,2
tolulawson,1
saa938,4
AIGleam,8
productivityflows,27
WJIS110,1
tew3x,1
aliBordbar1992,2
Felforge,2
sambickeita,1
biohat1,1
disparter,6
clcmj,1
Kimu-Nowchira,6
ddlidded,1
ru-store,1
Carintine,2
PrithParker,1
Jhvictor4,1
akamalov,2
mwarkentin,1
Luks3110,1
jakemer,2
jaredhilton,3
su0as,1
charom11,2
devon886,1
nkpatro,1
AhmetNasan,2
velda228,1
seawatts,45
otdoges,9
Simooon19,1
logason,1
brute83302,1
EdiW31,2
mlsandar,1
romansedivy,1
DimaSergeew,2
ooLLeeGG08,4
darioalessandro,2
tatata2309,1
mohanadali,1
nodots,7
hsheth2,8
sayuyuyuyu,7
TrixProduction,2
spicyneuron,2
wahyudivaaa,3
iamdin,1
ttieli,12
surapunoyousei,1
scottmsilver,1
matanyall,1
JThorium,3
haymayndz3,1
gonzodamus,3
Marky012,1
rajeshkumarvaluelabs,1
Llonvne,3
lacus-w,4
zahrulsch,1
typpo,4
avunculargroup,1
markballew,1
kausthubh-coder,1
CoreTheGreat,1
bloqhead,3
hwuertz,1
split4split4,6
benstander,2
kwonjounghun,8
nick5616,3
lutx,4
mattinannt,2
shihong5858,1
brittohalloran,1
hienndstepup,2
XiaoRaph,1
rishabhswarnkar,2
tyndev,4
ImBaedin,2
hplazavi,1
hudsonpedroso,4
Dhravya,1
kietnguyennnst,2
gabrielcammany,2
nallovint,2
dvlkv,1
adam-gill,3
bhardwajsuresh,1
Mohitjha2580,2
vijayparmar1992,3
mikheenko,1
MapleShaw,1
satelerd,2
brianjfw,18
zachChilders,8
pixeru,4
Ankeshkumawat,3
DrZeepeads,2
cnwenf,2
MukeshJ,1
mrleemz,3
DucAnh0896,1
VikesShukla,1
Aito-Nakata,1
sdaAlbert,1
gfh50,1
sidhart-byte,1
scrapingus,1
Talhaaslam25,1
MohdShoeb1,1
rotarymars,7
Hexscratch,1
chesscompiler,3
redakrarssi,2
yuran-asdf,4
kenlacroix,4
Khemrajsaud,1
mixidota2,4
sathya192700,1
mattcrn,4
popinb,3
khan-pog,6
ravigrover26,1
trevor-e,6
jaipkapoor99,1
rahulchhabria,11
jaffrepaul,7
CasJam,5
walnutwaldo,1
bawer1321,1
Chitra867,2
shliamin,7
Elvise-chromer,1
gk9626,1
h1w-owl,5
slaganova,9
id4learn,1
ianyu93,1
RootDeveloperDS,1
imnaeem,1
Moek1998,4
nasaomar165,1
marck028,2
KilluKill,1
newt239,5
bgruszka,5
chebbi11,1
Harkishan-99,3
Yoon-HP,1
paulem25,3
xynoan,6
lphkxd,1
scar-09,1
PriyanshuMistry,1
cakirhasan87,1
Alper2016,1
EladNetzach,1
alexxzk,7
martuszwarcbort,1
aasheeta,3
karan163,1
chota-jd,14
TSOlami,3
Alex-Lewa-95-RPI-Noob,1
mtsitrin,1
asheeshcodetesting,1
Hezamfadel,1
liad-signalpet,1
kravii,4
varunsaagar,4
guhcostan,1
kshmir,1
simonLouvet,1
wuqui,1
slowedreverbd,1
Veatec22,5
smate,1
Noah-TaeHwan,2
C0C0NVT,1
Himanshu8823,2
1GreenNinja,1
Cyabanz,16
somuhatticts,3
acoven,17
bekasyldev,2
matekapeter,2
Quickplus2022,1
shamytech,1
icec102,1
apcano1978,2
KristiyanHristov04,2
Rayyan-123,2
nanameru,1
uassett,1
pheelwell,1
IbraHiiM440,1
Fredo9741,2
macieyng,1
francesco-univr,1
DC-HaD3S,9
ubaid542,3
shun968,2
ghdic,1
404notDeeksha,2
Marx-A00,1
JohannesLks,3
fadnavismehul,2
hagenek,2
sebguevara,1
nicholasgriffintn,1
sibonelok-sk,1
paras-verma7454,1
shmuelbizimatch,2
terrychan85,1
ivoriginal,1
ArthurDS-tech,1
DAAVIT1,1
YashGore018,1
Thuan84,1
srinukaranam,1
SIMRAN15KHEHRA,1
penysho,3
JamesFincher,7
gabo-rematch,3
tribixbite,1
Middeaslam,2
rdilaz,1
Math221,1
MNayyal,3
freedanfan,1
V-R-7,1
mehranpournaghshband,1
AndreiOnOffBits,4
SLTesler,1
hridey622,2
alavkx,2
AdrianaCaraeni,2
fnLog0,3
luanralid,1
lucis,3
brinst07,2
karangupta8,1
allena1991,1
ngabo-dev,1
dsteinkopf,1
jkfrln,1
SamueleTorregrossa,3
thienphucle,1
Oluwafemi27,4
lucascorrei4,1
MalcolmStran,1
Nelvorix,1
karnam16,2
grimofwar,2
Liikemies-glitch,2
bitsperity,2
kyoyacchi,4
skalamera,1
devtailor172004,1
fullybuyer22,1
teretzdev,4
prem1coder,1
Harry-Chen-Dev,1
1kevgriff,1
GodFatherNix,1
karemarimtn,1
velvet-shark,1
levidehaan,3
edbns,2
xueyueicu,1
aniket04bit,2
DMcConnell,2
vibin,2
philippmuench,4
alpitkumarg,4
Clinton2332,1
MedOussemabahloul,1
SantiagoIP,7
Xiaozhang22,2
moltak,1
suzhenskk,1
ashwinrangam,1
abhi-laksh,2
Baicai178,1
jhvlima,2
ks1212120,1
ericplanes,1
lukaj99,1
serendipitytech,1
WaterBean,1
blackwolfks,3
RPF172,1
S4CodeWorks,5
CodingAleCR,4
nosobasic,2
Tejasr-2,3
brouse,1
Ling-ing-git,5
jonbarlo,1
xannykills1,1
arajo5820,2
Puddin1066,4
metinciris,1
Pranav7722,2
ozy24,1
oscarcortez,1
haydencbarnes,5
yeutterg,1
ElliotDrel,1
ermolaev-frontend,2
saadkolii27,1
Oche-king,1
chanstar0,2
mz0x0100,1
aymanhalloween,1
prasadjanaka,1
hileamlakB,6
htankaria17,9
argilzar,2
JunjieYu95,2
alexstark3,1
DHRUV130703,1
AndreRatzenberger,1
zakku-21,1
AdminPhoenix,1
parkjisun2,1
saikattyo,9
lacymorrow,2
chungyuan-dev,1
nnkostov,2
kylebolton,1
dgrebb,1
asifshaonproton,4
kabilesh07,1
MrinalA2009,4
subbukathir,4
Raahul-01,3
akahori0219,1
julianbenegas,1
diegogurpegui,1
excel-asaph,1
w1gglewkshop,1
animeknows91,1
Vinzsent,1
axyz106496,1
zlzmm5188,1
ElevenKart,1
BernardMugita,1
daneelez,3
Almaz-KG,1
XSynapseZ,1
yiyipop,1
DhruvCoderChamp,1
nickscamara,1
ditalles,1
kyegomez,3
Cedriik,1
fr0st87,1
fred1878,1
gauravkhatriweb,2
muazkadan,2
benjamin-kraatz,2
Op0000,5
Werner771,2
akilhassane,1
sreys04,1
guscsales,6
Ganesanjey,1
im-vansh,1
Yearrr,1
pranayjain29,2
sirking22,1
saradcx,3
bhavishkl,1
SkContreras,2
xR0am,2
kunal070,1
LindgeW,3
rutahp,1
newmusiclives,1
yinhaoyu,1
sfc-gh-mboos,1
Poisonite,4
rohannaam221b,1
sayf-t,1
NPH82,1
RhysSullivan,1
georgio205,3
wirezcrossed,1
YifengWei1999,1
jankowtf,1
time4Wiley,1
diegolmello,1
hammadojh,1
Saikrishnach4,2
cjinhuo,1
imaO0O,1
FedeTrevi-se,1
Prateekrajput9,2
ravidorr,1
Ticklect,1
eherrerosj,1
eremenko789,4
mrexodia,2
skokivPr,1
cocoyoon,1
ronams03,2
tuandung222,5
davidraju1120,1
MuhammadUmairgit,3
vikram-shaw,1
Ricktorres0909,2
avheani,1
M-d-g,2
hiptodude2,1
AfyKirby1,1
clonador7,1
subhamtri2015,1
samkrpro,1
namikup,1
travisfrels,1
dukbdiubs,1
tonyspiro,1
tenlifejosh,1
cosbort,5
keksiqc,2
matzryo,1
VIRTUAL-VIRUZ,1
yalilms,1
Nhara777,1
jwaicode,2
bioenable,2
calipfleger,1
Owais-13,2
marius-jopen,1
vinita297,2
jerrydeng,1
weslien,1
D7atashoor,1
EmanKhaliq49,2
indals,6
jkninsight,1
victorsheng,2
bei123,2
tiejiang8,1
arkvdaogmail,5
jms830,3
ssuleee,1
taku10101,1
harshincode,2
hakt0r,2
Sdtricker,1
amirmmafakheri,1
Picassoart01,1
lufzle,1
leemark-666,1
Josehazim,1
dabaoa,1
Sainrai0suiiiii,1
tanush278,3
designscott,1
orgatreeker,2
felixdulfer,3
vishaljoshi9092,1
timurcarstensen,3
theompurushottam,2
abraham-santhosh,6
devAbdullahAlMasum,3
ZarTek-Creole,2
VEDDarji0108,2
Choboy-dev,2
Anushkashukla33,1
LQ458,1
mezo-oss,1
TPavanMaanaj,3
fevzicol,2
Anisha04-tech,1
zerorzero,1
takahiroshinchi,4
MushroomUT,1
NbDev82,1
lbogerd,1
kipDstar,1
th-antolini,1
2lu3,13
theodorDiaconu,2
KaylaMLe,3
taemin410,1
Volkanmolla42,3
HarryPehkonen,1
cesar-orlando,1
DecentralNinja,2
stackert,2
ewels,1
marcelmildenberger,3
flavio-cbz,1
1sonhador,1
krewmi,1
qstibbins,2
dongjun-kor,6
Rishab-kumar-026,1
durgeshpatel3,1
angelicorral101,1
pcomans,2
enoriega22,2
FacelessTShow,1
skotter-marq,1
Quentinm81,1
s-sabawi,1
Saikatsinha007,2
FortnitePro50,1
roc52,4
Khaled-Nefati,1
KARLAFRIASRMZ,1
gilyonyango10,1
curtiswilkinson,1
flickpmt,1
sukanyapoolakanda,1
nfaz16,1
17046,1
mjschock,5
BennyTheLion,1
OctavioPB1,1
cano1362,1
SengokuCola,1
BowTiedSwan,2
rstropek,1
muto0713,4
dwmaginn,12
KriawqZero,5
zjing123,3
fengjie926,1
rxw,1
renanccastro,1
athaya-rizki,1
Inoue416,1
Zu-Krein,1
Yuikij,3
herotopic,1
shiva019-sms,1
mithilhari,2
aswinnnak,1
onlybaptiste54,1
louismorgner,2
salvatorepandolfi,1
Chakri-11,1
sinyu1012,1
vishnu137,1
vladilen4ik,1
Sumanth1602,1
GenPT-Lab-Owner,1
papa-aryan,1
lordke,1
lei0zhou,1
hoegertn,1
BatgireSagar,2
puskark4,5
yashpatel305,1
DelvinJm,1
AlvaroFGarcia,4
pmatuan,2
navalmor,1
yuantongkang,1
Sairohit022001,1
Gislejohansen,1
zohuyhieuzo03,1
KrishnPatel2204,1
redeno,1
melat-mekonnen,2
angamers7044,1
BDEMONGAZON,1
Raul11jg,2
chetank2,4
ralph-lo,1
bahulneel,5
mohammadb9057,1
ARahim900,1
Evn2025,1
jutrasimon,1
Alvisd12,1
zowiedeveloper,1
AbhishekDey1206,1
Sindhura12345,1
bagsajal,3
dsilgadosalcedo,1
SauravBhattarai19,2
Meir83,1
teshiokayumi,1
Akhensley,1
Rajeshwar-03,1
itzAymvn,1
TKCKhulu,1
Anup2414,3
sahil-shubham,2
Mathew-Rym,3
silvere,1
tadekfur,1
MichaelLeib,5
moussa854,1
Agenciatektus,1
Ocheben,2
whatwewant,1
lokeshkarthik5,1
si2vash,1
markdip,1
megabandnesdev,2
drewbitt,1
bakkertj,3
NutellaGang,1
umairehsan6,1
gurpreetzeom,1
sawsew467,1
Ibnuubaidillah1009,1
rathorehukam,1
Edenbotscrypto,1
qinmou11,1
gridhead,1
technophile21,1
nobita2041,1
markany-yhkwon,1
Rajeshk378,1
IceSun39,2
JohnCCon,1
kesavmanoj,1
gopa-qernel,1
mritunjaysukla,2
ncrmro,2
saihyny,1
JLMsmile,1
yogeshguptagit,1
kezunlin,1
nickhawn,1
Abrazack03,1
Wilooper,1
oscoDOTblog,3
TempMail11515,1
a50276,1
Manish049,1
HugoAVaz,1
GlennWaboNoubissi,1
Aravindmodala,1
Human-GPT,1
IamMikeHelsel,1
harideeshan,1
Galla-HimaBindhu,1
anirudhp15,1
yuanminglee,1
muxare,1
erikveenhuis,1
MeVito12,4
NeuroDonu,1
111ballu111,1
mcfung,1
kioviensis,1
HoMuChen,4
OsmanElsaid,1
donaldamadi,1
mfauzi77,1
bipulsin,1
Achillesy,1
hyxONick,5
khongtenzx,3
DuddeJaitej,1
lizelle-farmslip,1
sunyuyu37,2
otaldoandre,1
AIBETS7,1
ibrhmahmd,1
tareloch,2
KhaledOSman2,1
Athulprgm,1
codermillat,2
anhkhoi121334,2
RiteshsekarAVV,1
vosk5271,1
mahersavara,2
Igor-Ashin,1
sanket178,1
rcdelmundoo,1
madushangmge,1
yousefabdallah171,1
AmoSZN,1
AOM-Apirant,1
Councilord,2
pratham5188,2
JinfengM,1
Abhinay25670,1
mulkymd,1
iwanhae,1
HassanKhanDev,1
fukyor,1
dimariyalil,3
arjin21,3
wattamwarrohit,1
vg-king,1
eriven,1
zhaomengxiao,1
ykcha20,1
Ryd-JJBA,1
jamahlt1,1
maxamedalihussein,1
minhtristudio,1
LouieTheresa,1
JaiJRNE,2
issamHaimour5,5
PARIKSHIT3597,1
vibamalika,1
MuhammadRidwan01,1
ReadyMouse,1
spencerby28,2
aajinn,1
som23ya,1
brunopk004,1
francofrizzo,1
JoshB2chE,1
vaibhavreddyankireddypalle,1
DevaDreams,1
Nik-notbot,2
fedaykinofdune,2
muhammedfurkansahin,1
zhangqiyu288,2
freedak163,2
SaiKumarNalluru,1
oguzhanuzunay,1
edTheEngineer,1
Roshka-Oleg,1
onshinpei,1
LamiKols,1
pythias,1
yunuss5461,1
abdulrahmanok,1
GrahamWallingtonXeroth,2
dytsou,1
shellaaa1,2
D4yvid,1
soyAvellana,1
warda001,1
jamesskelton-nexefy,3
igs-yenchunwang,1
ziyerr,1
kenancosic,1
Hzlnutt,1
D-Dl1,3
fath-ali,1
shivatej0402,1
guptanav365,1
MukandKrishna,1
philipphofmann,1
Iout-t,1
Emad297,3
SaraHan774,1
CODER-ux-star,1
ganileni,1
jgaalen,1
AnmolChaudhary123,1
Noblee,1
IndenScale,1
YyBoom233,1
hnry73,5
rajkadam-21,1
ikumbara,1
iagomussel,1
tbaba1,1
ritesh5687,1
mohitrohda,1
Jojaeheung,1
ashiboyman,1
axcution,1
Pavan5a0,1
michael200311,1
phtn,5
rmorgan15,1
luzhipeng728,2
calbera,2
AlperenC0de,1
iownducks,1
itsCet,1
bohrashrenik,1
akash-sankar,1
Narendrashivasai,1
Akashamba,4
Varun2871,1
wolfgang,1
Lanshissh,1
ilay-l,1
NAL-6295,2
almahoozi,2
angelpadillar,1
DenDiem,1
uncelmasih,1
madhu0527-en,1
Maharshi2203,1
Ayushbhoir20,1
Vikashvicky626,1
JuanDArdilaG,2
pcamarajr,1
svarun04,1
kevingosse,1
oded-be-z,2
parashuramsaturn,1
philbritton,1
AsharibAli,1
tayyabk121,1
gregfromstl,4
mpinzile,1
ahmetskilinc,1
csaunders4z,1
violet-sub425,1
Pitt-Lee,1
MrStub,1
adspire1,1
decentparadox,1
thisisfixer,2
Elvismen,1
JaganiAbhi,1
inchinet,1
Yesaprogrammer,1
skyaboveme,2
tausif1337,2
ananyaa-k,1
gokulkgm,1
RivaldoJr01,1
gwenphalan,4
mike-pete,1
lauraporta,1
symphonia-ai,1
TimHeckel,1
SekharPatel,1
kumark9pro,1
Rodvdev,2
rickypin,1
alexander-gekov,1
rriggin,1
longyun886,1
gitlovin,1
lcian,1
Saurav2214,1
archeopternix,2
JonathonJulian,1
StefanGrozde,1
zuiyue-com,3
dbolotin,1
Remarktim,1
yamoomd,1
byronlove111,1
gklbolt,1
76ahmad,1
saisriram07,1
rittikonweb,1
tomastimesmeli,1
schuon,1
networkinguser,1
midstreeeam,1
Luodian,1
fulfill-tokuyama,1
auchenberg,1
itz-Sahil-Verma,1
cgpeter96,1
karolisg,1
eliasjudin,4
clenisa,3
gtowncity,4
twincarlos,1
radical-workspace,3
MaxwellJia,1
simongu20070911,1
mahanmtd,7
WriteGuy,2
mistenes,1
cokoyejr,2
elmerbulthuis,2
HzYawal,1
joagzb,2
wells70,1
Lerold,4
capascualm,2
jiediking,4
AragornAms,14
happyFiter,2
TRIDxNT,14
Deepak0kushwaha,1
Sleesy24,1
noelashford,4
Chanyeong-Yoon,3
Drhmf,8
JlordS32,1
maheshwarineeraj,1
mistrjirka,1
olliegilbey,3
BorovikovDaniil,1
hongseokimm,3
lborocomps,1
drakshars,1
ethan791,3
arbue,7
jeongkpa,1
tinus100,1
eachanjohnson,1
n-caffa,1
parti-zanu,1
ajm1313,1
BeetjeMatig,1
PunithBS10,1
kethamak,1
dvj1988,1
rrschmidt,3
haimhm,1
dan1202,2
aphelionz,2
gnkadimeng,1
martin-ITA,4
gentig,1
nazbav,3
miltonparedes,3
LuisFelipePeirao,2
jkieb,2
T-MNT,1
igor-amp,10
Fbizen,5
beebopboop22,17
BrunuAlves,2
onujx,1
noswad,1
chrisbigart,2
bhaumik-beaumont,12
Pablot07944,2
eliminyro,1
yomi21k,1
KMilhan,6
hasinduvithanage,3
colebrumley,1
macguruGithub,1
Codnova,2
EmmanuelkofiTawiah,2
Qryptonic,1
Alexo2988,1
Michal789-cmd,3
Eiat5522,1
zahareus,1
kashyaprahul12659,1
EggzYy,5
werme,1
smith3v,1
Sarpilhan,3
Serbanul222,4
alesalloum,1
lluke9,3
natnew,21
andre-pereira,1
osloviensole,3
ZainMGit,2
steepnikita,1
thehoho,3
pmickeyc,6
mberg,4
n0e7,4
jbuchert33,3
sanrinawakes,1
merfanian,6
DarinelEscobar,2
SyedArham966,3
akhil-267,3
arksinha,1
sena-saikyo,3
tecfinite,2
MatthewDolan,9
saacki,1
bluesk1,1
liquescentremedies,3
nilskiefer,2
akouss,2
sssolid,1
XmXm,1
j-mak,2
Jshatto,7
Ismail-therap,2
moi0dodyr,3
lamriaimen,4
TattooedLowLife327,6
jdavi977,2
DOM-C1,2
Sagaustus,9
settlesteven1,8
viacheslav-diachenko,7
alexappleton-csolve,2
World-Ecosystems,1
VIAACAL,1
miogds,2
kuffmode,2
YDTHobby,6
tmctl,1
jbdesigns88,1
charag3,1
tomoya-mizutani,4
riffi,3
TaalayDev,1
Ocherokee,1
yoshi12u,2
Sfaisalafridi,1
Muzammil-240310089671,1
bharatgl,3
nimish-html,1
jackm43,3
tonigi,5
leprof06,2
FlorianSchneiderIU,2
Zara8170,2
alonsoarias,6
Abdul-SN,2
civilian991,1
edgarslima,6
udibr,2
hakan4vg,1
jaavid,8
Cai-z-us,3
Julian-Elliott,2
SimonKnogler,9
ArchibaldNelson44,1
scscodes,9
thibaultbtc,2
fasopost2965,1
melonJe,4
sorzyy,1
Fababidu43,3
gaston1799,13
VISRobotics,2
dheriau,7
angliu-bu,1
chuangtc,1
cykurd,1
ErnestoJT2,2
panaali,1
TeresaNoble,5
charliek,1
saiteja181,1
cjprybol,7
ekenstedt-zero8,2
ryanlintott,2
prathanbomb,3
inversin1234,5
japonalia,2
LambdaTenEleven,3
fryan2503,3
nicodinetti,1
britej3,5
danieljannai,1
Rieranthony,2
uchida26,2
wkew,5
Schotsl,1
dlenarti,4
retroam,5
CleversonTi,1
ulasalyesil,4
splincode,3
Monkeking66,2
briankleon,1
SagiNevet,1
dreasgrech,1
Shaik-36,1
hhaithem,1
AmanKishore,1
adamsteier,1
jpierre09,1
clydealpha,3
AsheeHuang,2
okc33,2
kstephens0331,1
jones2126,4
edenh99,1
Michel836,2
mholgadoo,4
sayatimanalin,1
uchijima-ns,5
phineasfritsch,2
NikolayNN,20
sarpel,2
JamieTch,14
hlsitechio,7
vmarcella,1
SMajerovic,3
mahomi,9
akshaysane,4
Pinkusz7,1
bziobnic,1
dottgonzo,1
RodolfoCastanheira,1
arpjw,7
cosmic-code-09,1
onlyerik,5
TheGladston,2
wangshean,1
OliverJackMyers,2
Moreira-89,1
jbae0328,1
IceboxDev,1
HamadaSalhab,4
ChiBulva,1
daftuyda,1
rsplayer3918,2
pleggleston,1
EDUNI11,1
steve313341,2
palaiologoi764,1
johnrocha,5
NicoVolling,7
rodrigodosanjosoliveira,1
OutlawJoseyWales,4
Acasgom1508,1
DinhVitCuong,4
mmarcinmichal,4
programmeruser517,1
Zijie-Lei,1
Iaicox,1
eberle1080,9
waliaharsh74,2
CuneytSaltik,2
Oswald85000,2
AviFishman2005,10
justi,5
evykom,5
CostardRouge,2
tanduc265ab,1
QiuYi111,6
kg-0805,1
santi-esquerre,4
MrAndyForbes,1
juansegiraldo,1
JayShortway,3
yaakitori,3
HungWeiChen310,13
bahadirarda,2
lilagrimard,2
kkrick-sdsu,7
CaioCesarEconomist,1
KhaledYassin,2
FJiangArthur,1
meghanath2005,1
babubhaskaran,2
NAGENDRAKASIREDDY,1
Theprestigeceo,1
Dvxy67,2
wadam3,1
faisalalshk,1
oleg-github-collab,2
boregondev,1
pavelsur07,4
Ssshatam,3
palomeke,2
leonteale,6
MichaelEight,7
ShinChill,1
rustylizard,7
KacperStanczyk,1
wesdb,1
eplieF12,3
ooyeku,3
gugol94,7
CamalichM,6
josua-reyes,1
SaulHernandezzc,3
diegoolano1991,2
satish5813,2
JACazares,3
Vgos-code,1
bezuglov,1
ariesyous,6
ximocm,10
RAFABENITOCRESPO,1
azamkhan555622848,1
AndreAlvesFreitasEngineer,2
LucasAgroTech,1
staruhub,1
aburossi,5
RyanLamug,2
LuAM-Lu,1
lussifa,2
cjjknight,4
JamesPicoTech,1
rodeldoria,2
Yknolove,1
Abdohurbly,2
ParkSeongGyeol,3
ionize1080,9
Tarboobot2888,10
SlightlyMe,4
Bezludnev,5
aidenjangkkj,5
aaronjmars,5
shoot-the-mooon,1
Tomhong376,2
adzam333,9
glogwa68,1
AlexanderLindemann,2
naveedabbasbngash,1
NoFlyFre,7
haedam19,2
amilcarpg,1
Angrido,1
anth000,2
rildojunior,1
aakvatech,3
sajadabvi,3
balakannan1357,3
nnphuc,3
eyamakan,1
4n7h0ny,2
abhiii29,5
teaUnnamed,2
Wenbo-J,4
ishwang-c24,1
dtalemodern,2
VJ420,1
ShadeCM,1
atate-nag,7
HuanzhiMao,8
aydabd,7
FragazBR,9
lancekyle,2
ythuang0522,6
yuyuyu6174,16
ybraz,8
AsPulse,7
chrisvandergeer,1
mehdi-03,5
PrinceJonaa,1
ckpottinger,1
sheheryar-pirzada,2
PengfeiZheng-721,6
yiqiao-yin,1
nadahlberg,4
mukiwu,1
Adityaaaaaaaaaaaaaaa,2
darrenkuro,1
mefree2098,4
omniscia,2
houthi,3
mohammadmend,1
SCanata,2
jakedevsthings-testonly,1
niteshshah,2
francoguazzetti,1
ssteiger,2
Lockwood-02,3
shinrer,6
sunnweiwei,1
JRizzled,3
doramirdor,1
888kr,5
taiiach,9
KuroTsubasa1,3
mohammadalkhawaldah,1
aaaadev,1
firoz2456,6
TXGumby,2
immanuel-peter,2
HoScCode,2
SimonKefas,1
samadamp,1
Lysi1983,2
DanPace725,1
nicolasbuitragob,1
bilichboris,2
ehurem,1
shinelikethesun,2
sohaib1083,2
GuilhermeCostaProenca,5
bobbyg603,6
8bitsats,2
geekguy,1
Shidiq,1
yemistar,3
Alessiano,1
Fan8322975,1
nimpedrojo,2
mfrafael,2
GepetoinTraining,15
cedricziel,2
Jake-Fieldhouse,6
pedrobritx,3
thepro3nett,2
shams3049,7
rfranciotti,4
LordTricker,2
wvitu,1
Dleonan,5
EmanuelHennig,4
dcm31,3
TheSamE03,3
livebuyteams,1
CyberLord09,1
Geriizim,7
Neill-Orka,1
timbs85,1
glakho,2
ZongpengYang,2
estellacoding,1
ZodiDev,1
Monodesu,2
Strahinja0101,3
VincentCotella,3
Aravindchiliveru,3
XKKK0925,1
ericakermo,3
ZEN-ZAI,2
L3VILL1,2
Yair-fr,1
artanrexhepiinki964,3
ngochoang0711,9
navirobayo,3
samdag13,1
profesorgame,3
vlljuan99,4
Puthi-sgr,3
Vipul111196,1
halcon2025,1
StillFlamee,1
josercf,1
Expresso24,1
SICG1,3
masterfelu,1
sjetti5555,20
5310S,2
Erinqi,3
geocolon,4
WhatsYourWhy,3
Bharathkasyap,1
indrad3v4,5
Teo-333,5
lucastsui,2
freshaq09,3
bercht,7
Kerim-ercan,3
malcolmbrightman,2
Dante-wrld,3
SpikePhD,1
yope7,2
linhugo404,4
jandromani,11
ssobue,3
harshit-mobcoder,1
denizyoldas,2
ralph1985,3
dimensionscape,3
lukaszrosicki,10
amirb2607,1
EdgarPMedina,1
Karthik523-SM,4
Quera-fr,1
dgc1681,2
Woklet,2
Hyunn,1
calindn,1
aunmejor1,8
thiteles7,4
BASIC-BIT,1
sonofhypnos,1
abdullah-zayat,1
Sibbe1337,1
kartast,10
LeoLeveque,3
hristoterezov,4
ipictorial,1
baobacluc3,4
t1ina2003,2
cisterni,1
forgreen,1
whyashthakker,2
ubertica,1
muriloitz75,2
espresso3389,4
BrisGeorge24044,1
JakeHulme1,1
KDSBrowne,3
notorious-b-i-g,3
dzarpelon,1
TheAppleUser1,1
gkamradt,5
pipinstallyp,1
SliceX11,3
junya737,4
yagzlez,1
Rustamova00,1
dandarm,1
LuoPoJunZi,4
Alison-Tseng,1
gonggan523,2
gioenn,1
Naamloos,4
OmriYahav,6
ChatGptBasrah,1
TsaiLintung,4
JacobSoderblom,2
klalafaryan,2
rusd1123,2
Jessiedonny,1
ManuDinicola,1
shyniarjun,1
linkle69,2
EnderMio,1
Samuca47prog,6
laumagallanes,1
PerformanceCodingNewbie,1
Devzign,2
bugestbeast,4
quintusManus,2
jaden-miguel,5
fairuzahin,1
arberimsinani,2
Eatgrapes,1
jen-gibson,1
dinooo13,1
nikitamurga,2
braim,1
nahuelmele,7
sondy91,1
apopovsky,1
nemheen,1
kfiresmith,5
mukhlidtk,3
ironywer,4
felipe-angel,1
Oisela,1
Broukt,7
kalinof,4
reichang182,3
CarlosHFZ,1
Yankel-Bensimhon,1
j10czar,2
Lacnard,1
fuchsMateus,1
rasmusdriving,1
Andrey2894,1
jrodarte2025,10
bR00dLoRRdz,2
Okamionly,2
Smekl,3
wcaicedoa,1
StevenWanglolz,1
andriydruk,4
ani20168,4
nickoh-821,2
DbUserAI,1
otorobacompany,1
donaldtagne,1
andrewtdiz,8
AlvaroGui02,1
thanhsang52,5
osnaren,2
josuejero,11
ratscoders,1
siddharth310,1
socio-it,2
anikitin2507,1
Shaxzodbek16,2
Bodikov1990,2
killjoynfk,4
gregorybednov,2
ElJoamy,1
serveterez,1
devalexanderdaza,5
ricardordrj,2
MidnightCoffeex,1
oussama-lahmadi,5
alexanderhorner,2
engsofjvolfe,4
alonprod,2
birchsup,2
cozyartz,1
katty0324,2
edendenis,2
przeprogramowani,1
hababel,5
mrmstn,1
henrytangcn,3
ngo275,3
Jang-Young-Su,1
QuinnDamerell,9
dongaba,5
222jkm,2
Jipirtti,1
jwilson529,1
ferreiraluc,1
DoubleHeelix,8
AngusPanTw,2
newnuma,5
EssenceSentry,1
VenkatPantham,6
BenjaminNowak,2
AdminForIinRange,1
konsultaner,6
JeanFaustino,1
anibalmastobiza,18
Iandel24,3
ryankennedy12,3
pscheid92,4
Xiaobonor,5
blimmer,4
audreyarchibald,4
JGO68,4
GuxJ02,1
delineas,1
maiconfurtado,3
irojasuade,7
richingga,1
DevSoftDems,4
biennie2002,1
Charley517,8
plugyawn,1
tipfGU4iMtPsy7,3
nbeamhomes,2
shu-t-code,3
raneemousa3,2
Aminebncd,4
htayanloo,1
VenoomTV,1
Leonardo-Rozza,1
krish276,5
brillious,1
JananiPSrinivasan,1
thefellowes,4
brainyfarm,3
sayan919,2
Sparsh57,1
Naliwe,3
guischmid,10
BaiterYamato,4
tshore2004,1
Jens-SmartSolar,2
PriyamHaryani,1
hejasevis,7
alosh1998,1
markrichardson,1
Philufo,3
gabrielramirez2109,1
lnspeedy,2
Santiann,13
ahmadfh,5
fishinstud,3
Adityanatha,6
MicheleTomyslak,8
unseen1980,1
preciado04,5
pepomendez1,1
88gravessong,2
bdorlus,3
Jordan-Murray,11
andresunc,1
tillg,1
JuliusBrussee,6
Wazzaboy,1
Dylan-Buchanan,4
caiocodo,1
CEA-Brad,2
Patryscreates,3
mlp1802,1
Silas0023,7
iosefa,2
LuigiFerronatto,1
juanjo0319,6
KabalMcBlade,9
UsamaSadiq,7
T3usz,2
samfeldman824,3
omeratici,1
Helder77270,1
Raptureevents,1
ushirobyte,2
tekaratzas,2
acasquete,2
ucapistranmtz,4
jessecontreras,5
yntedero,1
sergioferrar,2
VisionEP,3
GrisMF,3
egelderen,1
awaldis,9
datsuns,6
w3labkr,4
zorbathut,5
Suphian,3
OllieCentral,2
dnlchaparro,2
olaviinha,19
persson86,1
ChangkeunJ,2
Myana03,4
iocoelho,1
Stowarzyszenie-Wolnej-Mysli,1
matiaskotlik,1
PieCodder,1
ankitkumarpanda14,2
Ar0wx,1
Yevgenio,1
hatchyuki2,1
bn-k1,2
juanitazc,3
Nereaqg,2
yamaguchi1024,1
boti312,1
BlipOnNobodysRadar,2
alehkot,1
hsantos92,2
egoughnour,1
Preksha-0211,10
LinfengJiang,1
jtm2214,1
Spy12150,2
eanselmi,1
Leona94,1
discovery990,1
akbisw,1
atabaki,1
xtreezzz,1
ArjanAswal,2
pattatto,1
ThermoCoffee2,12
ankit0108,1
DarshanKumar89,2
Daniel-Hillman,1
juampi92,2
kulturman,4
anthonymarcial2509,1
ryanburr,3
wasuza12345,1
lyly98,1
SergioAlro,6
YassienTawfikk,2
manjitsidhu77,1
DavidSantacana,1
koenmetsu,1
minacio00,1
235-star,2
FranciscoGarc,1
pgeynt,2
yasuyuki-kurosu,1
vemireddysreenath,3
gegelesq,2
azakhary,4
souma2half1,3
EmmaTosato,1
RobertPope,6
PoYaSharonLin,1
BYC30,3
kerem-kaya,1
mferraretto,2
melanson633,4
louischen0609,2
iamphoenix310,3
kjaewan,1
victorinolevvy,1
Texseractrum,1
rodriar000,3
IamYipi,1
4lexir4,2
SoBigHead,1
luibaraj,7
TarruckWheeler,2
TJuhos,1
dmiyamo3,3
M-MohsinIjaz,1
VA5745,2
lik74415,1
Shacosky,1
JS0208,3
yiuxenx,2
claytonoliveiraX,3
ArtemBondar,1
dzm990,1
ardamesci,1
PabloPeramato,3
hukkall,2
audrey-bollas,1
KarolNarozniak,2
StrahilPeykov,1
aeron7,3
joaoguazzelli,2
jmanriquerios1,1
Jesusdsantos-10,1
joshhmann,1
Lonesome21,1
jiuyunjun,4
d1nom1ght,1
ilouzl,2
yazeedk1,1
ndqduong,1
settler-mar,1
Vicky2004-maker,1
Some1Somewhere,1
GaizkaMajdenic,2
sebathuesen,6
LuckyMonkey,1
CyberHandLLC,4
aaronjnichols,1
maksimluzik,1
HoKyo,1
damiano1996,1
Cha0t1k0ne,4
amin-atwi,1
Koroffstrogov,2
myango1,2
NagitoXX,5
ADRIANGNAJ,1
Ahmed-aiu,7
SteveAJubb,1
lero003,4
herbdankerson,3
cmcuza,2
BlocUnited,2
zhuowenli,1
Odeyk,2
deepmindneural,4
emprende1,1
nakkeerang,1
HZPApolo1,1
sandeepsundaram,1
nithyanand9969,2
bodrovphone,4
singhgarima,1
NoahThatsWack,1
R1tter,2
alexbalrus,4
andersCTO,3
nanjiangwill,1
marcelosobrinho,2
Liquidhoney,8
Maleby,2
icepcp,1
salakhmalakh,8
KhalilGibrotha,10
hide10,2
Chinmayadas2003,3
derekslinz,5
vincenzopalazzo,1
Junio243,3
FlavioCunha,2
brexp,1
itech0307,2
fastplay80,1
lucianissimo,1
stevenklar,1
zpherodev,8
gleb32,4
chitran96,1
nathaniel-lyman,2
tjtigers99,2
Fluorky,1
FEI38750,1
SquareDaniel,4
kogasura,1
pwestling,5
Abidoum,1
henriquesDigital,4
danhol86,2
CoderBeco,1
Arash-IrDev,2
morarinicolae,2
unw1b3s,1
jackfrancisdalton,1
manojtechflow,1
fgadea,2
MazZ23,1
panavarronfecsjrp,1
danielyudicarvalho,1
mustafatalhaboz,1
yilewang,7
EsgiJ,8
bmesuere,2
coryderringer,4
yerinadler,3
RekaWeb3Design,1
kedar1607,2
V13t4nh,1
Fernando19921,7
ngsw877,2
heilcheng,2
Skunivers,1
jeanluciradukunda,1
alissaleh,1
dejannina12,1
craickerjack,5
Codemethemoney,3
ahmedriad02,1
tentone,3
justinharkelroad,1
1junee,1
kuldeepumaraiya,12
we9xwow,1
0xakshay,1
AltoB265,2
AlvaroLuken,6
KlabCGUTC,1
ibacaraujo,2
GusDPA,1
gabyfxofficial,5
abhirambhaskar,2
daakaer95,1
tranducle,3
snehaltandel,2
nlundee,3
backjeff,3
SlimJimShady,1
BenLFR,1
raveenepal99,1
cptfinch,2
svngoku,4
maxfrenzel,1
vrtja9,1
omeshapasan2,1
rishanrm,1
LaKatTrina,4
KivancOncel,1
pfilipovich,3
rayxzhang,1
hennrunnel,1
savabarbarov96,1
anishr6,1
AyushRanjanRoy-01,7
EdJones,2
TimvRijn,1
facu380,1
vangourd,1
Hao-An,1
behbahani-trader,1
CafeAuLait-CC,1
msametgok,1
XTAKA,2
finsterfurz,1
cvamsikrishna11,1
NassimBtk,2
Olcib,1
danielbarbeytotorres,5
zth,3
RobMKR,1
davidlorente78,1
suporte-tars,1
tyukoditamas,1
calder,1
cryptoskillz,2
SIMONSTER123,1
sjiwon22,2
feelipe001,2
vishalsingh17,2
Riven-55555,1
mhung2026,4
Rebellica,1
samdowrickstr,5
navnathsase,1
callison-burch,10
Abdulkereem,1
RohanLeveille,2
Lord8Bits,5
ANCGoulden,2
yashdamani,1
SpencerOs,3
emersonrafaels,2
ryanmio,7
sankalpt008,2
Deepankar01,5
Ballandtimes,1
obinnapatrick,1
CallMe1101,1
Tlx10,1
acebot712,5
scdenney,2
endJunction,1
Pranavtiwari30,7
AhmedShidanie,1
iZeeuXx,1
aaharr,1
JonseyFTW,3
m0khm,1
RockGb,1
modplast83,2
abi,3
vhgalvez,3
GarrickGarcia,3
bryanacido,1
aldodelgado,5
Zacharias030,2
shreyas-nikam,1
GiacomoKushki,2
Miguelstella31,5
briang20,1
TsuyoshiKanazawa,3
kyooo8,4
ibobrz,2
JordanDavidEvans,1
DLTODL,2
wowave,1
twowhy-prog,1
Pedro-Benitez-web,1
uglyrobot,3
lupionpe,2
SzakSolTam,3
bbfox0703,1
BSoDium,2
Paulnguyenpbm,3
sheikhsaeen,2
gads131,2
rawadassaf1,1
NDRO24,1
JoelFrayle,1
PiratedVirus,1
kh-1-1,4
s5646s,1
Gabriel-Goes,16
CongDon1207,3
biodunseyi,1
JefersonMunoz,1
ccousins01,1
schonrockas,2
zyzhang1130,1
diabeto01,2
jakubuid,1
jhleeseoul,2
Rahal-Gabriel,4
iotwise-dev,2
marcelvanderhoekdtc,1
Jhonsonmarlon,1
Jongson-Won,2
Astwea,3
lulu960,3
David-Tomlins,1
RasulSamadov,1
TeAche,7
martinibach,1
wh1ter0se,2
Gerx07,1
kroo,2
brayan,1
kencoughlin1,1
YukiOgata-tech,3
gorkem,1
Perfecticus,1
gabrieldiassantiago,3
hidetonakamura,1
BetGarry,1
shashwat-egov,4
bluefinsteam,3
HHagino,1
manorit2001,4
SpringBoot57,3
kbakazami,9
SORENMUSIC,1
darkblacks,1
Thor0589,1
Dimm-ddr,1
abdulaziz90,1
oliver-allen234,1
ellery97,1
EyimofeA,4
brian-d-b,1
NemanjaKovacevic15,1
justaride,1
nixhex,1
datiuemm,2
xintamosaik,2
lightondust,2
StakhurskyiD,1
LonestarSpaceCowboy,1
e-andrei,1
Pequicu1,1
philippe-eecs,1
ColinBuchheit,1
ssanchezp9,3
OsamaMoftah,2
harsh-bridgetown,2
agialdi7777777,3
NewAmazingPVP,1
anshumansp16,1
filip2428,5
dasZugferd,1
dotMavriQ,2
nexternex,2
kfuruichi0920,2
r3l1c7,4
MaximilianLombardo,2
gilescope,2
boggarapusaisurya,1
Maicky0608,1
CladZo91,1
GPTaccount,5
PiElJay,1
eduardofroes,1
tsukushibito,1
zeecomiccc,1
cristobal003,4
mbolaris,3
happySem0,4
GomezAgustin12,1
msfuture,2
ckjdhufihdfuhugdy,1
sergeykuzmich,1
teer-jarh,1
valenWiselink,3
swl007007,2
CodeByDouglas,1
qsdrqs,2
neibc,1
riffluv,1
arunpon,1
EliteIE,11
zainadil,2
sahikaydnn,1
ju496,3
jck-sz,5
ryamaguchi0111,1
changhak0310,2
GabrielSelvenca,1
MrMortem,1
CelloxHolmes,2
LucasY12138,1
Begli95,1
ash-meta-verse,4
Maxuvious,2
damiancanelles,5
DEGGLETON2,1
brunomouramathias,1
Sparkot49,3
lucasbruch,1
salvarezdres,2
usernamap,2
rinaldifrancisco,1
Dogzera1,2
Anakin787,1
IftekharPial,2
Zhatra,1
ALESSSOO7,1
NuggetNuclear,1
Rievil,10
kinihun,3
quantum4edum,4
Mindset-Art-Collective,3
bhanuankam,3
fabianoy2k,1
lehungquangminh,3
ackbarix,1
marcossantana03,1
Saurabh1999,1
bkhoutia,1
GutsanDVC,1
eliottvalette,1
JuicyKray,1
adrianoggm,1
joymoods,5
AsmaaSamy9,1
dimastrim45,3
xg3ce,2
kejsardamberg,1
chrisvanwi,1
martinszkita,1
bigtennet,1
forhn37,1
Jarvuslin,3
dorryspears,1
Cam10001110101,3
T-Yashwanth,3
Xylophone58,3
bkpcoding,4
H1ppalectry0n,3
sebdah,2
mustafa1337,3
TieleDeclercq,1
kaylonm17,2
GabrielBergamim,6
samy-dk,6
DavidHerel,1
faelmori,3
giuseppelanzi,1
sheevu,1
Jethreetwo,6
oscarhoffmann3487,1
AGSQ11,8
varindersingh83,3
kakashii13,5
jseborga,5
Ed0827,1
Djim00o,1
nielsbosma,4
uzz1,1
DevMatin,2
joshpatt2,1
Blovak,1
Medusa13,1
JonasPoli,6
borohhov,3
t-titty,7
peytons,2
ajdichmann,3
JeremiasKoch,2
nribeiro,2
iamEvanYT,1
ciscosurfer,2
ricmazz,1
codycrampton,2
mnaeem1,1
Sid-McCoy,1
Smrevilo,4
killmedeadme,3
VijayaranganPR,1
soygabimoreno,1
ZingZing001,4
AliAsadi,1
benjidsv,1
Djbermor,9
Ahmet-Kaplan,1
thezaff,1
lambdaJasonYang,1
BAYRYO,2
BillShah,1
prudrap,1
24rishabh,2
ahmedosama94,1
rsnt,2
MumeiHito,1
JulienDbrt,2
solal3105,4
kamaal111,1
AbraarMohiuddin,5
Artenes,2
thestevenlol,1
youracklee,1
Sai-04021210,2
abbasalbukhari,1
ArpegeOpera,6
zhaohui90-lee,3
Dranser,1
alohia,1
mzeidhassan,2
jenifers001d,2
peterly23,1
bsyedumar,5
MLo7Ghinsan,1
AoboDK,3
georgefuru,1
pranavaparekh,1
marchaenni,4
bagricekpico,3
hung-dong,1
Jesper1802,1
josephussanctius,1
IanWorkTaisun,1
gabomarchanta,2
JairC137,1
LouisBHouston,1
jhonyepv,1
hidekatsu-izuno,1
carlospuntog,1
rfjk70,1
antoine7,1
alg77,16
VolkyoDha,3
Miner113,1
YatMn,1
Temirkulov,1
Samajoe,1
MattFerdinand,2
william9402,2
andybak,1
Antoine-SIRVENT,1
rookietorocket,1
Khosrovf,1
shiqi-ong,2
raduzoom,2
usman342,1
judicial123,4
leejinsoo1979,3
gak97,5
shivpatel0812,1
souliya1150,1
bhavykhatri,2
Aqualung07,1
eastLight210,1
unknown1fsh,5
itsmepvr,4
Azamat9999,1
BilalHantik41,2
SvenVanderwegen,2
wjdgustn,1
chandumlg,1
Pat-devs,3
MarksonChen,1
bluejun0901,3
j4yc3-mw,2
Imdni8,2
iahumadaz,1
SSKG2602,1
Autmn134F,1
MikeArai,1
JOSHUA-KINYWA,1
Zippysquid,3
DevFenix3005,2
fraschizzato,3
lshwjgpt25,1
kygwang,2
LorenzoErcoli,3
bellwetherhomesweb,4
Abdulaziznas,2
manuelmariscal,7
th3Boer,5
PeterFleischerJr,4
sophialwu,1
smyeong123,1
ghlee5951,3
greenbydefault,2
beatrizquerino,1
ypcypc,1
Zen0x7,1
pierre-cm,5
aronpc,2
alexeevvasea,5
GrupoGps-Mecanizada,1
bngamr,3
Sagvox,1
owenbcoding,2
GALGALLOR,4
mathcbh,1
nicanor,3
movchan74,1
jaspervanderee,1
igormolybog,1
mkemalmayuk,2
Drznedaj,1
miflexr08,1
DanielLavie,1
Woldasss,3
mazuqueli,1
Marcin13,1
Beor18,2
KleberRhuan,1
iizii,4
SmolinskiP,3
PrashamTrivedi,1
SimeonKovachev,1
akashakthi,2
hkjs96,1
Tushar-Nagdive-Dev,1
gtarun,1
LMcAlpine,1
abdul-2125,2
taeryu,1
selvs-dev,4
alessandromarici,2
hlgssn,2
albertoivo,1
daituka,3
timmanik,2
thebigcafeteria,4
nkzarrabi,1
angyuqian,1
diso98,1
MerariJafet,2
ravi-pabbati,1
aazo11,1
Medu-coder,2
MenBitcoin,15
Allen-Rogers,2
Anuj21bmw,1
misawa-budg,4
YasirObaid5,1
bmachado18,1
ethanlee16,2
cyroul32,1
LeonardoRFragoso,3
Lounicilyes,2
smgabardo,1
alexgao-gx,2
skellofr,1
Hashan-Peiris,5
soumoster86,2
wincowgerDEV,3
shikhar1verma,1
ZZUZSL1024,4
Kabir02019,1
bazaha,1
iceblue7x,1
KristofAI,1
Alex-Yaniuk,1
Photon-GitHub,2
jimli1231,1
UmarMukhtar0039,3
rpiasentin,1
yomero243,3
techofficio,3
jgdeutsch,4
smanikantam,1
hu-po,3
VinceBr1964,1
ginyup,1
yhc0788,1
Clemens66666,3
valekseev,4
aakshey,3
shuu1992,1
h602120,1
michaelyliu6,2
HystDevTV,7
eziquiolobao,6
Clickqueros,4
rhnfzl,5
NLipatov,2
C0deCat,5
Imamazhar121,1
DataWithDino,1
jan-kir-wwu,2
Welisson-spec,1
BrandJaydr,1
khaled5i,1
efader,1
kramires,2
jgraziolaVU,1
gabii998,1
fernandojoya-lynkmarkets,2
fsciacch,2
ryanoZphoto,2
nnance,6
MAYCON-RF,1
Carlosvleon,1
tc2fh,1
badlerSI,1
jviejo18,1
krishnaap,5
brunolerin,1
userr2005,1
vishalxai,1
BeeTwenty,3
123panagiotis456,1
renanfroesdev,1
adamdubsky,1
ayothedoc3,1
ibbo,1
IgnacioDemarchi,1
nbirchde,2
Rhodius98,3
Niiark,1
GuilhermeMurari,8
krventures,1
crtvrffnrt,2
10kpw,7
luiscavibot,4
Sitedept,1
Daniel-Froes,2
tumainimosha,1
binlawwal,2
kiprella,1
theemperor66,1
fadi26,2
MiamiBran,1
kozuki1126,2
Jellyyyyyyy,3
GiveMeAjob-job,4
carloscascos,1
gilmarwsr,1
BigHammer-Wang,1
Smithy1711,2
lskdream,6
Elegantedev,2
judilero,1
BlacPharaoh,1
Joseph-Rother,2
JuanPab2009,2
rayhanzph,1
KyleCurtisBiz,4
ublake,2
Dr395,5
fbmoulin,1
fbaptista,1
paulvales,4
Blackacre86,2
Adieuf,4
brockyeah,1
dodoya1,2
Manidhars,5
hoanlee0802,1
bixiayuanjun,1
Fare-spec,1
lilxr,1
shaneweisz,1
fatoshalimi,4
dharani-dharan-11023,2
medgu7,2
GeekBro1337,4
justsomeonexd,2
phdduarte,1
yoce3,1
TahaRha,1
RbRe145,1
darkogj,3
tobiirgendwas,1
Sperbersebastian,1
0815pascal,1
anders-grimstad,1
lucazell,2
DigiEuro,1
konimmo,1
soysan,2
Weespat,1
wongfei2009,3
Tevaor,2
qua8ion,3
jirawitkoko,1
dmnla,2
rmarti55,1
mstb79,2
ayyadurai286,3
ismaelvega,1
NahumTamir,2
melbas,1
SandroGansner,2
LemonsHi,2
joaopedrobn,1
SrCaracol,1
yuripadua,4
illikay,1
Slayare,1
LaChance971123,1
MaximoGalindo,1
chikocosta,2
rgehrsitz,4
V3XATI0N,2
davszabo,3
cope000,3
lazo86,1
Trinadh2000,1
rShetty,1
digitaladmin25,1
wagnerfranca,1
krolow,1
mbonnet54,1
eamori91,1
arda-tugsat,2
christitensor,3
inhousesoft-official,1
maltyxx,2
dybovalex,5
mleo22d,2
PanxoPanza,2
miketsl,1
csThiago1,1
FarshidABZ,3
jwrsimons77,1
guanghuihua,1
iMoovSmoov,1
mbiswal94,1
BRAINCaen,1
iproch,1
onurqnel,1
brettdup,2
SentimoAi,1
mku-oss,1
BonEvil,2
HWezyrmas,1
chihming-0823,1
Yogurtheyork,3
LuisAdrRamos,1
darko-mijic,1
1BoNoBo1,2
Fabienmanh,1
jflorperitociberseguridad,1
arnau126,1
GarethHHHH,2
ozkkadir,1
ushiku,5
agentwolf27,1
capio98000,2
eraofankit,1
polmat77,5
Angelopall,1
reandov,1
valentinstolkiner,1
KodiakAS,1
Mikebillo89,1
Kirscher,2
NanihOba,2
jwmacd,3
wera3000,1
FerasAlmansour,1
ll7,2
desaintmartin,2
Tellur132,4
jhacksurf,1
eddie605134,1
saurav-chakravorty,5
jeffersonqiu,1
CloudMonkeyCoding,4
Jovenjr,2
pedrosoandre,1
OnoSan69,1
drkaskarli,3
Netsrakmas,3
alexbohane,1
nmrepos,2
pappacorleone,1
colemarcuccilli,13
m-brtn,2
toru1998,3
pr3ception,1
TheDivine,2
xmkos,1
Damien-Ergun,2
TezzXLabs,1
Gronemeyer,1
VirtuosoEric,1
Kino1994,3
yzcmf,1
rbhans,1
kaar,1
oielsv,1
GmaMarketing,2
Resiog,2
fcerqueirarocha,1
francoriottini,1
shin-dong-hyeop,1
edoski,1
yhj0904,1
christhoval06,2
Lmshimokawa,3
NicolasPazz,5
lanarich,1
GrievanceToolKit,2
dongmin0204,1
KylerBaldwin,1
mukulvashisht1026,1
nicolai-wachenschwan,5
slendidev,1
ValRiseup,3
MrFrozone19,1
Lupus,4
cloudcerebro,2
abdeneve,4
rodriwcastel,1
mackross,2
TerMus123,2
leosilvarj,1
VagnerBomJesus,2
optimisticjuice,1
michiyukitasaki,1
learnwithvikasjha,1
choi7858,1
NebulusNubium,1
tabear25,1
ArtemM77,2
ScolaMatheus,1
Jirigesi,1
tonalebrgooapp,2
hangerine,2
tizzleh,4
donghyun-kim94,1
tagai-freel,1
saivarunraparthi,1
yedi18,3
hayk-corpusant,1
flowtime-lab,1
androed2024,5
rgs9377,1
Statrue,2
jeepies,1
dangdd2003,3
joone-inc,6
terisuke,2
tdgmmg,1
canerskrc,2
faircourt,1
BolasLien,4
arlopro,3
zhaozijiv,1
khaliladmi,1
daniq350,2
pyXeon,2
chrisdunsmore,1
jesjams,2
AdrianoGandini,2
stevenyang523,1
k4nj1i,3
Huangjp0915,1
jinruishi,1
MayoPickle,1
Elyar-Rose,2
kevinematic,4
mj-mehdizadeh,1
jonhill90,1
chrisbrooks13,1
Hyeon0129,1
Prabath98,6
fitne2,1
JAGC-siete,3
CodyDenghel67,1
joseph0926,1
yutaro0915,11
REVANTH-2-0-0-4,4
brryfrmnn,3
kaycelin,2
bgautijonsson,2
presyncope,3
yigitkonur,1
f3rhoodn,1
trabenx,3
jlp717,4
gllera,1
Mnogoiksov,2
jinglebells2020,2
JohannusK,1
NickNL90,2
corpjorge,1
sunsu123123,1
rporter2,1
roslov,4
koichitamate,1
dohzya,1
nageshkm,3
MarcosGP20,1
bddap-bot,2
tanoret,4
Fillllo,1
Masquerade-7991,1
Andrekcar,1
kai33,1
lukaazman,1
Layalbekai,1
bptest-machine,1
moneyyiiss,2
Lunartyx,1
Dugi000,2
andyman2311,2
Digireco,1
crowsal,1
ohnishi-git-dev,5
ToiletVoter,2
Arturage,1
lazartodicBP,3
Cgallegos1994,1
itrider-gh,1
POlLLOGAMER,1
fablamenas,4
raphaelpalacio,1
eisi82,1
xqiu,1
ibalpinar,1
JasonCaoGit,1
rwolf-eng,1
kularis-jp,1
pchlenski,1
VladShulik,3
JaymKim,2
jiho09,3
phatcz,1
mnabbasabadi,4
h-k-nyosu,1
erimburak,1
ferzle,2
th3wingman,1
gerrymiller,1
davicsensei,2
Teejaka,1
dbn000,1
thedandare,1
guyyuso,1
poko251,1
IwoSzempruch,2
skrzyluk,1
supernovaaa2024,2
Artak-Ananyan,2
sousukems09,2
Antalistvan77,1
bozixuq,1
CodeDraig,2
gendev1,2
SRshohan,1
thethirdwheel,1
Macjob,2
Somedude5,1
thevivekdwivedi,1
MohamedAliSmk,2
yanbierhals,2
casper12340,1
paulgain,1
david-alonso-orca,4
thibaultmathieu,5
amuta,1
jpvcarvalho,1
Hieropold,3
MathijsAdriaensen1,1
DLHForsberg,1
ManlymanSLC,1
J1KBeats,1
garbuzenko1990,1
dnss1992,1
pjabie,1
Er4564,3
SoZ0,1
hanson-openai,1
Jasmin25,1
jcsk,3
shoto290,5
samuelgm-openai,1
eriklinde,2
Firerouge,1
oleksiijko,2
iopsyc,1
BilalB84,1
abbasi303,1
Beast0805,1
Shiesser,1
Crypticccc,1
CB012940,1
acwilsondev,1
Ololololololo-maker,1
jstefaniak99,1
Informatixes,1
Bonello594,2
PotbellyLabs,2
MarcinTowarnicki,1
jjo3fam,1
mehmoodulhassan37,1
ciromreis,1
Amau-2004,1
Knuckles92,1
Antilaop,1
tomyermo,1
HeikkiHauskaviita,1
shefospecial,1
Flyingfish812,1
panderso187,5
ghufran1942,2
nipunbatra8,2
mfridson,1
prithvirajanR,3
carmine19,2
jmolinap2,2
aducret,1
syndrome500,1
andrecastrod,1
yskrios,1
Cavalheiro93,2
soblenes32,5
atimad,2
shashwat12304,3
devinatkin,1
Joaooh98,1
ansemin,1
Kronten28,1
ayotomiwasalau,2
brianzliu,2
chisouche,1
helgasoul,4
pdtgct,1
ALiao18,1
alexei-led,1
CarlosVilchezLopez,1
EkinL,3
zegve,1
ambicuity,1
gkfsupra,1
rwjdk,1
johngtrs,1
juanmadelboca,1
lolosambo,3
OuahidT,1
alpacinos,1
phhl,2
suinchoichoi,1
diegodlhg,1
arjun0080008,1
elrbx233,3
mesquitaoliveira,1
soyrodrigo,1
Jayben2145,3
xrdevrob,1
Suzacque-Z,5
dreamxgn,1
puemos,5
Potestas06,4
rubenakue,1
ferminmg,1
jose87-design,3
goya962,1
Boilerplate4u,1
emyelsamy,1
Chihuah,2
marshabl,1
Tlfields101,1
parinexus,1
mairiarob,2
Montelameda,1
adperem,1
erdalcaglar,1
tbreidi,2
joeltlc96,3
StijnScheltinga,1
pedroonovais,1
w54776677,1
Gomichan10,1
Abidimam7,2
the-acai,2
michi-michi,1
JoaoBatistaDantas,1
pablocuca,3
Efe0909,1
lschlessinger1,2
Huguet57,3
webdesignerdesjahres,3
Morris5400,3
owen-yap,1
tfumiaki,3
sauce-git,1
naykutguven,1
Bayak2002,1
barronlroth,3
ZiyaaddinYaramis,1
Davi-Simplicio,1
ctphan99,2
varun2388,1
HyunggyuJang,1
amjadmajid,1
rubenwest,1
Dalaska,1
SamuelDevdas,1
Amirjab21,2
kmwijnands,1
Alee-yusuf,1
ErickNUPS,1
eelzam,2
uni0ue,1
leerob,2
snagori28,3
anupvanarse,1
FAREASTEAGLE,1
yacine123732,1
kossichris,1
pratkpranav,2
obedmacallums,2
Rick-hc,3
luc-azen,1
eduardcenteno,1
devAgant,1
mineTomek,3
nizarhaider,1
taku335,1
Xothothz,2
gaoyuze2019,1
williamhnyohei,1
madang6,3
Luxorum,2
Pehobr,2
neepos,1
virtua10ne,3
wearecollaborative,1
herianwar,2
abcde090,1
Krystian123q,4
danbrownusa,1
geonhee-9,3
Taher31,1
Idiot-Cabbage,1
evazemtsova,3
lolerwaffles,5
Dyl4You,1
doqendev,1
TheGuyWithKnives,1
reiyw,3
intlrahul,1
neosoft2019,1
Dml35,1
adkri,3
AdamPavlik,1
anagornaia,2
Hang-Xu,1
Matthias1933,1
DavidLopes7,1
MyPredictor,1
csidevrik,5
WPTK,1
optiflow,1
niyas-basheer,2
MaiNhatHoangY2001,2
vocseven,7
hpdevelop,7
nishantaMishra,3
rlaneth,1
yaredwb,2
paulpv,6
pablondrina,1
kenjtomita,1
Unicorn0-0Cakes,1
Projtech,4
hoak04,2
effitag,1
Macholu,1
bluehatchet,1
tarifbd,1
Geertvdc,2
cesagg,1
RobertoGD,1
robbienukes,1
kritollm,2
rh363,3
denysbutenko,2
Yeom-YungIn,1
GabrielBirman,1
Raymond-Owen1-137,1
ganjiron,2
shdehnavi,1
dyshko-taras,1
CincyDevAI,1
voira,1
napalu,1
unix14,2
practikalaus,1
naglissul,1
kidu2k3,2
aishvar,1
lukacslacko,1
xykaxayc,1
shruti698,2
koogle,1
Project-ELYX,2
Tabassumbanu786,1
H1p4zdev,1
mayankrichu,1
Remeziz,1
Shuyib,3
mauedem,1
nguydinhvu86,1
hidden-city-routes-ai,3
aerochem,2
Seongyoon-Jung,1
insansantana,2
simonlambert,1
LaithQarqaz1,1
swapnilgaware,2
gonzalof9991,1
erickrmoreno,1
cmtat,1
AlghamdiMuath,1
tqhbcken,1
gnzjgo,1
trobert21,1
welovejeff,5
wesscruaia55,1
pmerrison,1
sj1035113,4
GritsyukLeonid,1
aseetharam,1
jenbyrne24,1
MHunterDavies,1
CathalGCurtin,2
emirnhiof,2
patrikgrill2020,3
SKbarbon,1
eunice-hong,1
daw,1
Toru-Takagi,1
Showmeyourland,4
ajaygb01,3
coherent-cache,1
YerraNaveen,1
zilus13,1
drewfranz,1
GonxKZ,2
lflazaro,1
PerfectSlayer,1
iMammal,1
niklassheth,1
kk1fff,2
ananurbaiti,2
jordanshoesss,1
swanniegit,2
hbacares,5
CoderDev-bit,3
JonasHeller1212,3
dansleboby,1
anfieldlad,1
zeinalamah,1
PavolBelobrad,1
t3nkays,1
rotemreiss,1
tanveerxz,1
luctmc,1
DNMedia1,2
DrSalvadorTA,1
BekaChkhiro,1
soraabe,3
anarkaike,2
HaoTruong1204,1
noahgenti,1
Kajal222,1
FahadBinBashar,2
pavlogreat,2
talgball,1
diegoitaliait,1
forceki,1
IslamAliy,1
tanim-ics,1
GiantRavens,2
Donutcat666,2
jacksonguru32,1
poopycoopy777,1
Leo-Oberndorfer,5
Bluxeds,1
SixexTech,5
pierozannini,1
bryan01993,1
AJJ9,2
DigitalCommonsLab,2
NuttakitDW,3
nbai1,1
SolisysDigital,2
nemethge,1
KEDBerna,1
EduardoArthur20,1
gencay-strata,1
saadelm,1
Benvii,2
GiovanaGiorgi,3
HaoweiChan,1
OsVox,1
costinul,1
cviofreitas,2
IkaKomura,2
pepossg,1
captainion2119,1
ashwor11,1
ajax936,1
web3pm,1
alwin-sync,1
MedjahdiKaram,1
leMaxter,1
laboremus2016,2
Alastair1234,1
Mark-Hofmeijer-QM,1
CektantGit,1
atilahjr,1
svnshvne,1
Chenyue-Guo,2
radoslaw-grzywacz,1
iagosilva0706,2
SuprithChandrashekar,2
vuongndlst,1
frankwiersma,1
georgeherbert,1
alexkeram,1
MubeenMohammed,1
jasonkradams,2
joeg2984,1
FreddyBicandy50,1
hassySandboxer,1
absep98,1
sarathefrog,1
Nitin162534,1
digiturtle,2
dbertucci,1
sachaars,1
Bhaveshsadhu,1
simovicc,1
TechieMoon,1
Kemeriets,1
pailek1996,1
NitaStefan,2
TheoFera,2
DionysusLing,1
ssjob88hh,5
Sachin0827,1
Anu3ev,1
Sonderaitherapy,1
aaaxeeell,2
zhcodex,1
Leto82,1
darioschi-dev,1
Lamarcklak,1
ThiagooFrs,1
pro-pedropaulo,2
Pauloa90,2
novabrandbr,1
nathlobat,1
rodrigoreisbr-tech,1
NPeyroteo,1
LMZimmer,2
turlygazhy,1
RompfRobert,1
sidd1051,2
vigneshwar-lyric,1
ankeet13,1
hydrogendeuteride,1
anoningyou,1
lgreif,1
otw7917,2
Shaterz0325,1
gjinee,1
CHINGHSIN1991,3
zhiyuan-1iu,1
LAWTED,1
huhuhuhr-1,1
tsun-chuan123,1
Akimoto154,2
smkalle,1
faizbaloshi9968,1
naturburst,1
Preetham041199,1
Nishikori-Yui,1
Dinlon5566,1
noneuf,1
saeed-54996,1
HowardWHSrun,1
IMAVCI,1
hebertcisco,1
abarrantes,2
brandgul01,1
faniereynders,1
SkippyzNJiff,1
np123-glitch,1
adrianoLombardo,1
seoyoonchoi,1
bestsleeper,1
IanKleimans-Pur,2
Miro4716,2
DannieBGoode,2
orloffv,2
cmwaseemyousef,1
CleanExpo,2
romagornostay,2
Ghostpilotai,1
haesleinhuepf,1
madusankamad,1
tkyosuke,1
VolkanSevinc,1
h-mayorquin,2
yaung0ju,1
tuempeltaucher,1
wansuite,1
aedge72,1
happyherp,2
tanwithme,3
jiayou726,1
cafe24-ywjung,1
zeroliu,2
raisen,1
david-roark,1
chrisdrous94,3
scasella,1
elaimy,1
alexamiryan,2
laurabquintas,2
jangByeongHui,1
elissandro13,1
Wallee87,1
IINUNOII,1
m0xng0,1
DaveBum,1
dreamnear,1
liHcJGddIegV,1
Winspear22,1
rothmat,1
RayaEspi,1
walkawayy,1
Feellke,1
WedersonCD,1
mohroba,2
plbland,1
satlawa,2
mcodevs,1
Ricky-G,1
themohamedb,1
milangohil,1
Brenofvs,1
oopupdeep,1
Tensho,2
msg2santoshsagar,2
olebhansen,2
jkitchen47,2
beelapranay,2
Apollous1592,1
Vibhav-creator,1
jeffbyju,1
BijanProjects,1
Shinyeiceblue,1
MasloNick,3
microGears,1
sitisambal,1
Clockcode,4
JAPO-cyber,1
CharlieEriksen,5
MarcinOstrowskiB3D,1
Mugiwaxar,2
Morty-akard,5
Ajooju,1
gil-mim,1
awsgarra,1
hannanlukas,1
tengle1080,1
ajkileoo,1
AbroadUmedaShota,1
bimberus,1
clopez07,1
ashaugusto,1
dadodasyra,3
wnewcom,1
Boda-CyA,3
udaysr17,1
H2K2U,3
Magicarpe1,1
zlrth,2
es9999,7
Tylersuard,1
urological,1
ghostwolfgg,2
Nyktein,1
damianogui,2
TIENDASAMC,1
Telpizd,1
Nurlibaj,2
mateusmacedo,1
oozturkplus,2
Suranjit,1
ftakelait,1
AviJayaprabalan,1
pouleetbasquaise,1
WOOTAK618,1
slipkriver,2
MCVelasquez45,1
lclms,1
chetanesoo,2
goodmonson,2
roydipta,1
nicolasrozom,1
IAmFreeze,3
thesimpleai,2
ymori1212,1
cloudURBANE,1
divyamohan1993,2
CogAgent,1
beikeyuanhw,1
Maxi-Max10,1
tomazov,1
almond-bongbong,2
vladmish1993,3
fa2k,2
deepduhariaofficial,1
devmayuk,1
ludogiorgi,1
elifaulkner,3
cwser,1
ernestterjyan,2
Scooletz,1
Maskoko24,2
timothytran051,1
carved4,2
MayssaHH,2
InfiniteSolutionsRalf,1
ilgolf,2
Karehmaciu,1
sof14n,5
Jman4190,1
jlog-dev,1
SKay197,1
NicolasGomez-PlastiCool,1
sideby-cto,2
mangelperis,3
Deonaf24,1
joseconti,1
AbouOpenSource,1
cuthbertyoungg,1
xushilundao,1
myuon,1
Daiyan-Zubaier,1
petergwilson,1
Levi34-code,1
matiiguzman5,1
jnellis3,2
bsnoopy,1
Zephkek,2
MaxITService,1
chojondocho,2
direttovidi,1
Muhammed-Mustafa-Dastan,1
beutler-oai,1
informesFinanfuturo,1
BenjaBeroiza,2
xShadoeWarrior,1
Spenny24,2
jpvelasquezp,1
hiasinho,2
MohamedKiouaz,4
qda-sw,1
everssteeve,1
alexandre-rey,1
Onitsag,1
gurayavci,2
realtorvSPB,1
shabanasif374,1
louis-noirot,1
Funjabi1,1
Panthevm,3
sagsagg,1
silvadanoficial,1
shataloffb,1
gomeshun,1
tomipoch,1
Flores41,2
jessifoo,2
madathil22,1
links1234,1
Maa0shaker,2
Timlessmarrakech,1
starkoracia,1
kundaria,1
sdip15fa,1
TDesjardins,3
Hydriox25,1
Areziusm,1
dmxlol,1
arria211,1
Kris22krishna,1
OminousIndustries,1
VadlamudiGirish,1
Nailytic,1
docdann,1
kinqwan0,2
chsurvey,3
a13xrzteach,1
Beast12,2
Robrivers95,1
weballin02,1
supersational,1
franciscoqueirozdriver,3
StephanBaum,2
Unishadoweuh,1
edvardsbukovskis,2
Ryokushen,5
cmgreen210,2
cparsania,2
davedev1150,2
dewKonpat,1
Nithu0,1
OfekAvanDanan,2
pitterxp,1
Max-McLaurin,1
tanishpatel0106,5
Javierg720,2
thivistan,1
Himanshu7510,1
Aromanor,4
ellis-coder,1
rogadev,3
alvarovito,1
stuartsebenza,1
Sulaiman12ss,1
gsundin,1
nir-maker,2
David222ddd,1
nikolakopoulos,3
think-days,2
delliottlg,3
kvalencee,2
x0y-gt,1
kushl49,2
osv,1
Trenton140,2
Alpha07,1
oleg-glushak,1
TariqAHassan,1
Godblessmylife,1
Mixhael25,1
Lewapek03,2
htalat,1
msm8976,1
GabeMed,1
beneccli,1
userbox020,1
BuddhiAbeyratne,2
GabrielValim,1
Antoexpo,5
krdma,3
Sancus,2
retsubhtym,1
pvalienteverde,1
666Courage,1
oitakotsuGit,1
prophetofprofits123,1
octaviovallejo,1
nowex35,2
bartek-filipiuk,1
drox1o1,2
denchiklut,2
IlyaSulli,1
the1bit,2
lsnoglos,9
ClaudeFrancoisForever,1
Chrisrdavid7,1
DeboisUK,1
valayDave,3
ap1scrap,1
KhaingSuMon,1
ismoy,1
jackfromeast,1
puftare,2
balda-90,1
HugoCanseco-maker,1
fiftycents500,1
crumZo,1
balds235,1
JJ0236,1
muskan888,1
ben-greenwood,1
pinarlizeynep,1
Psicyela,1
skalthoff,1
AlexanderKopyl,4
pberejnoy,1
AltamimiYasser,2
djshafran,2
Jairoxd98,1
glaubereisferreira,2
MadjinnOne,1
JI8,1
danajanezic,2
anwendt,1
Chennizer,4
michaellawrencemorgan,3
FezBox,1
bobcat4848,1
MaxMadCodeMaster,1
JustinKuhn1,2
ladsontech,1
matrosov,1
jay-bman725,1
fishcharlie,4
Sahil-Koshia,1
JayantBabbar,1
adnankarim,1
AN6334,2
maxrusse,1
Thanveerahmd,1
sreenathpradeep,1
giert,1
dambor,1
BlockJakub,1
pimvanberlo,1
jakebraun,2
tamasViktH,1
Aram9574,1
bu3lii,1
3eppi,2
akmal-deriv,2
Isshinfunada,2
jamestannock,1
01vadim10,4
Lepr3sh,1
rtrapp,1
clipo,3
RubenWegman,1
IntellAttractAI,1
AbhiRam0099,1
chandreshkkhatri,4
jjohare,1
crawshaw,2
erichuang0324,1
Tarantola23,1
fathnan15,1
Chris-b-aka-crispy,1
msehabibur,1
chris-biagini,1
warikjames,1
berrabah,1
Jasperdeshields97,2
EdzkaLT,1
markrmiller,1
nagatakodai,2
hxa-redversys,1
Luizinz00,1
davihar,2
gamepal,1
issyngissy,1
mchibly,3
Ddassa,1
DecisionNerd,1
VoicAndrei,1
JStec0312,1
ln64-git,2
radzserg,1
LHS1397,1
GilbertGewargis,1
DamianBugaru,1
SchroederBrian,1
rom1kp,3
ivoanjo,1
cxdima,1
kucht2025,1
IdanRodri17,2
Kirill140992,1
DenQuizon,1
sivarp,3
OdimarFalcao,2
junyanchen123,2
clebersleite,1
DELAxGithub,2
LMindadze,1
jonasHanhan,1
amin-aljebbeh,1
alondene,1
Elkhanany,1
AimelHassan,1
CrabopuluS,3
araujopedrop,1
camilosoler,1
real-jiakai,1
bseib,1
robjo82,3
adei0418,2
mishafilonenko,1
pranay725,1
RamBeer6,1
n8parish,1
BucKz96,1
blackorbit1,1
srihariedm,1
elahd,1
askmuhsin,1
kalilman,1
mariamisaeva,1
Jsgordon420365,1
t123omme,1
azs06,1
phil-melton,1
anons191,1
jacksen-ng,1
RoMen2315,1
ziggy73701,2
derrrick,1
bhavanaravipati,1
jncdke,1
krishan123-desgin,2
Adarsh1999,1
Adamvillaro,2
amiyamandal-dev,4
AlassaneSECK,1
arnavzz,1
Huang-Yongzhi,2
venusn99,1
itamarandrade,1
SorryForMyEnglish,2
kmadorin,6
Crinlorite,2
Haardt,2
oaugustopro,1
PAKalucki,1
MalharGadge,1
akkhu,2
burn-hell,1
cherifsahraoui,2
AHKARHEIN0,1
Fergusfin,1
treytorrez,1
Buddhilasiri,1
geokal,1
robofan45,1
Ecolohosting,3
dadrian,1
shao2003x,1
marcossilvestrini,2
NathanReed2,1
FernandoMontesinos,1
AtiqAakash,1
hashtagf,2
Floshii,1
pedroeckel,2
riyan242,1
geekan,1
chale1342,1
luciano2000,1
Nau-bu,2
AntoniaPellicano,1
lpetrus-tempest,2
Maboo420,1
kyata002,1
ETanai,1
goodfitcareers,1
fbourasse,1
dimusdim,1
ElCuarta,2
optomachina,1
goneale,2
JMy1123,1
MirrorMediaeg,1
joehulsizer,1
darklodus,3
iabdukhoshimov,2
andrewdangelo,3
jcatrysse,2
mperotto,1
raymond511,1
IAMATALHA,1
vodrush,1
andredeloque,1
eternoinvisible,1
osmo-noscozors,1
encodi,2
rammirata,1
VoxiByte,1
looomenn,1
schnogger,2
chockslam,1
Maxgagi,1
jaremieromer,1
annaglova,1
peterman22,2
DemonPlay4,1
kmlutkmtll,1
kashi4kun,4
yanagisawa-design,1
NCAutoandHome,1
heyitsnoah,1
Entiivi,1
bagantonyan,1
davidrtsmith,2
almercier01,2
pulkitkochhar,1
Atha-rva,1
yugendran-933,1
wasabina67,1
himangiarya,2
MadInventorQDB,2
DexideIgnite,1
lombardilomba,1
lukassso,1
Sergejfritz,3
rajatguptarg,2
NotosWind,1
MarcChen,2
mrterdemr,1
johnjdwalker,1
guypi001,1
stormcoreofficial,1
Paragon-Dynamics,1
Sylver-Icy,1
coconut49,1
polskiTran,2
kapalive,1
JoaquinELeal,1
sherlockvn123,1
Emjust7,1
oWASABIo,1
felipse,1
skilesare,1
ptonion,1
JakubHrbek,1
jkarimov-haulerhub,1
TymoshchukMS,1
lovcavil,1
Carl-xxxl,1
ChenyuL,1
Anglais0608,1
Felipe86100201,1
enriquecrdv,1
RubenDomiguezG,1
erickofs,2
alpergin99,1
BisocM,1
eiredynamic,2
jaybo1001,1
balazsbme,2
humanhealth,1
kreayshunist,2
LoyaltyBeacon,1
senhordossistemas,2
Aykut0,1
Zeky69,2
clemdc40,3
Nissart199Goat,1
evolation,1
dileepnmdev,1
Spmccurdy2,1
marsh-tucker,1
KittenCN,1
eramireztorres,1
ivanmalov,2
asmaamohamed0264,1
seongil99,1
gmt,1
Isuldra,1
amoutaleb,1
HappymanOkajima,2
Dopmeyer,1
mpreusse,1
BielTeles,1
hozansahin,1
KempAyenda,1
YlD2xw4rf6R5tQc,2
65shutosh,1
ljdennys,1
Ameen-Alqattow,1
iainhouston,1
felixmaximilian19,1
olegkotsar,1
salsburygroup,1
markmesquita,2
rileyhaas25,1
FacuTaborra,2
Jaynautic,2
juristr,3
SimonCourteous,1
IKatsuba,1
boiBASH,1
HelioPri,1
EBNSchindi,1
LittleKittyPaws,1
kelshazly,1
warren00857020,1
osmantom,1
balajikumar-galla,1
cgenereux,1
eliasbest07,1
ludcode,2
Andrade001,2
kntshr,1
HXuanheng,1
c0der-git,1
iamclu1914,1
gotacode,1
jonastemplestein,3
jasonethicseo,1
shahrier,1
ianmgdev,1
ZerocouldBR,1
SrikarRavella,1
Luis-ABR,1
rupam-work,3
Galih773,1
Mehdi051092,1
GSzabi11,1
hoanganhle1697,3
Cccccccccccccccccccx,1
wbuchwalter,1
Devisev,1
joncchiueh,1
GearUnclear,1
Sepidehri,1
FatihAraz,1
waku893,4
usrbinrebel,1
kmahesh541,1
agshipley,1
onebitebitcoin,1
Eduar1981,1
Rispondere,1
FlexNetOS,1
hey-emir-kaan,1
Gregxhill,1
getshellz,1
Lin87,2
Gabrielinf,1
shenmi175,2
walterrvf,2
skatariya,2
dlomojo,1
akharrou,2
chongkelv123,2
dankmrpanda,1
fmccas,1
itmvrco,1
Soniblaizer,1
torfluor,1
idhernandez14,1
dheybi-cervan,1
FilipeMarch,1
Nissoh25,1
yannickwurm,1
B0LK13,2
MuddasirNaveed,1
lancekrogers,1
eoneruw,1
ckdk9530,15
phuongtuan1803,1
zcm311,1
eduncan98,1
hsebasa,2
yangsi7,2
ferkumo,1
Kornel-TR,1
rbl-itay,2
BobSilverHat,2
9robotise,1
guanliangyu,4
iotek2023,1
andrewsdosreis,2
ULilBagel,1
h3xol,2
liazylee,1
dashhuang,1
jeesup0103,1
blpabhishek,1
shhesterka04,1
shalinivan9669,2
andrejeronimobittencourt,2
nexicturbo,2
FancyDucc,1
juhasztobias,1
pomeloJ,2
rajivdenish,2
apex2098,1
jegraphy,1
bryanzero1,1
assane18,1
brensinc,1
Esperadoce,1
MetaU-esync,1
naymintun800,1
kleervoyans,1
simplenaive,1
M1n01,1
aramach31,2
threadlinecouk,1
Szymon0C,1
rotanakkosal,1
soenneker,1
auguste-dupin,1
zengtaiping,2
Roadhoar,1
rajatraj733,1
sabinAnwar,1
HRyohni,1
twixesss,3
ryeoly69,1
Zengzhenguo,1
kartik-gitlab,1
Xusifob,1
babdulhakim2,1
NinadGajanan,1
JSONFN21,1
theuauchessclub,2
namratha-kandakatla,1
damianGG,2
jeremyeorr,1
abhishekraok,2
JManzanoRodriguez,2
basilinjoe,1
SJun99,1
Bagro,1
pavanepour-k,1
sumitguha88,1
litttmice,1
IntellyCode,1
MustafaAksu,3
umairbajwa28cca,1
iamjpsingh,2
WarriorsSami,1
xshfredx,1
km-tr,2
itdice,1
siriguiyi,1
TheThreeDiZ,1
younuskamal,2
chamindujaneesha,1
ateeqahmad,1
olukai-it,1
kappla42,1
snvinni,1
gedxxe,1
orgordin,2
TskQ,2
ximenahan,2
ToledoAgus,1
NJM144,1
S1mosch,1
Leiche1202,1
Tsubashi,1
marciapatriciadslm,1
IvanchikIvan,2
gourmetrepo,1
Tompanama,6
Tester-208,1
Adshars,2
Dadpops,1
psarras,1
arminreiter,2
github-charles-murphy,2
yceffort,2
thomashood7,1
Meltem19,1
drewdh,1
munyacdev,1
tomislavvesic,1
Bugitoy,1
darwin757,1
TCC0731,1
ngdyquan213,1
bookchi,1
qoparu,1
LEE-DAYOUNG-SARAH,1
SMCINNIS94,1
damfloat,1
iarvind,1
eddyv73,1
sharifulz,3
Omotolani98,2
AliBadawy,1
milo1150,1
Klyser8,1
AjjayK,1
Jun127,1
vettive8,1
milesibastos,1
Kharmon94,1
jhenriquez,1
IoannouAndreas,1
shimayuz,1
DroGone0,1
ThaoK31,1
plamenjk,2
ignacio-flores,1
umarus,1
mohamed26n,1
oxylok,1
essicolo,1
vuboss3011,1
Arman-Fathabadi,1
josaum,2
andres18123,1
curiousmockingbird,1
dpcarlo,1
Surviver18,1
ThierryHFR,1
lwstack,1
abcentech,1
rishimadhok,4
dvegad,1
imprachetas,1
dunstorm,1
gkobilansky,1
polemius,1
sadidulas,1
matinmmm,1
hungryGeek16,1
alexandrenf,1
Jiaqi-Bi-Not-PhD,1
Power-Engineering,1
MhdKernel,1
squareheadc,1
Namron69,2
427games,1
Iaroslav44,1
avijeetsingh1,1
atsiatserkina,1
tinfreiheit,2
stupot2dstudy,1
benspak,1
Kotik112,1
skyyalexander,1
soymarketing,2
AlinaKurjan,1
kleysc,1
wjhdev,1
KrymskiyStanislav,1
goodguyjay,1
cyrilledjamin,1
alextarana,3
Seekerzero,1
TheD0ubleC,2
EdjuniorM,1
SB-fmayen,2
yoelrc88,1
BasWeberBas,1
Adam-117,1
ShashankBharide,1
AhmedMoenes,1
anatoly-scherbakov,1
Grorkef,1
Prajwal-Somashekar-Gowda,1
Mizumanu,1
ab6361,1
Rarity-tech,1
awcook95,1
melwinn,1
arcaputo3,2
HEROO007,1
andrepelealu,1
ktmaydin,1
dylaroo0,1
FujimoriGit,1
zyplocs,1
Laptitude,1
omkarbhad,1
lpduyplus,1
trisna-mitos,1
bizunben123,1
julianSelser,1
StanoievDragan,1
ColeKisicki,1
Danny4927,1
rai2270,1
Chernoobyl,2
markes76,2
obay,1
Puntin26,1
hatim381,1
arun98aol,1
ryanxedi,1
jfindikli,1
buenajen,1
juliaasencio,4
MartijnvCitteren,1
NickBNY,3
chdliuyue,1
lavorno,1
pharspher,4
capfiglobal,1
Bewin-btw,1
intanaqilah-mf,1
praj107,1
SNTSyad,1
csalasb86,1
sonny1505,1
hamelcubsfan,1
Martin-dev86,1
johnoutsider,1
lanej,1
latetedemelon,1
aaronrsiphone,1
cosminu,1
JackelineCosta,1
yuniorhernandez,1
MALExxPR,1
sbrakni,1
andreasArnolfo-S,2
ariv374,1
BienVan2003,1
rvckvs,2
schlinge2000,4
MarquisMc,2
polydeuces32,1
leafzhao,1
sarojc23,1
yumin2002,1
akash-e2m,1
Mohamedeo,1
Gustavo00158,1
kwatanabe0120,1
emesinternet,3
dhruvamin20,1
Pcnaid-Dev,1
ophirhan,1
Giove-bit,1
X3N064,1
ramgeart,1
7xrohan,1
hinata33,1
qaxi,1
sundaycommits,1
rodwven,1
Dboy5312,1
androke17,1
freedomwithai-ash,1
marvinli001,1
waymbers,1
MissCeptstudios,1
athan37,1
udb923,1
omannote,1
kosta5120,1
Nagendra2970,3
miladVR,1
sudipta26889,3
melio59,1
Gnayoah,1
radexo,1
Burakiipekci,1
bt4705,1
alex-md,2
Lemming2710,1
mdaffa48,1
eugen-meissner,1
izack21,2
Jakeblacklds,1
Atmaspheree,1
Catofoz,1
maorsapir,1
hectottang,1
alberten-cpu,1
ohmygaugh-crypto,2
meosandii,1
trickre,1
hariscats,1
makeIttBetter,1
rreyes-nutshell,4
Frater-Zesir,2
aouadmo,1
danya0601,1
saneresmer,1
guatetrending,1
LuckyStrike114,2
coder-de-belgrado,1
mrsakr2000,1
updownvizzii,1
outerlook,1
robkkan,2
thomasruta,1
Dongho9601,1
bowen-H0,1
Abiramajayan,2
AsmaaHindawi,1
hockeystick,1
ariesii,1
pranaygp,1
soderpop,1
meryrob,1
pumperer,1
juandavidaa,1
ydnawow,1
miikeydev,1
Luiszrtx,1
marcypotter16,1
mstmarc,1
strawbeespaulo,1
YannD-Deltagon,1
fguernieri,1
Yitin-tsai,1
mypiroglu,3
antonio-donato,1
mlarese,1
jawsbb,1
bryanMcGaffin,1
prathamingale49,1
Bensirpent07,1
nazwhale,1
RooTinfinite,1
mohammadi-hadi,1
wasurocks,2
connorcr37,2
marshall-miller,1
Jerry-FH,2
hbmiguel1921,1
5iri,1
jrtellez,1
altryne,1
ShaabanM,3
gothub97,1
jabibamman,1
buithihalanaaaa,1
mdAlvarenga,1
Teach-On,1
suensky,1
mecallaaaa,1
makhlouft,1
QaytBrands,1
Dillman54,1
scastroennoven,1
Justinsuen0917,1
jrowe234,1
nasi-lemak,1
dweis,1
imtweetix,2
Sooowayydh,1
sizhky,2
SoWar,1
SvetoslavTr,1
imsang27,5
RibunLoc,1
Tinoino,1
hello-urvesh,1
Ikaleio,1
Diddyy,1
tony-sensei,1
talgat-abdraimov,1
rayhanmp,2
mortmafaka,1
Gateway1024,2
vCiolac,1
marcosbeliera,1
MiguelHigueraDev,2
siddharth7113,1
grtm23,1
fanmih,1
luciancj,1
theruziev,1
Tharuksha,2
CAMbot7,1
Also160,1
matheusabrantes,2
johnjjung,1
csharpmckinnis,1
abushkanya,1
darkswer,1
howcouldyoudothis,2
EricLiscano,1
BI-LLC,1
hoossainalik,1
Gumerwest,1
adriangarciaabenza,1
joduzu,1
grimdev20,1
fustsiju,1
ChooseDews,1
Rafam9711,1
luneskys,1
RayPT808,1
td1311,1
muratayazoglu,1
sence1-chiem,1
EvilMorty98,1
burgstallerstefan,1
jvillmo,1
EnzoBarcelos,1
oliver73-oli,1
nbrody,1
kdtvieira629,1
lis808,1
akash555-bit,1
DawidGo123,1
TreddurAdmin,1
koraledomain,1
AlcoAnt,1
johnnystiles,1
sshodhan,1
188751671,1
rodrigolimasd,1
ProActive-B,2
Abdullah038,1
isaquebatistadefarias,1
whisper-ai-team,2
Shivraj9779OC,1
AlexandraMik,1
elendmire,1
fdsala,1
seth-c-design,1
itsgeorges,1
lucadagati,1
Amakir1337,1
manishshettym,1
lahs13,2
sophathoun,1
connorblack,1
BKemp2017,2
devjustspeakai,1
arronleishman,1
nathanmarlor,1
balthazur,1
Flowzinnn,1
fredchu,1
fabtreb,1
nqdd,1
saranjith,1
eeechin,1
adambatu,1
andrewsflike,1
Obidbek,1
rushabh8141,1
oot50674,2
Carlos0550,2
Osqui2015,1
Keita-Imaizumi,1
zmn17,1
r33nhome,1
endlvsss,1
EmirKymz,1
codingWayne9527,1
yabeda02,1
MangoLocoLoco,1
YanivMen,1
ashton-mchale,1
gptdolgopa,1
cigdematmar,1
Shuzukochan,1
alexter123123123,1
2taeyoon,1
kyhsu,1
timkiely,1
RuslanJabbar,1
isacann,1
toanoday,1
cblab,1
pboersma,1
BUsatov,1
PMAgent-dev-1,2
A1TB,1
ishtars,1
dnplus,1
CaptMav09,1
mor1rom,1
InvictusData-hub,1
yli12313,1
ZQDesigned,1
brkkctpe,1
BruunoKhouri,1
ibiri,1
DevAssis,1
perfluorodecalin,1
itssamius,1
HuynhLoi98,1
jasoncalalang,1
mxm0z,1
kapilmoond,1
Djbarthy,1
aemschaefer,1
abdullahmakki00,1
arer90,1
apophis4,1
begumaygun,2
jellegroot,1
gui-ace,3
finnbusse,1
YoussefAz2,2
ooovenenoso,2
jggorman91,1
KingWisdom01,1
Tihimanshu,2
nikhil86,1
edgaytanc,1
tamjinxed,1
bad13,1
kpohodyaschiy,1
nedlane,1
Fab1anlocher,1
nezirer,1
Enterprise35,1
ahmetbulbul0,1
AdrianHd111,1
lucs7,3
Mrtimjh,1
rodneym-zum,1
GeorgeDroid699,1
diaquinodev,1
LeoNassar,1
headertag,1
animeshdesh,2
delvisopablo,1
Chefdutieks,1
ap376172,1
robertoVoid,1
dpablos,1
Ahnz,1
tisztamo,1
colesprou,1
Mayyzze,1
I-Am-Cow,1
mel-saka,1
laffael,1
CHLong678,1
estormfield,1
bwoff11,1
expansewillcheung,1
kandation,1
themizzi,1
ryuken25,1
ahirose,1
plombeera,1
pablot1500,1
prodlix,1
M-Elsaied,1
cccortesc1,1
Osvaldohb,1
Apolonia-Vitali-Corleone,1
Brais97,1
LukaDarsalia,1
metinb83,2
gsantovena,1
AzulDelta,1
jungdaechul-coderepo,1
Alisafoxy,1
JakubSzczegielniak,1
zzimickQ,1
ExileStudios,1
zzzz465,1
exomode17,1
traikdude,1
fperera123,1
tigew,1
LeCreusetNoir,1
patrickoliveras,1
ItsMeStevieG,2
Raul-Marin,1
aboutphilippe,1
PlayfulProcess,1
DevoRia,1
sa1-kumar,1
oyinlola007,1
mattthomps1,1
chondal,1
ChathurangaBW,1
smpas83,1
namish800,1
Jpmullins,1
rouseguy,1
bernd12-de,1
MohamedDiopGit,1
thfroitzheim,1
lasithdilshan20,1
jayasanka-sack,1
Aly-Sall,1
Obsessi0n,2
Suuuuuuuuuumin,1
DawidKa00,1
vishnupriyan123,1
Amitoj02,1
donut09,1
markolati85,1
jawaleamol,1
rio18marfel,1
cguth7,1
fariadrums,1
garacil,1
endikallanomatxin,1
Gusarich,1
S28406,1
eymenlg,1
ahmedalqurashi,1
eccker,1
swarpatel23,1
HariEshwar-J-A,1
cskadam01,1
utku54321,1
salmanzarg,1
KarstenSchnappauf,1
Ismaelislo,1
kuba8686dev,1
paltdariusz,1
e970230,1
wfclark5,1
danguenet,1
mtlkrgz,1
hdogrukan,1
timapotiha99,1
GEMINIGAMEDEV,1
oleje32,1
isaacwesleey,1
flpflp,1
c5551051011,1
omkhairate,1
ohfab,1
compartia,1
niv-gold,1
dmquant,1
HyosungL,3
agcaemir05,1
maluxz,1
MEoverMIND,1
swainp,1
zss1980,1
metehantopalhan,1
moio9,1
wedinbliss,1
keithf123r,1
0xZKsnarker,1
joaoantonio12,1
kobylinski,1
XxUnkn0wnxX,1
Bilaltariq98,1
drainvillebob,1
oscarivm,1
TadFuji,1
giusenico,1
omilinov,1
JustinStark2022,1
Windyvern,1
leroo251,1
ajayveyron,1
AMM2024,1
freezingfirez,1
HyunSu1768,2
nik-hagoort,1
Bob-visionwx,2
lgoncalvess,1
alexgiovannycar,1
notprelu,1
kd0g,1
zhangguoli2008,1
DaNiArI1,1
isayeu,1
filipicev00,1
iizz-sudo,1
mythfrht,1
jjdlg361,1
SantaDuck13,1
Jun-x-F,1
bedirhanakay00,1
stamolo,1
Joel89njkkvh,1
selemti,1
toxirin1999,1
odmaroliv,1
joshk44,1
carsonschmidty,1
jonasgsilva,1
dguilliams3,1
cwwwish,1
ksiuda93,1
mohata1375,1
tenlhak,1
latin-programmer,1
fededri,1
Act3Reviews,1
Suvendu2401,1
eiichiii,1
trubnikov,1
christlau,2
kzhdev,3
BennyBlue17,1
realdabrowski,1
hills-i,1
RGT76,1
techshare101,1
Ina986,1
Bakir-Hage,1
stu442,1
kuroxx,1
wstszx,1
larasm192,2
boudarbala,2
tugayapucu,1
ssa206,1
Manos-G,1
SDSabirov,1
DouglasJefersonKP,1
pedrohenrique19872707,1
rodrigokanayama,1
CTC-Kernel,1
ellisapotheosis,1
fsch,1
Rickory2021,2
d3sync,1
manuelarceaguirre,1
RectiFlex,2
APCHNK,1
oTalentz,1
Aurorina1,1
iraha,1
harikarthick06,1
CdawgfromtheAncientLands,2
Joe1992w,1
edreyer,1
parthi2929,1
tonyjin,2
Binh1405,1
chitchu011096,2
donidhernandez,1
FacuHerrera00,1
esreekarreddy,1
bobbravo2,1
Mariorenef,1
Tanimou,1
ismaelsky1,1
DavidGDev19,1
DanteHoyle,1
fayaz-rafin,2
DiegoAR98,1
yvanfreitas,1
Skycryck,1
Simoisseur,1
babalooski,1
villsdv914,1
ahmedbanihanibh,1
vediatoni,1
rodolfoarispe,1
alfredofdlv,1
KAZPER777,1
sabrymeshmesh,1
RaphaelSellam,1
ceaster10,1
m-Hecke,1
k0ngan,1
Super8Four,1
approvebearone,1
Martins-Lucaas,1
NikitaSMalyshev,1
DarkSword307,1
DimaKruk14,1
Liaons,1
RongzhiZuo,1
Alfonsov19,1
ringo-hik,1
wilsonfrantine,1
saylekxd,1
rohith1125,1
kalgops,1
conchoecia,1
a13xhv01,1
cejasflia10,1
gutiel2,1
Renta100,1
t-sinclair2500,1
VladPlusIn,1
rosN100,1
cathe-b45,1
buraksakalli,1
DaRZoli00,1
timkomate,1
yuriisurzhykov,1
edgarc96,1
monica-domingo,1
AminMortezaie,1
kraj1001,1
w3arecom,3
manthanthakker,1
moshthepitt,1
memet2770,1
TyGrizzly,1
ananta888,1
sommerit,1
ritty65,195
eal99,14
JovaniPink,5
tomasbacigalupo-tintin,208
morris2016,199
RyuAmakaze,98
EdwardTichaud,261
BearJR127,177
Tenosiey,176
livingcodez,80
Mixaill,2
gl0bsec,31
fg12345678901,11
mlparker,10
KenCoder,4
al-labs,19
M-Chimiste,50
JuliMolinaZ,27
Tosaaaki,683
4789-alpha,489
Xopoko,216
un1crom,9
Fedolodic,85
PowVT,93
Intranet2023,74
Wock10,22
elboKazQC,140
Taranyi,22
ChaitanyaRishi,4
imedhamdi,187
MysteriousMagpie,130
coldshalamov,319
simba-git,87
Kanegraffiti,83
showyouhow83,243
dababiyoda,162
JhonataRocha,22
JoraXD,34
xBounceIT,19
koltunova,20
OnlyInAmerica,7
Denisov-Sergey,16
zachyzissou,114
antonyto02,607
matrizaev,70
ByteRookie,168
Clubmd24,526
lynxerinc,32
Coderman562,27
kubaam,34
Tomoya-BB,26
mitrajunior,17
AntSevestre,5
VimsRocz,1033
RLuf,32
scrallex,1198
splanck,3446
breezynotcheezy,61
InnerMobius,256
oliverlorenz,1
mrjoncastro,939
letapicode,1111
llm-case-studies,199
acrinym,412
b0dhisatva,14
HannaK-Git,1
MSAlpaka,1850
vtclb,42
DiegoFCJ,29
Laboratoriet,8
Orgindy,113
IvanStarostin1984,919
Moeabdelaziz007,159
chaeeun323,10
r0kko,53
RetnaTyas,242
satoshiflow,7
thomasloupe,9
Zombinator85,673
robinwojcik3,817
sekerniv,14
e7canasta,3
sebveit,116
uzzano-info,2
dmnavushtanov,212
dawodRahmani,6
SilkroadLabs,9
MSJ2025,274
iean,22
Galogen42,21
muhammedemineser,61
muhanadk13,55
donaldfilimon,62
mokyiichek,3
uluk001,6
msh1562,2
SersemPeca,3
Lon60,13
SkitPie,2
ChrisvDalen,33
karlosavakian,351
jeffreyjose07,33
jonny2301,29
GuyNetserEyal,6
amdeyk,94
ThunderDoesDev,10
sndrec,104
RyanJ3,152
eightman999,131
Offonika,344
WalberMelo,2
sounny,217
v-berberian,4
Martysunshine,23
trajkovdimitar,140
rupjae,44
materialmatrix3d,115
yohandiaz,11
lawrencerowland,297
JLago-Alicerce,222
TugrulKaraaslan,972
kelindar,50
batdowg,25
dmorazzini23,690
hassd973,74
xr-24,8
ReyOrozco,3
KristjanKelk,42
m-kaique,162
msamia,244
VibeCoder01,89
Shayfly,85
mapherez,8
terrycolby121,8
ZainFaridhony,1
Harag,9
jacksonhehe,545
CodeName-666,84
Aahrguz,76
halhenke,1
Hysterically,105
martmega,456
Zidans-Haare,41
darsh0230,67
RenYuanSir,3
auzeonfung,46
SignalIssues,31
missmultiverse,45
tordaht,61
gnai-creator,142
Ashishdua123,1
jircdev,1
juergenaltemeier,138
judelFintch,227
jick666,208
VBruilo,43
altantosun,1
Gruppe4-Projektentwicklung,170
geraldmas,85
joramopi,124
march-dave,43
Raphalsk050,60
joshmstewart,35
Domali4ever,176
alcaicey,118
sowahm808,178
tavaresasilva,51
youkiss777,6
sudoahidalgo,221
shmublu,11
defrex,5
jztan,22
nharring-adjacent,45
GatDeguin,304
ArthurZucker,13
CEDBRASIL,391
mj3b,48
codexrodrigues,82
Milo455,152
Suhaibinator,71
chillout222,22
lucasandrioli,140
Geczy,31
greatgreek73,66
zhangzhongnan928,36
Mstfucrr,8
traeumen927,138
Dadudekc,217
Lea43010,11
dhamakuldeep-lab,23
parhammer1,7
Shun0212,4
wydengyre,25
lpicci96,13
roguepikachu,9
mvisonneau,4
jbmaster023,10
redvampir,155
PauloPeres,104
humuhumu33,120
alexanderjeurissen,79
aalejandroaraujo,67
MrLightspeed,147
Rysiu201,161
yakuzadave,239
MatiasAndreD,2
Aldana4462,89
xXFirst555Xx,383
sachitha2,117
mesaye85,5
AaronFriel,66
ARBIll2,43
fledit-sh,405
AndrewDrinkwater,62
JankoV12,27
f-leroux,19
cnrosu,116
blue-tech-ae,64
KrishnakumarSanthanam,19
billgufran,9
travisp,70
mikerouse,221
Teitcher,3
keeganpaleshi,936
asimx07,8
snackdriven,260
Bassongo,198
mksanderson,4
JohnMommers,2
hireai24,3
be-shamoji,2
kalcic,12
mueenkhan789900,7
elide-us,177
mlemanczyk,28
thetomnewton,12
Ohlindoh,14
wagnerdevocelot,4
harrislapiroff,6
raja-aiml,53
dabawei,5
Undisclosed-alt,28
dericksozo,17
taher9-spec,84
hernpd,26
hjdev-io,56
keeprock,1
GheisMohammadi,3
Laurent-Pannetier,295
phoneuooyd,47
RxuqZ256,58
brilliantcontract,123
jdfalk,383
dbtreasure,17
andrey-manakov,91
Alireza78na,52
tripkane,73
AllieBaig,79
Kachalaba,6
laichunpongben,149
Neoexm,1
felixlinker,5
jcguzmanr,1
Jordon-py,4
michaeldhood,8
taleog,11
YuriMenechelli,1
bradleybiav,11
brianrabil,3
sebasrodusa,268
BataraKresn,10
avgrech,85
jharemza,24
tagslut,134
ksteele98,96
shinh,47
andyb42,4
Kaynecherem,16
N3b3x,244
harman8055v,60
osmanmub,64
AllyssaLyddell,95
MaxsuelsSouza,22
didiforgithub,4
takanojun,45
seoinQQQ,1
newsonjacob,248
tareko,17
rep0mancer,87
lsneth,23
eraevous,40
Markf1994,875
nebulizer7123,24
buanzo,24
Tozle,82
moritz-sauer-13,1
DerHosenmann,27
kllgfzobgJle,36
immunizedcarbon,104
Samuel-adami,199
abhiram-shaji,86
jaxzin,25
bandhitl,16
RubinMcLuen,189
svarovsky7,110
Xanders,4
felle64,35
drushton2020,10
stephenszpak,509
Hans2711,100
marbleworks,52
mamylius,8
ravish-pinnacle,3
itristenx,208
ryanm-plastic-recycling,127
sircode,6
hans-pistor,1
Kira41,258
iqrez,70
Oichkatzelesfrettschen,210
DavidLiedle,63
nickgannon10,4
curlyphries,15
glitch-bee,52
chagoo,25
themcaffee,10
chenkahana,86
JoakimHLund,10
NeilODL,5
CHaerem,26
flaxos,50
dcompton-eg,13
creatorrr,82
simonx1,1
husmen-alt,6
Johnsonbros,3
MallingForvaltning,26
keiv-fly,53
1ucian,75
MtoTheSchlee,2
bibbo81,179
Malnati,86
s1weetman,45
wxserf,73
DiabloSenpai4765,8
Ulthran,191
analiaacostaok,11
bodegacats,29
NIAENGD,21
gekiclaws,65
itsRares,4
Sousatoshiapp,1
MrRexos,42
ColinPogu,26
JoelJebitto,24
Juloass,36
drilonkrivaqa,27
oddieis,5
cheng-wei-huang0612,9
harleyfan91,128
EDavtyan,39
fernando-duarte,40
quartzjer,28
baogorek,38
rehmanul,100
MrDeox,71
seulgiism,3
hklhfong,1
norman-mei,13
harumasa-iino,3
yasuhitoHayashi,12
roanvtkc,23
amarce,151
mikmort,495
hlpeter,4
AlcinoAfonso,73
yukselcodingwithyou,10
ga-amaral,4
ahouse2,28
abou-cell,16
adamzwickey,2
Tsarcasm831,248
acefesan,3
AKSHATYADAV5,9
GRodriguezAR,2
kamekazz,124
hutber,13
gshapter,8
richardnkidd,12
kaizeng,9
tiranuom,2
buraklc97,62
KilianC3,75
atalaydenknalbant,16
akoun-dev,131
abimaelmartell,10
shinshin600,33
ftcconsultoria,170
proxicode,1
3211133,26
menteora,80
img-website,163
minaerian,2
josephneumann,26
kruall,49
fuzzybill74,7
Gauweiler42,57
EaSonic,1
kolt-mcb,6
janith-rathanyaka,5
lempiji,382
kino2718,4
hubert8848,4
albertodinat,17
aedoran,16
Davemilion88,7
Privettema,6
SamSaffron,8
Nocha12,25
shitcoinsol,56
rishabhgoel0213,7
ValeraTotsenko,51
WayneIV,44
Follaburros420,22
YXChen0323,29
palaciosjose,299
hpebben,158
HT228,7
MetinKagit,1
VeraLIMS,199
wilkins4,35
HappyJayXin,3
talemul,29
diegoislas30,2
cardosolucass96,10
Hammadatta,8
zenseeker0,42
Bet-Zero,123
beervanhaagen,1
oaddou,2
ThomsenDrake,29
LeonardoAmet,14
hoangbpm,1
leguano,1
Jesus-Garcia-Ortega,3
NLACE-COM,10
JohnnyWu2k,6
y5496694,40
Mahsuni-Andac,183
dremovd,16
KoLeDzHeO,83
ikanher,271
mbu09a,80
wit543,31
yuvalraviv1,28
Ayato-kosaka,35
Mario336-cmd,15
bidbest,34
EvGesh4And,9
sentilaso1,40
hodmuhamed,1
MatAI8786,18
luizomf,7
KomacloS,156
jasvir340,12
vporton,131
richfish85,45
curranmichael,36
BrutalChopp,41
DarielVargas,104
Centari2013,59
JulienHenrotin,8
afeder,95
GaberRB,1
aymaneberka,6
ahmadkh1299,6
Duque,26
Mekann2904,82
IazLur,50
vidgame,34
mDisna,50
Teenasparagu,74
zzsi,4
Tanisqgg,10
heyy-Prateek,17
vijay03,15
cj-torres,2
aar246860,2
the-capital-hub,25
TylerHK,25
carli0128,18
chungchung234,34
lixox-lox,1
ZaheemSy,4
arda-e,40
vlawoltz,10
AllanGabay,14
ojaros,1
Alfoor,2
deanmckee007,96
DavMedBBLabs,16
whowhoswhom,43
lingster,1
takempf,8
gabrielnadoncanada,53
F2011B,98
tsugumi-sys,31
robgrande415,20
HenryZhao88,1
ricksonbnd,67
Mystikil,85
Alexis-chan,58
han-sueng-joo,17
pablolepratti,24
YoungSlim971,218
Kayrakan,11
Jcmr5720,120
KingOfTheAce2,210
SwartzMss,176
GhostOfRefactor,1
shmuelshwartz,182
shahar69,11
alessandropcostabr,23
batkins33,132
jh9098,151
Sanzcloud-web,2
Ace1928,147
takenagain,66
pyflummox,9
mxmstr,2
PierreGode,121
ahmedmuhi,25
addstar,33
nathan-wallace,94
matthewharwood,33
blackalice,78
ralequi,1
devjuliusotto,3
Mort2S,3
auriphul,66
daniel-sc,6
VuHuuDo2274802010185,216
VinceIP,4
BenWassa,18
CodeMonkeyCybersecurity,2
Moirius,19
ludagoli,44
ChenHom,23
niallc,86
emnss26,45
Tyler-R-Kendrick,100
BaikunLeng,13
panfiloveshow,5
KnowMe-app,172
alexkazakov2101,1
zaikinkolya1234,4
unstoppable-root,12
Cab-ITC,47
nyvyn,25
AlphaDataOmega,237
thanhtrungnguyen,2
meurtphy,8
samkomo,88
PiniShterenNew,16
noyaboy,82
alecpos,76
Shuicohen,9
RW2023,43
Deharath,69
pierce3215,7
victor-ramos-seagull-com,15
aeonscotte,15
bigbadwofl,8
kota-kawa,33
a8kaabi1,12
lcoontz,2
IgoyAI,13
lucas3g,105
silver2127,21
Joletaxi19,6
exrienz,40
cosmicdreams,74
Stem0794,139
VelionProject,28
SaidMuratOzdemir,1
samayo,4
Mahdi80s,2
JhoanDuarte,33
AbrahamDela,21
Luminus62-dot,42
PMorais13,87
rohannair,1
adil95400,178
DqkrLord0Xerod,138
Jonas-Zielke,2
rainbowstar2400,119
helix-git,7
FWI-95,85
AbduLegend2009,35
d-pujara,7
YANA021,67
realStarYAM,62
cguyeux,55
romehdiot,3
kartben,141
stevenjose,2
thigarcias,3
asuhantsev,3
CaseyManning,6
Zedw,9
ntjo99,4
MotasemZa,5
JhonnathanL,1
filipecalegario,3
GG38040,10
rajat-jain-me,5
arthrod,20
mamam1281,33
mohitnayar123,1
louisperla,2
leplikon,14
VoidedRumble66,3
SiamAhmed50,11
Volcomspade,3
RichardTMiles,21
jxnl,33
rareyesc,19
pkoprov,4
Traceerickson,44
Valis64,26
mattmcginley7,59
unisoflta,63
Officewin,9
arrebolcorp,135
Yijungu,3
ikeda042,115
underswitchx,11
DannyRusnok,27
mmcdermott,67
Nrico,73
lucasmarcelin0,219
JoshuaGilton,14
jessidepetris,51
noponena,23
devikamsba2024,1
rfinch11,22
mbbrinkman,3
Jonty-9099,22
Quencyyy,64
rakeshnreddy,37
theeraphol,13
andrea251291,17
chris544460,18
KhayanHassanieh,25
jaredzimmerman,60
coetredennick,22
Anth0ny,1
dleon55,18
Bmn599,94
jerrizzy,4
TentacleSama4254,2
BernardUriza,163
Oloff2005,11
yoloyash,10
romandots,27
Lord-Windy,5
Deng-Ran,12
jethrojones,3
nickelslol,14
Feedbaek,10
gpiazzon,68
abdedarghal111,16
Fonta97,5
kevinlawrenceking,9
Mamdou025,52
fghhn13,11
AndreAbreo,50
reinethernal,226
dcccrypto,4
zephyus,20
RadicalZephyr,146
bogdajjen23,1
re-fagiano,29
bmenten,12
JorgeZavalaO,2
khalifa005,1
darklordVirtual,6
Gigabyte00,15
WammumTy,12
nldhoang10092004,10
isazaale,4
siddharthmr,2
Ardyp,27
its-DeFine,13
antuz123,28
jche0394,10
ara-ta3,18
NoobFromBR,4
AlduinsDoom110,48
victorliu5296,8
kcdenman,4
serversorcerer,43
wolfmcnally,44
jguhlin,33
fajarlubis,24
satchm0h,21
Fenre1,1
AToMiXhawK,4
17air,16
ryankillian,6
todd427,6
tottene,5
chrisrobison,27
engryamato,23
forest611,15
DCorgnati,1
a-fatah,3
Rjacobucci,4
Samuelindberg,1
MatiasCarmen,8
Kuift,34
akolotov,63
patrick-ogrady,7
yijongkuk,5
contagnas,35
githubhjs,5
JustLinkIt1,38
Puxceto,18
aatirs7,33
BDMUy,5
AtaishNehra,2
Gabijajulio18,7
Rutherford,9
glucas25,12
Andrz98,55
jeremiefontaine,2
PrzemyslawKlys,36
alejandro088,39
0xAnarz,7
samy-blh,10
arndesk3,4
Imrichkoch,2
leynier,13
AjR2,3
emir002,5
Thujone82,17
EyalPasha,2
damian-majewski,4
KarolynW,7
saint-kim69,1
Aso2180,24
mertsadekist,16
skyfet,4
pyjacques,93
bubbabdfjhgldkfhg,61
pattplatt,7
JeanCruzC,191
FearMelts,1
Master-Athreas,7
privo211,3
st67060,139
ahns456,6
fntelecomllc,100
Mikemin291,9
Rachid91674,74
danielmmerino,63
StefanThomasMeier,23
moisesfaponte,1
Dalhai,31
TACITVS,24
TheJollyCoder,74
Mr-Youssry,4
eav-solution,4
ps-cristopher,10
alfonso-abbott,25
GuillermoGCP,68
KoltonStarr,7
sergioserbluk,39
lamothejosh,9
eaudaim,59
hexawulf,77
gedeondt,35
dummythical,2
GWesley7,3
notalenanot,37
tejeshwerk,17
jhaakma,18
ionutz89,11
purplespacecat,1
ishaankarnik11,4
mkonefal2,27
dmercuriali,6
PetarKazandzhiev,10
LAlto96,45
mnfrdrsh,3
michiel-dobbels,241
Gin5050,6
lucagazze,9
FOX2920,2
jtrhb,1
spaceynyc,6
LXMachado,6
JohnnyTheGoalie,42
aibek1106,23
cptamrgaber,1
carlopezzuto,13
SSchryba,2
pjfolliard,3
J45k4,4
Marvinbrt,1
starplayground,4
fierrogt,2
AetherCoded,6
rexi1r,104
nmoroso,72
ahajjaj,23
enriquemorenotent,48
spainion,10
thomas-nicholson,10
Zzzero-hash,163
CTao21,40
RobotsBuildingEducation,58
cbemstar,52
marcomarice,5
daehyun99-labs,10
lolcabb,58
Floop2Gare,5
snehasishrath,14
CrackerakiUA,6
suke2012,3
ling3567,10
Axtazer,4
cagatay-softgineer,8
joshyattridge,4
tishka04,9
Fabriq67,1
ivanmartin62,5
Luca-it15,1
Oscar095,1
zantiago00,50
lucasr610,22
Mercurial,4
alan-mroczek,3
KindaSpoony,92
ggaabe,41
RobPruzan,17
AIBooksFinnland,2
haotian-001,3
fabricekabongo,7
IAI-works,56
ZachMcCool,4
Tibo2403,127
cklukas,39
Rinzler78,34
agusdasilva,16
zavalit,5
kotama7,80
rmunozan,12
MrDMurray,67
BadFameZz,3
wagner1900,96
gustavocotalima,2
BotTheDiscordBot,2
fellmannjosue,8
JvanJenB,44
naubergois,45
MarceloTaticca,3
ShaunBulbrook,9
Lucasgorod,22
Pprice93,4
ayurkevichdh,22
IDGallagher,11
jgoos,41
marco-lor,6
stefmf,19
erin-glen,96
Prathap497,14
NateIsern,37
femtofillms,39
ivailo-iliev,170
sriharshaguthikonda,89
lachlanspringfield,1
joaquimorg,31
ReneWerner87,61
isrnao,15
Sekauf,33
skks-tim,4
fg12111,48
MohamadAlaskari,1
rcy007,1
michaelgentsJason,1
joaquinbaccega,4
oU2DADnianJ8,7
Melv1C,30
jackkayser2005,33
HempQuarterz,8
Lee-Yeseul,4
tabletcorry,37
dmduran12,221
anynode,10
JorianBroekhuizen,1
JacobLinCool,8
TheoTsatsos,13
olivergrau,43
mohamedELBAHA,1
itaame,20
nibzard,78
DonovanMontoya,3
redreceipt,66
AbyTJoseph,5
st3fan,13
Maxym5630,4
Toastaspiring,27
MaciejAnielski,94
prof-hub,35
k0nfus,2
pmlohan,2
conig,26
janiesdad,3
kristianinator,1
advantageee,27
Billsobey,6
hammadtq,31
arscombinatoria,51
p6-platformatory,3
RafaelChipitelli,67
bunchtrail,2
mohseniaref,7
RehanAhmad13,54
fhunleth,6
qazasd2518995,1
freechessclub-dev,4
lukmanhidayah,20
SoyMilkIsOk,67
savabs,16
tiagocodinha,4
BinkoBanko,20
adaptiveX-gh,163
Kelbie,78
igor9silva,4
FyrL29074,1
smkirwan77,1
Shmuel-K,1
jmullins24,4
JamshaidAhmedd,5
Dulpyanghaobo,5
zhengfanguo123,13
sserkanakin,6
Frenes93,23
suiram25,9
miguel5612,128
ProYJ92,126
Kyrubi,1
cpjet64,3
jeffhallut,1
ndy2,6
Jamaljrthe3rd,6
Gorton218,11
MBennin,1
ParsaHejabi,32
aj1441,18
Messydrawing,34
a1600012888,1
francesco-costanzo,34
jonathanpak,4
smokingwolf,16
AuroraXLLC,1
RangerDanger12,1
AaryanGlobal,5
jwickard,16
MShubar,116
georgepwall1991,4
walletstarter,24
zewelor,55
hikariakio,12
Hosteroid,9
AKKI0511,19
gavingmiller,92
Jurisindex,30
closedLoop,16
luisjguedes,1
scrat321,5
George-Melon,7
nathanabreu,24
Dexploarer,78
Leontarin,17
jnicomorell,31
Omoluabi1003,70
oyvindfanebust,2
doomiie,57
web-shredder,24
timgivois,23
martinbaumann-sky,4
AmirHSad,10
usharifzoda,4
symesj,12
jams2blues,15
Ktm0660,12
mlnchk,11
Mi-jovich,3
KazanderDad,10
matheusarado01,1
alliecatowo,22
BJHorseman2,72
Mechstalol,8
firstpixel,7
fjacquet,8
BruckAdvisorsSRL-D,5
llagerlof,7
dectech-au,1
patreesprojects,1
sagearbor,88
Juyeong-Jung,4
a1oysio,43
trionnemesis,101
FmBlueSystem,21
Alexitho0o,5
lucaskruk,2
whitelabels89,120
DanielRamos777,8
joaomantovani,2
daraujo85,1
RMSTrucks,1
dargor980,1
arunkrishnanr,1
msingatullin,30
Skugg4n,142
BryanZhouJP,3
cooljera,6
jmiguelugalde,1
akousha,1
Avi130805,4
faresw,1
PGrayCS,17
vtrfsilva,4
danimulller,8
Kodified,7
smarza,19
m0rgfr,2
gvozdvmozgu,7
CesarLeLezard,7
ak-19,3
gamboaxx,1
toddhaus,3
paos,3
rutscher,2
avibeni01,3
EdigarBarros,2
FranciscoWallison,13
KaedinKurtz,20
eversondantas,8
JPrier,75
gitchaell,10
anthonycgalea,42
Jherlil,56
KristekQQ,67
eddn-dev,2
JohannesKraggerud,1
ulrikhaaland,13
timotheehuret,9
hmdne,1
deus42,5
Mooshieblob1,14
alifakhimi,1
Mastr0203,6
luyenhaidangit,10
magnusendresen,83
johncch,2
ryota-saito-coastal,6
emadiaz15,30
MalikD98,1
eliemoriceau,38
leledumbo549,80
pkjoshua,4
Robert7126313,8
FUTHARVSTUD,3
shaylimud,8
Empire325Marketing,67
Zuzu-Typ,3
eyvervalbuena,19
Leewuc,14
naruapon,4
skidzo,26
arronlorenz,97
vilkinsons,1
PowerCommands,17
prathameshpatil14,13
collettsystems,9
hantao-zhou,8
jiangyan,9
semani02,3
robinkarlberg,8
kkarlsen06,149
grojasc,14
TedCassirer,28
christinemasters,1
iamarcel,17
vrpill-personal,2
corentincarton,4
dogi,191
nighthawkEnterprise,3
ZicanC,6
NorbertK23,58
AlexseySol,1
KrispyDreemz,61
DevakeeNandan,1
seamus-linnane,13
Racoonr,1
jemishGhoghari,4
arhamkhnz,1
halilenesdaghan,1
mDevMaleki,7
JoseModi97,18
AndreyZianko,3
ecorradini,45
psycalc,44
lucascervera,26
davidbardales17,2
bkrishnamachari,6
pratikmistri,5
terrymunro,12
mgkwill,17
Hioness,2
saedyousef,87
fearglow,7
Fdemaiaar,5
ilya-t,14
FarmVivi,5
ybkwon-ati,3
TheMazeMaster,74
Sham1ko,5
Nergy101,20
arashMarashian,21
beaubreedlove,18
cyohan21,8
YuraFilionchik,18
lsuhadolnik,48
myhades,1
derrick-nuby,2
ArcherDigital,1
malznguyen,21
GalvagniFederico,6
RayOfSteel-DHBW,1
FabienneDieZitrone,23
Yraserxd,4
devadalberto,6
mqtt57,3
OmarJaimesRew,13
chetTEst,5
temporarymail865,2
luismael15,14
chim-yun,15
mbrt26,18
SherimaX,134
ricardomatos74,32
VictorEscribano,6
fab72309,1
LuisMartinParraMorales,78
bigbangwill,2
1lwlawck,6
Nightmarespirits,3
tangch5861,3
tonysala,2
sharmungz,1
erofdmit,10
polvallverdu,25
svh-store,21
MystikFRD,1
sebastianwessel,26
JanekKropidlowski,1
jopamo,8
lfhwnqe,20
vkarpov15,14
ETECSA,1
npmts,1
mescgit,14
diegomaury,5
samucavip,1
hansbaek,1
ngdnguyen,1
spidolster,2
katsuhiro-hayasaka-orico,8
reona-investing,79
MarkusPolo,6
nghgkim,4
AMelappioni87,17
travistingey,7
dvogeldev,14
Alfaxad,11
DrBlokmeister,18
Maulkin,18
Dherian75,1
DanielDGe,8
anthony-cervantes,25
Thony1810,1
jadrk040507,14
rickwierenga,40
jiovan,13
WebAppAI0410,6
FlorisG4,2
divyanshgupta1141,4
RosenGeorgievUK,1
joshuaminwookang,6
carlaherrera,2
NAOZI96,6
amitskidrow,25
oleksii-kudria,16
codeArber,10
SuryaNelakanti,9
JaeHoonKOR,10
rvrallos,2
Houssein197,1
nvarsh-hm,11
MusaebS,58
ales27pm,129
developFit,42
Imper1um,13
Habrio,81
dsimband,12
Atalantis,3
cormacbrowne,2
CJMORE66,2
rebilaz,21
iain-armitage,6
Millodic,11
ibakaidov,9
dnkit24,10
jaimejaramilloarias,103
JimnyGitHub,20
Nard248,26
undo-happy,16
tinpardo,56
ShreyPatel4,9
YuujiKamura,8
RitoFan,15
tahir-ozcan,118
thantheinthwin,2
Drezboss,2
aidenjm21,35
andrygasy,30
ZhouAndrew,83
RevStanton,1
AdaByLouvreAI,1
coldhands175,9
pauledmunds,9
madboy36000,3
Niamish,7
YUppi1113,102
mdenavac,3
josepheisner54,11
ksaeil2001,73
anoopmb,5
daanmlab,2
cristy-the-one,7
carndox,20
pasha-optimove,2
yair123123,3
FORIFOR,1
thomashartm,4
dayat81,3
arduinoev3,1
lukmanaj,1
christopherpetrow,8
clarkyeah,3
NickLimnios,7
Akniz-RDG,1
robennals,15
Amolak-kpu,1
eduardomunis,3
lupolonen,8
zyypj,8
sebasegovia,6
carbidethegreate,94
MankiniChykan,7
ribeiromelo,1
josiassanchez1976,12
adamjbradley,18
YoshihisaSaitou,2
zizixcm,2
Alusionbr,15
nick10180,2
ammargrowme,35
1cooler1,1
marcklingen,86
catch1981,88
Masendeffekt,9
elephantmipt,6
bakulf,9
christopher-palmieri,2
SparshSunilNaik,2
will-holley,7
Crowbank,5
elimike10,2
refracta,15
mweinbach,3
dschwartzAI,51
neilweitzel,2
subhashini-egov,5
alexz04494,29
a1bo,8
motion-333,12
BWBrook,8
BrunnoML,2
Ttumn,5
TakamiChie,20
alexhouse-ua,7
javierarbelaiz,1
Adan14boni,1
jeffreydwalter,1
spydan33,1
Tiramisioux,28
G202,1
revanshine,13
sayyedalimrj,3
b1llow,1
tecnomanu,5
tkhongsap,45
choedak94,13
sugi-cho,30
chickenftu,10
AkshayAD,16
joostboon,2
ProaMKT,4
mznluppio,2
MihajloKorunoski,16
teniee,43
analyticsflowee,182
jaewoong2,42
giosilvi,1
v4nn4,25
JaimeADalton,2
SadeghAllahverdi,1
ClarkVictorHack,6
Jul352mf,20
lc0rp,21
kebluis,5
brunocroft86,10
OchiSimone,9
tosin2013,8
jefsev,9
blyadwa,31
soundwrightpro,14
TiagoBe0,1
davidjjw,2
woejefe,1
feiyanqiqiao,7
Hamzah-Muhammad,1
davidrf,8
billsun9305,1
nadimsaleh123,15
tanaysd,8
joshSzep,7
decorJim,37
yuxt,25
mikeyobrien,11
JD-Gu,2
alexlazk,8
BitCodeHub,3
flobjective,1
Layakboy,7
neo050,13
samvelchobanyan,11
eduardoRduraes,5
riyanakarthik,9
PaulGuillemin,10
OneVORQ,3
kepon85,14
sumukshashidhar,7
CodeOnDope,12
chatgptnotes,4
PEEKPerformer,2
indietonne2,3
vijay8i,17
paifgx,5
jelleprins,11
Raygunadk2002,41
sweetmantech,97
bulldra,46
gtg922r,14
JamesL425,17
carlosacevedomaggi,3
alex-kovshovik,3
Cisconardi,11
GunduzTolga,3
nightskylark,44
raghavginfocus,12
frogmud,80
KissAKTAK,1
emilwebrabbit,6
Maikolbar,1
RossTylr,5
Robbbo-T,16
Galironfydar,5
khalilcadi,1
AleD97,1
DairyEx,6
jmgress,31
k2majeot,23
TJ10k,32
gregoranaya,3
ppk218,40
digorbi,11
udithishanka,14
Benjaminhofman,3
gokhanbicer1002,3
DOKKA,9
jsfs11,5
BeegYosh,17
navuk35,3
mjnhbg3,46
angelhdezv,15
2ykwang,2
satyarapelly,25
wisith007,2
yuki-koyama,21
chintans,41
hamad-essa,2
anatomyos,4
Laxyny,16
Elamlagos,6
LucaLaPenna,13
olegsany4,3
Jackela,15
pranjal31v1,6
ZIADEA,22
alecgorge,8
jkf87,6
Antoracca,1
blalterman,61
tangram-tools,4
Advents-Imagery,1
Teeflo,28
fjalvarezs2,4
gamedevfun,7
KhrystynaGit,2
martinohansen,2
zrbyte,60
fernandopinedaa,1
Zoth04,1
ShulganRoman,5
iancullinane,5
Alejndr0exe,11
hvantien,18
cyhiga1977,1
SteveAnh787,1
tfidfwastaken,5
Aburomoh,6
Iacob-Alexandru-Andrei,12
0xA9UA,5
ioEl0xFF,16
Alprnpkd,1
Kalyan-zitiu,6
CoffeESIME,13
TriVip,8
chintito4ever,8
fast-falcon,9
bmander,13
Korialstrasz2,8
rydnr,17
r0mko,14
jroo162000,40
Ready2Learn2025,70
chris-castillo,2
varunr89,2
mattsgit,11
SomethingEmbarrassing,32
Charasin,24
YeyUseller,9
amitregmi,1
mcallan-star,1
yodakohl,38
Chrysler817,3
ripol92,9
Lion-Lion0,4
Makaron950,3
andreydara,33
VitaliJud,2
dtecho,8
succeed-root,1
yllsallahu,2
Nikduke,29
renaud-droide,3
Mugund-K,17
clamey,1
ritchieng,2
mwickett,1
claudioccm,11
vertigoDK,1
miyazatoakira,3
TWadi,3
Jungstershark,1
Cody-Nexgen,1
Aj1905,5
thisisWooyeol,4
praveenjuge,11
kimil61,6
Necro-Coder,6
NagasatoKazuya,4
Apollo-11,23
Web-A1,7
Jacopo888,48
gold3bear,11
dnassehi,13
erzhan12,14
john-matlock-eng,31
jejusamds,68
Ocean-Moist,7
nirum,14
ArcAF1,59
hupog,6
nikolaredstork,2
isberg,34
Ken-Andre,4
hubertquetel,12
linogarciavallejo,6
Dloughrin,2
Code0x58,4
Andriyshkoy,34
Actiari,13
andrewalufkin,7
mayankkapoor,2
reconsumeralization,15
HuracanesCaribe,6
sgrolleman,7
Ibrahim-dvp,7
JoshuaRamirez,55
andyzhou4451,6
LeonSu070,41
tanya574033,4
40uf411,3
Zecros,11
BENZOOgataga,10
kelbelss,1
hgbe-GH,13
ied0,2
delatorreAI,6
Yuukinaesa,3
antoniojbt,65
cwerner283,24
rosssaunders,3
tanreaper,3
skan0421,4
mattjutt1,2
shawn-learn,17
TroopIron,2
smansesdottk,2
arlind9,19
d0lfin,11
retrian,4
vahpetr,7
Hannesssss,2
nirvanatikku,5
fabolze,6
AWEplaysStuff,1
pedroa2silva,12
gyermakavets,4
ChestnutKurisu,79
FrantzAraya,15
anhhoangdev,3
Kraego,27
spawnaga,7
kakao-bart-lee,14
jangunsoul,1
earlbalai,32
c0sogi,12
shayodonnell,23
drawmeanelephant,5
Artemu25,20
leo-ambrogelly,120
SuperDude109,123
kirikab-27,14
TrevorS,4
eentost,1
johnschieferleuhlenbrock,7
guillermo-segura,6
robin385,11
faramarziha,13
User159951,2
MrCherry,1
llaallii,17
zennvoan12,13
tabell,6
dutchsloot84,9
saichowdary007,3
larsvonmars,16
Kaushal1011,17
bwhiting2356,24
kalo4ever,26
win895564,1
alirezaazimi326,1
Kanorto,40
Farrukh85,2
Soliver84,5
bkgge,17
sxsmg,2
yovelga,1
idolpeace,2
cclai999,1
appkaz19,15
jmoss333,6
nosru30,2
Myoxsis,13
Programmercito,1
PBorba18,3
NagoyaKensuke,1
iscream2124,3
ktyubeshi,32
akeebismail,1
vodine,1
MagnusOverby,3
HenriqueMedeiross,1
luohaha,4
anestistsio,19
rebelosa,8
MURADALV,29
taj0207,73
rehadyn,8
Tim2190,4
ken-kuro,3
acesonder,4
ameysharma,1
lee992,3
Thomasb5678,1
Ale9992,6
MasMedIm,1
seanvraineri,6
coderalexis,2
Lithvf,3
devpaps,2
w-m,22
bojito,1
EKtheSage,2
babushkai,10
tigokraft,12
aistock16,5
airu3,2
Thor6677,10
Felix-Walton,1
RachidMoussaoui,2
sepehr78,1
marc-shade,1
carlos-granados,6
nepovtor,18
afahy,2
stevebauman,3
Treszyk,41
erezsh96,2
arlindolins,12
chaseconey,1
rcsv,18
TaroAnzai,22
jwongpha,31
JIE1021,4
scottkollarik,3
leo-pfeiffer,2
NIHILncunia,6
RodrigoFK06,45
kyo-studio,1
damian-dk,18
dasaep,27
stuartshay,8
nestortada,11
Vitalik9776,10
johnnycsv232,1
diogommonteiro1992,1
fredp03,22
JeykerSalinas,16
pwskym1234,10
deividicoradi,13
bvt123,5
rizz360,2
YutaNakamura0217,11
AchimPieters,13
deanogram,27
MarcosLopezRodriguez,23
breadtk,7
hellomagmile,3
Seobuk,5
psiqueplan,6
xak1234,15
vitalii-t12,4
brandonstaton77-collab,2
onethree7,29
jQuevara,3
embp14,29
sahsan2018,8
jonapror,1
trungking,32
digirizon,1
nelsonjchen,2
rosane-julie,20
gpritzker,3
maxitect,10
nakoutsi,31
yesMohanHere,6
AlexGuo43,18
AlexTRT11,7
vskrch,13
SkyWalker9955,22
Superkasper05,2
kevinwolf85,1
necrosato,29
tuxillo,6
jxakellis,2
himanshu0o7,27
cian-moynagh,1
Ahaaryodnon,8
AEVANLANG,4
Swallio,11
snabbitcl,3
CircuitSetup,2
Mayne0963,7
celeste-kai,10
Joelgranados,4
stefan-kp,5
kschuerholt,5
tuanpb99,13
RodrigoWebD3v,6
liyin2015,2
EquiAvia,1
andrestellez84,11
OsvalDicsa,9
CiaphasC,50
hillarykb,2
mazen-hamdi,3
re1null0,9
k-pierette,1
RobboC1980,8
luuk00101,9
DaniilLemes,13
mdrideout,15
eldellrapido,6
zkartamx,7
EmeryEx,21
mtsfoni-agent,8
Fredilly,9
elsand,28
ehrishirajsharma,5
capybara84,1
BSM0oo,18
bug2000ita,11
Edouarrr,96
k4k0l,67
NosKovsky,35
tomgron,4
ekomsSavior,4
ConnorNelson,1
waraps-examples,1
T3-app-developers,17
XDCocker420,13
jeffanthony,9
BenKoncsik,1
onuresin,1
travis3630,2
evilionx3,2
GeorgeLuo,16
dwpeters88,6
Guardian-Global,32
jamesburchill,2
MacaquinhoPro,4
dannable,8
DakCo36,7
Elon222324,13
OrAsaf,3
emiliocantuc,3
freyh1,8
hunseop,27
mmdfl,10
515hikaru,3
teruyoshi,20
James22133,89
muntasirudoy,6
AnthonyAndresSH,1
DementedWeasel1971,1
Lochnair,23
Camiloesv,4
jremick,2
mahowik56,4
stanrunge,1
enescosk,7
Pedruzz30,4
Arkenstone999,6
EzekielEnns,2
Jromero-tech,3
treanor,5
doctorspider42,5
hpharsh17,11
lenhattri,5
AvishaiBarnoy,42
mitgandhi,18
leachy14,28
ubntomar,4
MUNSEUNGGEON,7
Liza53079,14
TimurKady,13
Raahitya-14,1
ryantxr,69
AlirezaMorsali,4
CyberAsh18,2
hwalde,11
HarukaKajita,21
jonasdelacour,29
Thorvas,13
menu150,8
VictorSmaniotto,12
William-07,1
rinatanino,11
jaronheard,57
Roger0G,10
chill-link,11
serverdaun,3
iShackDigitalConsultancy,1
AndrianTopaz,7
dogsbody,6
LucieFaire,1
praveenjaikant,7
ye422,4
VladimirSKLV,1
bilol-makhmudov,6
kronarq,6
Stianlars1,10
pedrosamoreira,2
AlexisOmnigo,7
mgryning,4
krotname,3
bakhda777,93
fabifont,4
nicolasBakanowski,21
rammedisetti,30
TrueAlpha-spiral,12
michaelvdh84,3
Servhentess,8
TheoZeGreek,6
mathieugallant,1
Phil-Venter,4
Arbuzov,51
Jukotechniek,35
Roconx,18
sergiooak,3
EEstevanell,19
nguyentamdat,5
Wibson82,21
RodolGiaco,12
thomasc1993,9
MestreSol,13
aces32,7
ceabrett,2
yoseio,80
CrazyDeagle,3
Mordydev,27
Piranhi,58
KathyV25,1
AdityaBaranwal1,2
dlaytonj2,13
rdalida,13
Light2DAnimaNera,48
Mishtvin,8
xandemotta,3
lexle8,2
Celso0408,5
PieterDePauw,1
thinkroot99,2
Afterincarceration,1
adhafajri,6
pacoreyes,9
SoWiEee,11
erberkk,1
qrami1,1
dogualagoz,1
kiran116,4
ga-mi-keke,5
sevki,3
milinpatel07,2
rorhug,1
neilwhelchel,1
gaurang-workshore,1
peteowen1,2
nicoooo972,2
FrancescoCavina02,1
Valeriia2003,3
stealkiller06,1
yarikleto,2
officialerictm,9
Xjkvest,2
peterxxl,2
dongduy12,22
daaquan,32
MarcelRebolledo,5
marcosf-alchemist,12
navin-nallapareddy,44
pranay5255,18
Alex128-ai,9
fujie-cit,18
jerdaz,12
spigell,19
makpdkpp,2
alephnan,4
CoderDude1232,5
camilodamiao,5
ChargerMc,4
Bu-bot,10
Grant-Perry,6
Harry25R,2
dahmounmiriam,2
hieultan,11
vantraco,5
AbhishekLGowda05,20
cabuyck,4
danberry,6
mighty-mhsl,10
bakti786,11
Anon0x23,5
nawedarshad,10
syedazeez337,7
Boyapati13,2
A-9-SOVOS,4
SunsetQuest,4
mwklein,2
gbrayhan,25
fhurtadoa,3
bobbyplubell,2
Alejou343,3
oBrennow,1
joe-butler-23,22
rikdc,6
Roshan-Kaveri,7
namba06530,3
TheoC99,5
XIYO,2
atam84,2
geonidas6,45
IamVulcan,1
LucGtff,3
noeldvictor,10
CarlosFlavioSouza,1
CaedmonMyers,10
NicTurtle,4
napoleon9000,9
InnovAI-ERP,9
j4r3dd,2
nerfthisdev,4
RYJITS,26
JAHR990524,1
nevzorthe2,6
MauricioMejS,2
Mrexpert2,1
vicenternesto86,1
CJuwaneme1704,2
ostend972,1
cheolm1n,5
vguerriero,17
ChiefSentinel,2
setiawand,40
ianszo,16
ampple,2
ptrcklehmann,4
HUIXIN-TW,4
Mygia25,5
sockeye44,1
capgeti,1
Arif2312323,2
anuj-nk,10
Pbarnett,13
Ahmed-Alqershi,63
edismah,2
defcron,9
EmilTol,2
maxyc-webber,6
Xenon5564,3
MarcusToledo,8
hamidi-dev,1
Kulyash01,27
thethongngu,19
marxus99,44
elsoda,1
johannes60-sk,2
gesuangelo,8
andreastempereau,8
idawz,6
drogfild,7
kyusign,3
VictorSaf,7
ipepe,29
JavierCane,4
mmf-code,22
tahamejdoub22,8
francTheTank,1
satiyap,3
haarshrathi1,1
masahiro-0316,3
agbruneau,2
LeonKohli,4
wrferreira1003,4
Vr-D0ggo,22
Radioffka,2
UlrikWKoren,3
dhussND,6
Friendly-Neighbourhood-Insomniac,34
gouryellas,6
Beterng,6
DinoZzzz,4
dkffptm,1
Mursh0620,4
RonaldPaskiang,3
louiesdad,15
senod96,10
klimentij,2
robertobissanti,2
rolyataylor2,1
afafseoul,10
m-Petry,1
mariommm123098,2
bingbinggongzi,4
mike-jay-k,4
bobsabra,2
umermansoor,13
ccffee-jc,4
KonstKit,7
ThioJoe,1
boestin,7
mmucenic,4
d-beezee,7
bux435x0,3
webjunk4bill,15
dmanfx,7
kobolcs,14
Stanton,8
GSKruschewsky,1
fpoujolQNAP,9
PelleRavn,2
otaviopl,14
wowcrise54,7
larsholtsebonde,12
estebangonzalezz,14
kocahmet1,11
daviddflix,12
wildjo,12
leonardorame,2
MsXister,1
peter-lawrey,758
diekotto,13
EjayNg-AI,8
vitorgtomaz,7
okonomi,4
lmy375,8
ashwathravi,2
Sylistron,4
grondak,2
robertherber,10
elatd,39
danielsalles,2
reo-kambayashi,3
dhyanivikas,4
nschotzen1,3
kamesh231,7
Geralt4,2
zrek87,1
ffernandolima,1
arinm,1
nfet,6
DrDeception,3
pauloandwe,4
RafaelVsc,1
JoeVonDahab,1
kunalpat25,4
copper-gpu,28
14code,7
chriswe12,8
sozkan4,2
danbinnun1,9
IMGitH,9
1y33,1
ibra2000sd,3
crisnc100,6
tunghoang0182,1
Hewitt6,1
baghdadhawk,4
SionM1,1
dushmis,2
JhonEx,1
jakejack13,1
Drim8Sam,2
davidj-brewster,4
chrissalvatierra,2
1bertogit,2
Zebaniah,3
jcs180,121
sandravala,1
devshinj,4
zollidan,1
hulala12345,30
juan-LARRAYA,3
Calvindd2f,6
zdeparle,4
benjaminchait,27
AesthetixDev,3
neshkatrapati,6
Julien-Dng,1
bobjansen,7
mdaneri,9
prakhara56,5
ErikHuuskonen,9
kshk123,7
Lamoara,4
hegesilaus,2
Luxxmode,16
Yonesh-Thapa,10
stewing-co,7
uuboyscy,3
MichalRG,4
davidwoodward,1
mladen5000,7
TrungHieu-alt,33
xNoxht,4
Hemiharper,20
spottier88,7
Copyxyzinc,7
deltabeard,10
milkywebboy,1
shotx333,3
bg-omar,18
hyansx,2
jameskrice7,6
trainshogi,1
FelipeRojoC,2
Agostini33,46
dlxiii,7
archon1999,9
LevButkovskiy,14
Nodensss,1
Gai-LunSW,3
synapscale,68
pand0r,6
amritage,10
gipac,7
Li-the-one,1
Lehrer-Toe,16
ThomasNguyen-git,1
Baikkal,1
HassanSaleban,2
APUniLi,6
ibnunasir,4
entr0pium,1
MaxBosch1802,23
malikp66,19
psonH,4
tcdwork,5
artmsilva,7
sahilvats1519,1
PiotrKlimczak,2
ruedtim,6
kaiocss,7
mariampi,1
Kihron,3
BDenizKoca,1
Saitosamasama,18
alwint3r,8
louisjoecodes,3
Narsiss,11
archiewood,1
hisaac,1
Yahya-bri,2
berhox,5
ZizR-design,2
DeMarcoHussey,2
kpf5297,44
Apolo6666,1
Jesus-2026,1
gabrocheleau,1
Yasuto1218,3
Jake1902,82
MisterEight,7
JezSlade,2
i2pi,11
rajdeepjaiswall,2
harrycapta,3
Alan107-gif,4
JetSetEdit,2
camilogv0102,4
sergioB79,2
Rimoblan,1
Vicentebsjr,1
michaelcaxias,3
rayhvh,17
eugenetwtw,3
No-way-out-23,5
VoxalVoid,4
AndreaCacioppo,16
Erenkocy6,1
SKULLFIRE07,1
baleen37,21
joseglagunar,3
krplatz,5
Tamicktom,3
slolobdill44,2
akkusg,4
ignaciowet,10
jdiazsg,8
smartbi81,2
Yoryoboy,1
tonton2006,1
Earth4716,1
mrworf,15
harchuk,11
xander2770,1
rajput220,1
syam202,5
fenix-hub,9
Ferryistaken,1
peatey,6
kvcsmate,6
Azezik,10
Malloc72P,1
Suke-go,25
expagepay,7
Alvisor,7
jeontk,2
Bonkers95,5
snatalenko,2
LaRocheFo01,1
arozman-htrak,1
orbas1,5
llcheesell,2
MathysLioson,8
Leehyunbin0131,6
leco123,4
rich-hupeconsulting,6
roanmatthijs,36
sicksaddev,1
tassiosouza,18
tormeneus,1
hirodesu85,1
find-road-coder,4
JSorianoto,21
renan20553,62
thecowgoesmoo,12
Binaryzero,22
acoomes,7
callmeATHUL,6
slashr,34
cajacko,20
johns-tools,22
eracle,12
keyhell,6
msajusfr,20
niiiiiiiice,1
DecayAI,1
MaximIgenbergs,1
lzrandr,1
eirenox,1
Ouasselhabti,1
viniivinii,1
shouples,3
orestmy,4
Jelte-ten-Holt,2
OilCoder,1
madhurahuja,1
fromariz,1
titiaanpalazzi,1
RaptorV6,5
jacobashtem,7
ChristianTStu,1
amerine,6
prateeshreddy,1
djshihora,30
Blumlaut,11
ibretsam,8
dfrisch,3
mbakkc,1
TheSetox,57
coding-liki-ya,3
AXVIAM,4
dinesh-git17,7
dfrer,4
abhishekaryaman,1
ThaCarterIV,11
ehsan0203,9
hugospinat,4
Baboe,22
Octavelscx,2
slokovish,1
antonygiomarxdev,3
sashabaranov,10
fefi-byte,14
capmapt,9
Bryukh,5
JonZavialov,2
Cirion1618,7
O-Marcos-Estevam,5
dgb173,4
taiatih,1
Faiga-new,2
sankalprbp,35
zakaahmed1,9
Unknown-tech-del,5
ryota-09,3
shonteag,2
cheewoeho-rgb,1
cweirdart,1
ngzhongcai,4
Tuckermorin,47
Mathewmoslow,17
joshuacook,13
Joonsense,1
Brayden-Diaz,10
miguelGuillenPaz,2
akitorahayashi,1
asfrgrtgd,2
hariharandakshnamurthy,4
davidcraig5,7
zerosfinal,7
maycrodrigues,2
jzbm,1
alexcastrodev,8
NickBonson,24
qJoke,2
asideridis,8
babbisen,26
abdurahim-H,2
sohooo,17
alfredohead,11
pratikshappai,6
amilemia,14
baosphoa0403,1
HPNChanel,3
cdot65,4
DevOpRohan,15
dvlshah,1
Beggas2,2
QilanLin,13
ED-DEV-2025,59
mrboucher99,5
danivazquez1,7
kevgoldberg,6
PrizeBots,6
Hiru5han,1
gu-larcia,5
loveslap,2
pascalwhoop,2
ghanad,7
malykhinv,8
EministarVR,4
rudyyazdi,24
ibrahim-shaban-qabaqebo,5
kolenyo2099,3
michaether,41
uopcoffee,31
ra594,14
Akhmetov-VA,8
jayanthpjh,7
aguyinahoodie,3
camconrad,1
mroche14,1
HypeR-BlackSector,7
Tamtam5-cyber,1
stopvoldemort,9
tsutsman,29
LuisVico,1
maiani98,6
TheRobBrennan,1
lht06,1
TOBRI777,2
thedeaddan,1
harhota,8
iwottan,6
billray0259,9
noahvr,6
cankasaplar,2
ciscoliving,12
FabianWiese89,2
KHCFirm,15
jurgenmema,1
JustiNN1337,1
roy2392,1
SBlake011,2
Delia18,1
tigranbq,2
DevAlexandreCR,5
SonGwangho,2
kjfarrell74,2
joosangjoe,2
KCTHolman,1
chameleon-lizard,3
kojiro-glitch,1
mo-tomi,28
Codehagen,14
al6ert,5
Adamkleo,2
Dontiv77,22
AtanasYordanov,8
Ctomc315,1
kladskull,2
RomirJ,41
juanvazqmont,1
blackstarpdx,2
sundance2000,2
securityopsai,1
AdamFromSF,1
xmrtdao,3
0mahdi0,6
sharad-dwao,8
theplatypus,1
vipshkim,1
EschauzierRob,5
Irshadmallisseri,6
santosrodriguez,2
domin211,29
cflg,3
alexeyw,5
fancymatt,15
joe052,1
markthompson1,1
coderatiiita,13
ebegic5,1
shaswata-das,17
itseed,4
theyatokami,14
mpaydayesh,5
daniel-miller,1
jacol,3
solid-pixel,1
jamesj999,3
wassimbenaissa,2
ekandreas,31
daoshihaideba,3
Yosi2377,17
ElBibos90,9
ericcaptures,1
briannippert,4
macward,5
GC1RG,1
ShiloSapir,13
Dennisbmx,1
lacker,13
webzidev,1
marcvannuffel,5
MagnusHegle,2
fakoli,1
chrisjmccormick,19
plexliving,1
macaxerasasa,1
ifurkansalvatore,1
batuhancitoglu,1
murciasaez,1
ReiGaan,12
ThomasWainstein,2
Ch1keen,4
caprice1026-disc,10
fightingentropy,7
mutluozkurt,2
theroiguy,21
vgorkavenko,9
am-neacsu,3
GinoZampol,2
manishsharma008,3
clamalo,9
DanMarshall909,33
cristianoaredes,8
thealinfix,5
Gfernandezv,8
Peytonjc,7
Shadi2001,7
Uva337,10
tanvir00007,5
paperwater1,4
aosumi-rena,4
Thiago-Portella,13
sugarandqueries,5
walterchris,3
vinzgoldwin,7
Siyou-Li,9
QuennelChen,2
asolomon4146,1
amayfield245,1
sumitmalik51,1
Perdolique,3
arealicehole,11
alejandroaldas,6
chausner,30
marcusagenciaml,8
markzakharyan,6
ph05,1
alesiahil,55
flexlikejoshua,1
IvoFehn,9
Ruben1836,6
chriseckman,6
joaquim-verges,15
gadgetsan,7
tzafrir-fiverr,1
doronn,6
joneri,47
Zetax9x,26
mrnehemiahreese,4
dgott0502,6
Ceyvion,16
hoangminhanhtu,10
FCG-labs,38
turesheim,2
DavisFoster,8
ke-fritz,1
Ryan-Bell,8
rob137,7
mmason930,2
evonnej,1
fyhao,7
bryanwhiting,28
geohot,10
kagayaki-7,8
JokersFiasco99,9
abubakkariiui,7
i-klimenko-ge,13
amit608,4
Nekit369,2
icalzadas,1
dddddias,1
florepos,8
CommanderLake,4
Alkimik9000,23
IvanAmoros,5
kk99corn,2
Zelyder,11
caleighc,6
Reesec123,1
kejji,10
DCN199317,2
eee-Andrew,6
techjb,3
eldorado230,10
Mikael-Gustafsson,7
kashyap07,4
denhamvenom,8
agu4004,12
ZephirFXEC,5
CristianBrinza,25
nbc1973,3
susumutomita,2
aantropov,40
feizhanxia,7
kittyduckyspacehelmet,1
schubertz66,2
hector-reyes-dev,6
dibleauzah,1
sa-basharat-ali,1
h000000nkim,4
magnumxpm,3
ukonpower,15
ericterpstra,4
bdolicki,3
jhurray,9
YsKhan61,16
ChrisVivasAI,5
hey-aw,5
maximus-POL,1
rechazaloultimo,23
anil1907,9
gitmur444,8
gregsher1,4
ModelShip25,3
xwj0109,1
ksuhara,11
2Duo,23
pietromattei93,1
MHDKHA,23
mohatb,2
mydailyagency,9
AWash227,17
lance0805,1
Fantomas937,9
Tylion05,2
kaefee,1
chris00walker,5
Ahmad1992Alm,10
Tamok,3
madeinJPN,10
tsanyilin,2
lolpopa360,1
rosus10,2
Faradillah,2
tborealis,5
JohannesRonski,1
linked34ce,11
ucok-hub,2
mitsuo0114,16
Burkunk,1
mosnin,1
kolgushev,2
Leonardoxfrr,1
timflannagan,1
csehammad,12
yunxiaoliCB,1
paulo-evangelista,1
Baalaganapathy,1
amilr,3
Brandon99hub,1
monci1850,4
leofurio,11
karthikbadam,9
imsuviiix,2
StefanMuellerAI,5
mehrzads,2
bl0ndeYetti,19
dordots,4
Doomec-prog,26
OLGTX303,10
RickyHolland,1
nexumpharma,7
alishshrestha,1
stolkie78,4
Hezuma,5
ajsalasa,4
Producdevity,4
kduchagaslima,8
Bharatchoudhary11,9
esantos92,2
NickCebula,3
caic99,6
MCGPPeters,13
gowerc,1
MiguelDiLalla,10
JMcCumberIO,23
ds-jhartmann,6
fiskus,1
raimu38,1
Taichicchi1221,1
ScottSyms,15
bysilvaart,14
sundarjeeves,2
Ricardo-1991,3
vomoura,21
scrapwidth,13
NikitaAntonovitch,3
ryanswalters,4
urikreitner,9
underat,2
jportugalr,3
theDanielYeh,4
ccastillon,4
JamesWordie,2
Jango73,4
Ferespinal07,12
TamaraVioleau,8
fisapool,4
ThomasTsao0704,1
PavelMalachovski,3
elstupido,5
danifilho,7
AldoNunes001,3
ErasmoAA,6
Anselming,1
falendary,2
kanekop,14
Alexxis0,20
elzeerx,20
MarwaneLachhab,1
Veunia,1
MootPrune83,4
vinishgeorge,5
zone11,3
doods-irl,12
steren,4
harrison991,6
kalenjordan,13
IvanPavlov25,15
quantDIY,17
from2001,7
Adventurer-E,10
Noah111777,3
analytics-epa,5
nndrao,4
blacwh,5
xinxinhuang,3
trt123,1
toshiotawa,149
Themath93,9
andrewdeutsch,1
rodrigogianninicosta,1
SimonBouhier,3
ZebVert420,12
andersjay,22
foxsake123,4
felipeharker,3
simke9445,1
bantusak3th,7
StanleyFishman,10
ahmadizzan,3
locainin,2
Richmido,1
pablopunk,16
HNFreeze,6
alefsobhani,4
Dizzysky1,2
maxbuzin,7
lehoangphuc747,11
moonslide,16
wagun,8
jhang-jhe-wei,2
amaruy,2
TurnerDigitalBuilder,4
rigbyspace,8
FrancescoCorrenti,4
zenionyx,3
aquanautpp,1
ArnavAgrawal03,5
sud0n1m,2
kendonB,11
JrStarkmidia,2
scottiepowell,6
Arix-ALIMAGNIDOKPO,1
dangerusslee,7
KHY90,6
TheCelestialMarauder,1
GhOsT00712,2
ygalbel,1
BonyBony,1
AhmedMedo,15
edoziw,3
godlesscherry,2
ibrahimelnemr,1
AlexStrydis,10
clay-bugg,1
SantiQ0905,8
kevbuh,3
rajaMedindrao,14
lalomorales22,24
keith1101,2
PaulLalarme,5
zakzaki244,1
Ernest01982,4
petrinjski,3
prismon,7
KingHippopotamus,1
bsaunder,18
elionaycaxinga,4
skrtt777,1
Brelyntweb4,27
Alesor03,2
LuDattilo,1
3nnE1,3
rohittp0,5
adaptabyte,12
irvinjoao19,4
faithfulcoronel,2
OscarNeto021,15
ByteCraftNova,2
bquerino,10
gabrielvol,5
carlosverissimo3001,9
hameda9795,2
MavWuzhere,8
CarlosServin18,17
Slacksarenice,15
satyarajrapido,1
reiki89tapir,2
chroakPRO,2
albertvision,16
givsly-stephen,3
choooosen,4
4vyrez,10
Swoit,1
DamienMarill,7
danilo-1,16
EDY28-M,19
devil-my1,7
FullStackSamk,7
serihiro,9
RicharC293,3
Lucifer-Morning-Star-Code,3
rezajax,2
RafaPear,19
GregoryWilks,23
yeonsungk1m,2
blakechambers,5
J2-D2-3PO,1
PatrickSimoes,7
hamdankhan1208,2
simone-viozzi,16
fei3363,6
fphng,7
hashansilva,11
HeyTraction,15
JerryHung1030,17
marawan206,4
charliecpu,6
techcto,2
syntoniousrex,7
juhengwu,1
AkshatSharma-Z,2
MilSmo,13
drnwang,1
RendaZhang,15
taylorinalaska,1
smarcilla,10
ZeroAbsolutePrime,12
eunsung-actnova,3
kre8sions,1
Ak-9647,2
EdurdoAndrade-Ds,6
xznhj8129,1
nicklas-donde,6
ifanirene,6
yumulk604,3
Jabolo,9
TimeDelta,12
obd82,4
emergingtechnologiescpe,2
AnirudhPrakashCMU,6
pradeepantapnal,7
TaomasSpace,16
silencelen,13
anilguzel,6
ranjithstar256,4
yodalberth,13
Varuno8,11
LUX-YU,8
himanshutyagi36,3
najibhashemai,1
Akhonachosen1,5
YihaoSu,4
Felix3214g,1
gvlcek,5
jacobrmount,9
iabin,1
Darktechvibes,4
zakisandhu,1
sciordia,1
douglaslpo,2
honigkuchenhengst,3
taronii,1
dan-tibbotts,8
koukikubo,1
aliawada,2
vamshisudula,1
kamalarnav04,3
Anhu17,9
doktoren,3
airesmcunha,4
stevehjohn,2
abuzuhri,7
alexislindsay,12
SemSmits,1
artpods56,2
erayysahin,3
STProgrammer,9
Syedirtiza768,3
kwabenabu,2
Ikey168,7
DeiElecti,1
moriorgames,4
rdekkers-code,4
seanmike048,2
ArthurSonzogni,7
JBE10,2
ken7python,3
JungHoonie,4
yassinkortam,9
cclark901,2
tfreestone-PSI,1
RaptorX,1
MCrackLP1,1
MSAydogdu,14
kfastov,2
myfunnyandy,3
MorokStary,17
evalthis,2
Joshua-Smith222,1
gjb1088,4
mbk906,2
dyaksa,2
santoshsk2005,6
MateenahJAHAN,1
DavidBloomer11,4
cemGr,26
detyse,4
Kcruz080492,1
AndrePosm,1
MrSimpleMind,2
Wikgq123,21
LIMGIHO,2
kennybix,1
letam,4
khaldeezal,6
yihsien,4
m245seed,4
Git-Ilan-Axon,1
justinlkimball,1
gustavdelius,2
laluz742,3
sergedeh,6
joshuasicw0818,14
DavidC001,1
csalcantaraBR,14
Anxile,1
Felipeingc,1
diegosouzapw,4
ChandlerFarnsworth,2
mattwatson7,10
arsindelve,13
couvain,8
OPPIF,15
lucabarri,11
sandy-the-earth,6
phalchanouksa,7
ConstableW,1
anbu369,2
TheOne2025,14
AhmetEnesKCC,6
benlague,1
christabone,4
blanqspace,3
bmackenty,4
jakubciszak,2
darkan5,1
ConProgramming,2
alexx-ftw,7
Tjdriii,8
soburi,14
chinmayabm,3
salman1993,1
deathknight2002,1
benkant,3
dmiska25,4
emreakka,2
Hatalii,6
safriaduo,18
salmarsumi,2
jurre-leadi,1
oekoo22,3
omidfa123,1
pauloheg33,4
manuelallemann,3
falonsos,1
SauzzeFeX,1
ksindy,5
berkantalperen,3
mikolajmariasz,3
HTr04,2
josanager,10
Mosesabyss,1
erivamjr,4
juliet-fleischer,5
Kevintroost,3
galsterGH,19
saifsoub,1
elkir0,5
ucuc,4
TarokoDev,14
mestileryan,12
Phraselium,2
avas888,6
VasileiosZacharias,1
MatteoRigoni,5
coundia,2
jolovicdev,1
Leslye777,1
shaunchokshi,1
AliBenrami,2
Gianka78,16
kaustubhg101,1
ReeceGz,21
mohideen-aws,3
abasukoski,4
OlsenSM91,17
leoshimo,13
afadxb,21
AdautoRamalho,1
r9young,5
ignaciodamiang,35
ttizze,4
xpinjection,10
davidondrej,1
TGreen87,10
msmithstubbs,1
chaitanya-1999A,1
anthrogan,20
v00n,1
wbell2000,16
Akai930,1
noahpeltier,1
JayVDZ,13
CherryCIC,2
Giggles3237,16
Blankeeir,8
svetzal,2
RafaelAlvizo,1
hartjacob,1
Playmobil123,1
ChenHsieh,2
samplereality,1
druso,7
chris659213,1
AEWorthy,26
Nick-Boe,26
VicTramontina,2
roan2008,7
LordingtheVoid,1
NicolasMassart,3
killerapp,2
fabierb,5
kimgroth,7
satruddh,5
Nuriddin4040,1
NuwanJ,14
insightriot,1
jhgoh,10
AliJavadi1997,1
hse95,1
LocoIcee,1
dagon1977,2
NemoLienau,5
hardware-forest-utopia,11
tsainez,19
garvits-bsf,4
emtype,2
vaeryn-uk,23
reneklop,2
ronanleflem,9
airparadox,7
captenmasin,4
Rayray1099,2
MiguelMF16,14
Silental16,5
source369,5
ductruongnguyen,1
JamesLorello,41
vradovic-metoda,1
mrthuan,12
chaseingai,2
hask1990,2
manuelsh,4
jasonamoss,1
RolandGit95,2
Royarzunsilva,3
icesousa,2
mdaisuke5,3
ed1rac,1
juliombernardi,6
stephanos,8
elvenaz0,9
SuperCrescio,9
pirog,6
EllAchE,5
markomiz,1
Rahaf858,1
teem5,17
pmanni,1
yuusuke1818,7
geegeek,3
diiacovom,3
datascienceingetec,7
gurrahmed,2
welldanyogia,8
astral-matrix,12
JoakoBallesteros,1
kwwsyk,4
JulianGiraldo97,5
ttulttul,6
cdilla99,1
SteveCtrl88,6
Jamerzbatman,10
moonlight2596,5
Butterfly999,1
Matze5593,1
thehhugg,5
scotm,18
iroriAdmin,3
dolljong,1
bugsyyu,3
AmShaegar13,1
HerickRafael,6
CgoulartS,2
NANGIA70,1
Scott-Fan-Wang,3
piotr-ipro,6
Gravitonian77,9
bear2u,3
NRodriguezcuellar,1
danshome,5
Paulina09deos,3
ForeSureAnalytics,7
ricardosguimaraes,2
ignite-x00g,41
xa9e,5
khou22,5
mgharaibehAE,1
andrewboudreau,11
RONALDO-C-DLH,9
tilers4you,1
strngtheo,1
daryt,3
Captainkoopa42,4
Jairgo,2
makoragi,13
in-up,4
render4us,14
Rsirp0c,6
svw2404,9
clauberson,8
rtcustodio,2
Phillweston,20
DRCOMPUTER60290,27
DSM2499,2
mahan2079,16
GhostengineCEO,11
ZeroCCM,1
nbiscaro,4
adriaandotcom,26
sharq-labs,1
carlostcba,2
danexplore,1
optiplex3020,5
wuvo,3
DevWizard-es,1
mpwassler,1
ujang19,2
Naly-programming,5
eniewold,1
Cur1iosity,12
MontyPithon,2
NikitaBelov-mobile,7
terragon-labs[bot],36
lbds137,10
takezou621,9
kosuke-fujisawa,1
delano,4
JohanDevl,5
eason-dev,2
adinunzio10,5
sugurutakahashi-1234,6
batumilove,3
insult0o,5
tttela,4
tears330,3
zdpk,8
DaveSmith227,3
aRustyDev,1
SilVdB,1
aymericdelab,1
phrazzld,10
morodomi,2
JoernStoehler,4
KoheiYamashita,1
Fank,4
Hiro-Shiba-C,1
YOzaz,12
curb47,5
Alfonsxh,1
abays,2
andrekirst,6
gpb360,2
mi-skam,1
castor4bit,2
tkoyama010,2
emily-flambe,13
azumag,1
horie-tt,2
iainmcgin,1
rlajous,1
j-94,1
jameshickman,1
juniorpayne,4
danieldavidson,2
vlados,1
chokil,9
wlvh,4
CaCC-Lab,8
l2succes,1
FlorinPeter,6
anchapin,3
hitsumabushi334,3
toiroakr,1
sunt05,3
brettarion,1
xstelea,3
phnks,3
sotaniwa,3
nanasess,2
a1hang,2
jasonkuhrt,1
AN-BC,12
mmiura-2351,4
michiosw,3
bsatoriu,1
ShunsukeHayashi,2
x81k25,31
danielscholl,16
damilola-elegbede,2
Kroisse,3
DeanoC,3
AdamOrmondroyd,1
MasashiFukuzawa,11
fcoury,2
woodrowpearson,9
petermattis,1
abelsiqueira,2
cgbarlow,7
adambarito,3
rudihinds,1
pronnmark,1
Esk3nder,4
matsilva,1
husniadil,1
RRRRRRR-777,1
chad-orases,3
aku11i,2
tsutomu-n,1
hoibui,1
jgtolentino,2
bobular,1
n2ctech,2
MervinPraison,3
sumihiro3,1
Oomaxime,1
leftonbo,1
HIDE-Kanazawa,17
leakingMemo,1
nathanvale,1
synx-kawai,1
kdvjr,2
zhiyue,4
WeisiF,1
cbrane,1
fr1jo,3
sagarey,2
yangs777,5
paveg,4
cptkoolbeenz,2
rfdnxbro,1
yar0316,2
no-yan,5
pythonpete32,6
rawkode,3
char5742,1
mr-mcox,1
toracle,4
dragonku,1
software-is-art,2
norton120,1
man-shar,1
mattgodbolt,4
badlogic,1
chicham,1
dpshade,1
distractedm1nd,6
hamishivi,1
BBleae,1
nesitor,2
anandaroop,1
tmustier,2
markturansky,2
SilentMalachite,1
ryaneggz,1
atsushi-h,1
oveddan,1
leohara,1
galactic993,1
hkdeman,1
miteshashar,1
manoj30075,1
trajan0x,1
rjmette,1
afflom,4
alexander-nailed-it,1
stanlocht,1
anneschuth,1
airbolt-bot,1
PengleiYu,1
jlamoreaux,1
gcp-cherry-pick-bot[bot],1
popand,1
Luoq1-Xu,1
neon-cc-agent-1,1
ddisisto,1
wakamex,1
Manumac86,1
ndraiman,2
ekumaki,1
sea-turt1e,1
jaredmixpanel,1
workinprogr3ss,1
parruda,2
s-hiraoku,1
PeanutBAMM,1
tarttelin,1
posix4e,1
akihisa1210,2
Alims-Repo,1
67doughnuts,16
cmakafui,1
vinneyto,3
LironSif,7
kamleshbhalui,2
sanclicks,30
joeyickesllc,9
P-Hutch,1
taylorhickem,8
meabhinavdeshwar,1
DanySK,10
pfarrergraf,1
SBurrell23,2
kbdemiranda,2
dean0x,4
k888885,2
mwfilho,16
vidhip222,4
Toulouse790,2
CedricLE-ROY,12
FlashKidd,12
Kgibbs501,1
gbdrm,4
francesco-corsaro,10
CibiChakrawarthy,3
Ryan-Ababtain,2
shashihacks,1
svendudink,3
boreljoao,7
ashleycalvert,1
Ben0Miln,2
MAKaminski,2
joanlm,2
rub1n0,2
SantiagoVBlasL,2
klzchz,3
anamibnaharun,3
Valenvgon,1
ddarmon,11
Aryalgautam1,1
Wowfullbar,7
ssreynoso,3
guchiinu,13
Deden199,8
Geibinger,2
RICH0423,3
humansinstitute,8
huytd,3
Melanjnk,7
nihal1294,6
georgebleyer,4
Nicolas456123,13
Iasmym-Louhanne,12
Luvleydie,6
Fredy002,4
avinashvijayadevan,4
mateogasme,2
LocNguyenMHD,1
SkipeeD,2
moz411,8
DanH-Walpole,12
cauelz,1
accexs,13
shahinrtm,1
jthingelstad,7
Sanguin1us,22
BenjaminGROISNE,2
pavini,1
ZombrahX,6
emilasheras,4
jqueirozs,14
alysson-ps,1
usexless,6
JarodSch,1
Lucas-Baur,1
yu-suke540,1
sasakitatsuya2024,4
DaiIshida4869,2
Transcendenceia,7
biggerbluebutton,1
idkcallme,6
PFK-Scheppach,16
KJG19,1
slashline15,1
olyyarm,1
Vo3lk3r,1
ceitsa-ti,9
quintenroets,5
SukumarUA,7
yraj32,1
AlyssonVanelli,2
Techfido,3
drustan-hawk,6
MattYu12138,6
investorpaisa,6
VisaryLab,3
MAHDIFARAJI316,12
fbbp,1
andreslongueirarengifo,2
simplifyn,1
onskydeep35,27
bkrabach,2
melchertclark,5
drewstone,7
ytj254,2
max0913,2
lulaide,1
Deliaz,4
yamayamma,4
samitugal,1
khushalvanwani,1
rajdeepmondaldotcom,10
fabian20ro,8
Dumbrovskii,24
diminha55,55
abhijitpatra337,1
Advantech-Jack-Lin,3
phamin2001,1
apicard1,1
kaisumi,4
Wook-kim,2
swhan0329,9
TWVyY3VyaW8K,4
soneryanik,1
elysiumisac,1
anderandySNA20,1
ElRapt,4
Dahom95,3
Chatbottax,1
brydenmcleodvan,6
akhilexx,2
linyingwei2003,1
dneralla,3
raishubham955,1
parryio,2
denysrepo,3
deathzone707,12
pasather83,3
dimpap5555,1
briuno,11
deanypop72,8
sakshamvirmani,7
satyajeet-1234,2
filipstachura,1
beatfactor,4
Oppicer,7
julianhessels,2
cono,1
ziahziahziah,7
cap-blurr,4
alish092,1
Glebza,3
QNimbus,1
MRCHEERS,1
InvincibleIRMan,3
ElMotaso,7
ksoriano-eng,1
Jason-Latz,7
bmoyroud,1
bgraedel,3
Yasser23233,16
sdecima,3
esraderey,3
jassus,21
Kuzat,4
bob-takuya,2
davicatarino,5
EasyArray,2
TripleGs,2
SyroQT,17
matteo110918,6
hichaaamb,3
knottsofthoughts,10
yjllin,4
FTabilo-ml,3
Jagadeeswar1973,2
goulartfs,49
bumbitzu,1
cloesun,4
HRL-cody,1
Lucas0508hub,2
chenghuaguo,1
eddieaylthon,1
abdelouafi,1
deemoe404,10
lengfeng222,1
catalano00,1
luvvmk2,14
NaeemDosh,2
mikewong23571,5
MathSena,8
abhiaagarwal,1
ictin,6
borisvillanueva,6
enriquito11,5
EdmilsonSilva,6
madhunm,5
chiselbyte-v,3
watermirror,4
nbt4,1
eightflooradi,1
JPB0523,2
AnisseO,1
Blackmvmba88,10
SovereignCraft,7
jeremy-wang-lin,1
cottluke1,4
orr-levinger,3
serenahu29,1
JonathanBelloit,2
dtisch,1
Kevinx1031,8
drluisfiliperoriz,1
bonesao,4
badigit,1
rvdbreemen,6
ovikeee2,2
pranciskus,3
tenzilten,2
David-S-87,8
Gunoch,5
CharlesFrancis19,3
glacials,4
arnodelorme,1
f0lie,19
tlvu93,6
kngsnwn,3
ardasnturk,1
superplan,7
wwwingo0,2
brandonromanek,1
Nathanllee1,2
johnpearce,1
adudeonthenet,8
afzalasar7,1
diegomanaglia,1
PauloAndersonN,1
Spaceminddog,1
Shmehade321,3
darya-zavaliuk-leverx,11
luvchikavi,2
grigory-zhovtun,1
samyakjain-1,2
zachmdsi,20
yelramy,3
Matshio7,2
mael-belval,9
rterencio-Absoluto,3
ingberrio,11
yashc73080,1
Mustafabeyli,1
keshav-yoga,9
YUVALF14,14
hiewgroup,4
srisoontorn,4
dc-sebes,1
tkozzer,6
Guilherme-Denarde,25
shubb67,1
evanderloo,3
Ghost09a1,3
igormidev,3
rokkc,4
Jasper19901029,4
kingkillery,22
kent28,1
digi2s,4
MatteoGuidii,9
llawson1,2
yyfarmct,1
ofki31,1
jpszalanski,9
TheUltimateOrion,2
daichan132,2
sbc1-code,2
jasonshaw0,3
gakkyTaihasoeru,1
musel25,1
sertacguler1,4
mshawon9,1
DavidMRGaona,10
cheeseede,1
Edipo3098,1
TEZT-USER,1
firesh,1
maxvanceffer,4
2nisis,1
alirezarzg,2
DidilonGit,7
StanDobrev11,11
H-wire,14
Nathan-Austin,2
Equinox2025,3
Saurav12das,13
thantsintoe,1
MrJavlon4002,2
danielartaguirre,1
suupaagorira,6
lavr,2
akira-tokiwa-GMO,4
MellowMango,2
Josephivgi,2
zhouweicJp,6
Abrham007,5
VishG28,4
ratankaliani,2
as881028,7
NickSeagull,1
agulatam,1
Tiriel-Alyptus,7
ahump20,6
Pharathorn,2
skowi,1
muzairk92,1
agusmontesi,1
fabegalo,1
trishab,10
azaklika,7
Cemil61,1
kartik0649,2
gshklovs,4
KerbalWorkshop,8
hipsterusername,21
cbell504,2
Nutonspeed1,4
FabricioClaureV,1
MelloBirkan,7
ihower,3
Tekiro99,4
aljosan,3
WalksWithASwagger,13
drdurczok,6
hunterxcv441,1
Ghobi-A,4
viplix3,1
BensonPigo,23
aria1th,2
iDeaKz,2
Faitltd,18
Ilona-a-k,4
ArSokolov,1
nbursa,12
PaulLemoine01,1
ricboer0,7
onlozanoo,2
S-hk-ri,1
Didar1520,7
fguisso,2
nirannguyen50,1
hskiba,18
conqueror,5
michelcelian-pro,17
NicolasCaronPro,11
shashank-rudra-lab,18
wyattmitchell,1
HasanZiyade,1
wehr-to,8
trantammt,2
JorgeAO,10
aliwesam,1
gitprajapati,1
HeliosCollins,1
haikukelsinki,1
bslbschef,6
Illhm,13
cityhunteur,11
jc4p,1
okhat,7
t0bias84,9
cloudtardis,10
Pier0t,1
nxjaime,2
kinchungwong,6
sebass819,1
AlexandreLA,2
henriquepontalti,2
altned,2
Grasonyang,12
nicoegiaian,9
dazai2001-cmd,2
futomani,1
chrbknudsen,11
ramjeesaradi,15
Billel-69,1
Superlllas2,21
kamaleizhang,1
kentang2017,8
JulienPharma,2
ShuvroWritesCode,2
CaptainIgl00,3
GabriFero,1
skylinesahara,1
marolinik,6
egesamuray,14
mkeyran,20
MomoFadaly,5
andreacivitarese,3
gournge,3
ashwin31,1
VursaZar,8
rlepko,5
mckenna-dev,2
DavidAToapanta,1
w3farid,6
ttgamesat,2
kevinduhamelhayes,1
GreeshmaBorra05,1
pedrogabrieldesign,1
Meni3300,1
senu-nk,1
EduGar130,5
agoesd,1
UID0xNull,25
Smartest-Brian,2
johannesCmayer,1
snvnn,8
Victor-Gondo,3
timjsmith,3
SudharmaCreators,1
030jmk,6
samuelcyw,2
gitgregoryjones,7
AustinGitGreen,2
chrisbraddock,8
teo-garcia,5
Juan-Pablo-Amm-2003,7
sauramel,2
reills,7
GAMTraining,1
Vinod1204,11
adarshmalviy,1
deboralais,1
celson,2
lukapsg,3
Azik1200,9
rihardsgrig,4
SylvainChabaud,1
RushikeshChavan0101,4
ajithcravi,1
jonnybode,1
agup006,3
ryakeb,2
ChristopherMarques,1
localastronaut,1
Mohammad-soqar,3
btlsd,5
kisamori,2
ISGA,5
avivseri,2
gupsammy,3
jerryshang,2
jsw7524,1
anhphong22,2
matthiasgoergens,2
pannilal,5
schmit,7
tmpcosta,4
ksi2564,1
katsuyukishimbo,1
Kcorb95,1
smat-dev,6
harveyspector64,1
yosfgfx,8
Eden-Eldith,5
j-cargill,1
account333-web,9
eduzen,5
andresedal,42
adrigm,1
PlanJames,3
rhysha,3
murtuza21,4
simonsayspark,5
LogunLACC,17
beyoungjae,1
FV-maker,1
apoorvasinha183,1
junaidatique,4
jesuscorner,3
ensar65,2
cargoclaro,1
Anhade,2
echofield,3
McFischer615,7
azymitbazy,1
hogg101,1
arslanmcahid,1
con77win,1
aewing,11
usagi917,1
uilfl,1
jperaltac,31
SantiagoCTB,1
deanball,4
amaannizam29,1
asrana01,3
AnimeAlley,1
BENALIA198510,6
TheLongSentance,5
DanielMauricio13,3
ForGoodTech,2
aselekoglu,1
shahsarmad205,1
Rauljauregi,4
randomeizer,2
abdalrahmanabase,10
3l3ktr0n,2
maniR1990,8
zhe979799,6
LukasTr1980,11
mitkargin1,2
VictorAmadeu,3
h0t5tuff,1
tingilee,1
AaronMaYue,1
derekmohara23,1
Slaschounet,6
tyranosurasmax,2
rowanG077,2
Dotunglam1,1
OpenMachinesAI,1
vepretski,1
MoritzM00,1
CloudSquire,1
jerrojo,2
Norman-else,2
vabalas82,1
mingnz,3
sellmenn,2
Woomou,7
pavlo209,3
locadm,2
dataprecision,3
mukilukuna,9
awesomesong,2
unclesp1d3r,6
0x4133,4
hannahmenke,3
livinter,6
kpukaj,2
hklchung,5
ahontoria,1
kirkchu,1
ThomasieDK,4
merei116,6
AkazaMO3,1
Juuunnne,3
Schenna43lp1,2
Ethanlita,6
MarcoVassura,1
CorradoLanera,1
AquilaAscension,1
DenBlacky808,1
BoRHeX,1
BobadillaSergio,2
martinstolz-ch,1
Chilingaryan,8
pablomedina7,4
Siya360,8
jodagoar56,1
Krzysiek761,1
Ekene-Chris,2
mkapulica,2
pdmsk,1
GurevichTom,1
thainguyen101b,13
sheikhkayenat,1
Andrei-cloud,4
loco-coder,2
RomaoFilipe,1
acewebsa,4
Eynnzerr,5
VirtualPalmBeach,5
ZetaSoftdev,1
mika314,1
weirdkid,3
facurogala,2
agrawalashwin,13
SlapShotTech,3
hafriz,3
artem4150,8
renatokuipers,1
K1N6Y,2
IngDavidTM,3
dgongor,1
GodOfDiamond,3
Ho3inahmadabadi,6
Samson-tech-code,2
HowieLai,1
cardoza868,1
EricGuerrize,1
hondavideos,5
yuta1558,9
ahkhalil-lab,1
pbagheri430-oss,2
tariksoysal,13
parakram7,1
magmiliator77,1
UnwiseGiraffeX86,1
HydraRock,3
Ellebam,5
a-almazyad,17
michaelmincone,17
martinh726,5
DavidSikora88,6
Priolli,3
LedouxK,3
daniloarfaria,1
tsaguesymphoris,4
stangoldbear,1
cjleemesotes,1
juanibosco,2
Aryan-Kumar-Index9,5
Aienuxia,1
josegarciagv,3
pshongwe,8
Michael-IISI,2
Daivon16,6
micor-cjj-spec,3
semyonmor,2
sparwe,3
Stevit,3
dominik-najberg,14
webtista,2
Ran-python,1
mazemalo,1
Pandafuchs,8
ksmarine01,2
montes3321,3
rbuttery,3
andyy909,1
hobrasoft,2
jamesbrown1417,2
zhuyongdong1,5
adriandez,14
terobau6969,2
Fran-chess,16
fereshtehmmm,2
squidish,4
Shriyansh-N-D,7
larust,4
Kai-The-Creator,16
skullcrs,1
thilo-lab,4
dusttostars,1
jostylr,4
MassimilianoSC,2
buffcode,2
cvt8,18
omggga,4
drsdass,2
slickdexic,2
lucaosti,1
Starofblack,6
Thrasher-Software,2
spazyCZ,2
amangovindrao,1
KrisSimchev,3
naxirudin,1
landrumb,4
Daniell79,1
Uptax-creator,2
kaliani,5
lizagonch,3
Inovasys-IT,2
HyeonsuParkembedded,1
Padenshoe,11
basher83,13
DylanWarrener,3
ARecia,9
qmyhd,5
pablodevrzmz,9
Mladenkg,1
luchris429,2
ThonyFM,1
drvinhhoang,2
Seecougsy,2
sebastianj-design,4
shalei120,1
consentsam,22
mariamnour,1
LMajnaric,3
mediocreatmybest,1
MihirSachdeva,2
do4bmw,1
PainChopper,1
Combatpanda420,1
yonnastgetahun,1
dvolk,6
Vincitore64,1
Stormen93,2
avasani,2
whyy9527,2
haikali3,1
wooosik,1
jdn-the-dev,2
emakumi,1
chat-omega,4
DragonEatingStar,1
ArticosDev,1
gauravmohan93s,1
myhau,7
FrankUAPT,1
Jsackitey1,4
tom-zv,2
afeqfikri,4
ThalesA,2
ItzzPotato,9
MJE43,5
ult0,3
ThorbenBartel,6
shaikhameeda12,1
corrosivevisions,8
unsdevcode,6
FrederikSchjerbeck,2
Python840,1
sbrandsborg,3
pauolvez,2
dd-daihuaye,7
growsic,6
A-Abedi,5
AgroMindAi,1
mpodeley,6
wizmarin,1
robnthecity,1
cadwin95,7
KeanuJeromeCalo,1
GhostITCITM,3
zpirzada,2
Kling0012,4
jonathanfischer97,3
Ahmed-Ali,2
turrrruuuu,2
dinoanderson,4
kanjun0402,1
Kelushael,9
Onur1057,1
birodavidka,1
babajohn33,1
roslovets,3
evilwhite99,2
sohprivate,2
therealemm,9
nicsoltani,1
AnkitNakhawa,8
SpectrumbProject,2
GoodBoyDigital,4
vikramadityavss,10
Shadow-Capibara,2
chengzixqq,5
adameat,1
rehnstroem,1
fame1237,6
carloscirca,2
fcwarrior,3
archer-intelligence,3
sodinfeliz,3
Akaash-Kashyap,4
test74750,3
Duvet05,1
Stones225,8
imramugh,1
josedca200,6
JuanFelipeEstupinan,1
vibecoderdeluxe,1
kmaneshk,6
jaasco,2
abiyevseymur,2
nfj5,7
joelcombes,1
ilies38,1
dangolrohit,1
StaticQuasar931,1
careersSolutions,4
Uriapkm,9
enesklcarslan,2
jinwoo-Sync,7
ViktorMajor,2
KiranKumar-Moguluri,2
M0S-quito,2
kdroidFilter,3
Carouan,5
Avazbek22,5
simprl,7
Diberto,2
Sorl4c,4
bayramtturgutt,1
Jun-Myunsu,2
gouthy,4
JESRI-C,13
CrownedRazberry,7
Leif0825,3
shreytalreja25,3
EmilStyle,2
gmharish190403,1
wreiske,1
labskraft-user204,1
jakelevi88hp,1
esambe,1
leighmcculloch,1
renehernandez,1
shyamsridhar123,1
tdorsey,3
martalacasta,2
paufregi,1
Turintel,2
siddjoshi,1
takaknee,2
lovedownload,4
Kryptonator,1
MarceloStrydom,1
jirihofman,3
menshov-anatoliy,2
EliasSuez,1
zipooclassic,2
laurakick,1
Silvan-M,1
Ituking,1
Vatsal216,1
yellowrook1,1
Sukkaito,1
johanlindholm,2
zakoverflow,2
D3FaltXD,1
nyrumx,2
schmalle,1
CCninja86,1
akhayash,1
bijanf,2
Quafadas,1
Agirumi74,2
Mo-eid200,2
WxboySuper,1
Giftedx,8
CyrineKamoun,2
pelikhan,1
hafizd-kurniawan,1
rmitchellscott,2
britapoore,6
paul-sondhi,3
hoangtien04,1
mudit1729,1
Kenoslaw,1
ductuenam,2
TheRealShamsaba,17
jaesuphwang,5
prraatham29,1
MarshallRJ,2
RubenOsiris073,4
jakobanselm,6
Karlend,3
Goblo-Code-Repository,1
ziemniaki,4
AlverezYari,11
jlintlin,4
ZacheryKuykendall,6
miinakoyama,3
ursm,3
Rudi1213,3
euguimagabriel,1
lxchii1,1
SimonLO926,3
areyesan,1
reisy1999,9
Heistergand,3
kboczon,1
mmhc14,1
Alexander1-board,8
Jordan-Jarvis,2
mhetrick,3
pizhihui,4
muammarmuhammad,3
bikash-codehub,7
amoen-amnn,1
MichaelHein65,4
CesarAguilar1203,6
MathisBioInfo,2
theworker190,4
KSPOG,4
Evenorchik,1
urao-xyz,8
jecxs,12
fokaaas,1
mEp3ii2,2
patatedouce333,5
lgdlong,8
bilalghalib,6
ENSETM-EDU,1
AGency-bot,1
johnshen-mq,11
OldDeLorean,8
PARKUDP,19
grachyov,4
Aranga663,1
franciscohoracio,7
PersianSam,2
lukey625,1
mrThomasTeller,1
ianAvogel,3
thEOneA,2
raslanismail87,2
Amal-David,1
newnol,6
ronghan1983,2
xavisilva82,1
evertonschuster,6
mrjoantoro,1
russellmiller49,3
jianchuanqi,2
goutham6293,1
sochave,1
madrus,8
changchen,1
Panupongpnp,1
dpayk,3
zxzok,4
oak-cassia,4
Azmarill,8
joewilcom,10
prabhu-023,5
ShaunakS05,1
danbugs,1
IDM-R,4
kmagee-reddoor,4
e225729,2
Greenninja4,2
andrew-ip-videri,1
misae717,1
WyleeReilly,2
amycin,1
JustAGhosT,1
8dnvp2m3q,4
Seas942,1
hakonstoerholt,3
MaureenMercy,8
manishmakwana,3
Harinn16,1
bypina,1
JesusLopez5599,4
liuyanghejerry,11
Tintenklecks,6
reallyshadydev,12
bitcoincloudminingindia,19
rajumanoj333,8
neuraaak,3
Emmyhack,2
starlearning27,1
LanEa214,1
4ERNIY-LOSOS,1
kyle-rader,2
ghemperor,4
cynthiaschomp,1
nickson31,2
BDicksmusic,5
frno10,10
julianships,1
wollfoo,1
hussainash17,1
coderCoderw,1
MKsys1337,5
lunasaw,2
cellis212,9
rubulhoquechoudhury,1
asaliyog,6
ChangerR,4
Zayn329,1
RamaniKantJha,1
gauthambinoy,1
jabrena,18
LalithKumar702,1
aeresov,16
felonyX12,1
sagarsahu5,1
philani1H,5
deusyu,9
hgrghu,7
suhailmohamed7411,1
calafish,2
MRX2424,6
Drkpulse,5
WhitejadeHang,3
msribeiro2010,17
sporcu28,3
Juan-BMR,12
D1Y4R,22
tedbarnett,7
singiamtel,2
mark-snd,4
bech-code,3
MathisGD,6
jackkoppa,7
koosha11137,1
CAIJIN1002,1
Elad220,161
SwiggitySwerve,13
benderoz,3
alltomatos,1
WenyinWei,21
Rillus,23
alameer3,28
itsamazon,1
debashisrath,1
Rahulsrivastava0124,1
D-z-V,7
khilonjiya2,9
Ldritz,1
hersouls,240
Amaresh-Test-GenAI,4
liranjp,3
hasini16,4
Mishra-Amlan,4
wileyew,2
wealthymonkey28,1
banky420star,1
videobydak,11
Fupudav,33
iqbalkhan99171,1
riffhawk,2
uzu8383,3
AnishaShende,2
ywsoul,2
Akhil1893,2
alessandrorodi,6
Caddickbrown,9
mamokin,1
William-Sang,1
nijat,1
aritoni01,4
tatayano,2
kentcdodds,49
avikus-mr-song,1
ytthuan,3
atsushimemet,4
jeffsmale90,2
Dara218,22
georgewrmarshall,13
xRaisenx,20
kspro0090,7
vile319,16
johnyvmware,8
TheAlanRajendram,10
dmpetrov,3
borror0,2
eng-mahdi-mohamed,3
1ssqq1lxr,4
k-Yaswitha,1
Gabrielspr25,1
NickFane,3
SleeveShirtholes,1
brettfarrow,1
AlexSerbinov,2
jango-blockchained,10
notnotjake,2
srikxrrr,3
invalidcharactersnotavailable,3
rabel798,1
grupret,1
mukundasik,4
8042duffy,1
LiamKujawski,10
smaranje,48
BonnieBlueGPT,7
bgusrmdn,1
galamod,1
chima-githud,1
rahul2317-NRK,2
benjamin-anenu,6
ranglang,6
sundaramishra223,4
ThggTran,2
beskrovnykh,18
harryaskham,6
monikasaxena69-rgb,1
ConorJu,2
kijoe20,8
GowthamInti,3
Antoine-lb,2
mobil3801,2
Marchand-Nicolas,3
MuriloBrescia,3
vahyd,1
Muhammet-Aksoy,18
brunodotgg,2
Mandar-Kshirsagar,6
gewoonseba,3
sl-wen,1
Fenzee,14
Aesay66,1
Ninerd9,1
mathu79,1
Mahesh681,4
JoeBrosnihan,4
llbbl,9
babakbaghaei,9
NitinUppal,1
rotosaurio,8
rasulkireev,6
Erik-Soluna,56
HujaifaBytes,1
mrubens,8
microchipgnu,4
Feel-ix-343,1
SrulyRosenblat,3
jackbkennedy,1
Katteline,1
zlpkhr,1
Nakashun-mf,2
Nantero1,6
mfts,6
meirsof101,4
alexmarqs,1
MaciejWiatr,1
ColeMitnik,1
beyer96,1
tettuan,4
byeongsu-hong,2
shem8,1
ff6347,3
NickLewanowicz,1
averyreyna,1
JanKrl,8
objectisundefined,10
Azan80,1
epavanello,4
Fadal33-sudo,5
klulla,2
db-puzzle,3
KhilariSachin,1
Kataclan,4
parker-boom,3
ebouck,29
Fuckity-hash,2
NamSumin10,1
afterparty,1
JimMargetts,2
EricPasternack,1
turbo1812,2
PoojaMalhotra1105,1
antoniocarelli,1
IbrohimMirxoshimov,4
melejel2,5
mendahu,1
jan-m-kie,4
himavarshithreddy,3
Rudra10NS,1
gurdeepsh25,4
Aarefarizwan319,1
habib45,4
shazlily,1
wilson69-root,1
netdiscada,2
myrajarenga,2
adityatarle,72
efddrsn,8
SainyTK,3
Spoyte,4
awantoch,8
miiroseppanen,6
Tief002,3
quizdany,1
Nurbol-Xan,2
Ajii3006,1
nepmanish,3
Meow-Teacher,1
aditya-8072,1
SuuKoolProductions,1
Machi2130,2
schoolnexusmanagementsystem,4
zhuwenlong01,1
kaeff,4
Abdelrahmasfirst,3
anupjjwala,1
Longyearniue,2
dw00100,2
starbreaker100,5
Yzzow-dev,4
the-scam-master,5
jberthold,2
shayanmalik1107,1
Madhawaw,1
KobiMou,2
mpoff3,2
Sushrith-007,3
Sir-Imro,1
davidklemme,10
xxdydx,1
si-huynh,1
MickaelCa,1
liangshanOral,1
jonohey,3
p3LZ3r,2
mdigan,1
ramaID,3
gilmarviana,3
Hassannewcode,2
kaxing,1
zouchaoqun,1
phareim,12
ahmaddev29,1
LukeyJ-turbobk1990,2
matthewjhuo,2
donvito,2
JonasBa,2
connorbell133,4
dexhunter,1
z85510,3
THEREALVANHEL,3
sitekwb,5
pieberrykinnie,1
emrebarutcu,2
Fia-Me,2
Aaronontheweb,3
sajithahd,3
astrogirlnim,2
JhumanJ,2
Ibra2k25,2
Avadhak47,2
skcary77,3
Loofy147,4
leonhaider717,1
Bandit-HaxUnit,8
stevetaggart,7
MaxwelL0v0,1
Raywh,1
janyksteenbeek,2
mahanti,7
Summercoconutt,1
elbakar7,1
omartarada1,2
LucasDcarprio,1
kunu2009,2
jin-ttao,2
ManatoYamashita,3
scrappymark,1
davefano,1
skardio,1
AbuAlYosn,2
hamidpaykar,1
Joelpillar51,1
GarenaDiamondTelegram,6
tarimo34,1
keshavkunver,1
Beeen,1
KashpurM,2
capnxtreme,4
chqiu666,3
angusryer,2
Almichot-1,1
lucho-sosa,1
XDwubo,1
amirrony,1
AhamSammich,1
opyum,4
tim1363,1
airuleguy,1
vishrutkmr7,2
B-JCoder,2
amandeep-pro,3
mbernier,3
ShepSims,3
elijames-codecov,2
Pantera29,1
Guimma,1
toruta39,1
sai6855,5
veerbal1,8
cloudstudio,2
PKJ11,2
Parketsense,2
HGIRyan,19
becooper222,2
HocusLocusTee,1
ghsaboias,3
kim-em,2
t-happo,3
DiamondzShadow,17
itseasy21,2
SwiftStrike24,1
todayreview,1
aikdeirel,10
tirones-123,10
FMurray,1
jonahgrigoryan,5
gianggenius,1
hyonelin,2
eymen828,4
Smurfy303,1
KaueBulhoes,2
AnkismaikT,1
saivivek45,5
lyfe2025,1
jecorona97,1
arusu0629,21
asepkurn08,1
seiftd,5
divsandhu,1
Qusaze,1
banklesss,1
Mogavartn,8
supthunder,5
ShreyasBhatkal,1
vimala1500,1
nxchul,5
surutchai7,1
mateorodriguez23,3
HarshShah1927,1
raiots,2
Ibrahem2828,5
GustavooGomes,1
AdsQnn,1
hamza60150,1
tgsatwit,1
moralex777,5
jimternet,1
cakahlul,1
PaulSenon,5
irfndi,2
haxshadow,2
EhLdJ,1
andrewesweet,3
Poloilo16,7
samuel-gythia,3
ArthurSens,1
booktor,1
haotianwudev,1
teawan07,1
ewitulsk,5
anuj-akotkar,1
sys-int-nervo,3
DustinDoan315,2
Overtorment,13
ochmanski,8
StefanoITU,1
firasz1212,2
ParthibanKesavan03,3
Ttecs,7
04042015,5
fornamess,2
jake-wickstrom,2
Yvonnee3,1
zaubii,1
thampiotr,1
NeikosaLothu,1
ClaysonIO,1
ChenkeyuParadise,5
wally-qin,5
vepo,1
Mohamed-WS,2
starboy420,1
York-Cheung,1
Ayoubl96,2
xiaolangit,3
little-thing,3
gesteves,6
deepansh96,1
binochoi,1
Pritam28877,1
basnijholt,4
muperdev,1
NichCritic,2
kiwamust,1
modernpacifist,2
anthonyshew,6
canxi4589,2
jayvicsanantonio,4
sidney0406,1
DavidPeltz,4
udi-17,3
hummer91,8
Sagardhandhalya,1
epitaph-04,2
alfa-operator,1
KunjShah1935,2
eoxley,1
Abopu321,1
ymjzjz,1
ribbleca,7
Vierbytes,3
kitsor09,2
blaktiger522,2
Suhasteja,2
DavidLozzi,1
Sarahloubido,4
Matko890,1
zoroLuffy11,2
EvanBoyle,2
evanpurkhiser,1
leo-duran,1
novs12,1
ibelick,1
Tatanagasai20,2
chernistry,6
plitzenberger,2
praburamWAPKA,1
cmccadmin1,1
Joyfuljoel,2
AlexanderKonopatsky,1
e-basaran,1
blasco,3
kvarengi,2
UKY171991,2
cb-bidyabibhu,2
Enon3101,1
Borisabro,1
ericsone1,1
betweencompagny,1
phuonghd,2
stuagano,8
solar262,1
ricobiz,6
thomasreichmann,1
devandapaige,3
bowernite,1
gzhang33,5
kabod1,1
AlexKanivets,1
cearps,1
Neuraplayapp,6
yuanmiao0428,1
bJhankar,2
fajiao666,1
FloresaZogaj1,1
AbishekPrasad,1
MarkGerber1,1
sekidenkiku,2
kzpc25,2
MeesamBilal,2
yangruoliu,1
geallenboy,2
dakirchner-IAMDS,1
startupus,1
dhvalente,2
hauxui143,2
rezacahya97,1
s4works-2,3
kariemSeiam,2
vivekkeshava,1
MADHULEKHA22,1
sebbe123sebbe,1
skmunde71,1
PhV-80,4
cyberraf,1
Mstk-w,1
shuklaavi1,2
draganmla,4
Hadesalive,2
skeswa,1
misama-ct,1
manasnilarout,2
ALTIOU,1
danielfernades,1
joeybidan,2
charleschen04627,1
alinasr783,1
Mc01,1
BTWarchBTW,1
artalar,1
megakid,1
AngusBlomley,3
zmeggyesi,8
asblumen,1
aditya-konarde,1
newtondotcom,3
mahdi-rara,1
tolgix,1
ZouYaoLu,4
mrsoyer,1
dhruv457457,1
neminaa,1
kalvin001,1
usertedi,1
rcm-webdev,4
izag8216,2
RonxBulld,1
nithyasanthu,1
Jegan801,2
stemangiola,4
goleaf,7
mihaieremia,2
nickita-khylkouski,9
maheshsgr,3
anupsathya,1
thecleverengineers,3
getguide,1
thamill5128,6
Suflanton1713,2
ChuckBuilds,1
Walvy404,2
tayyabk52,2
astomodynamics,4
ethanabowen,1
FarhanAliRaza,1
Verhan337,1
dushyant1978,1
nathanagius,2
bellan299,1
Antho-logan,2
hanii090,7
Anandesh-Sharma,1
puneethmishra,1
Yeaowo,2
NikeshCohen,1
jaishreeshyam7,4
yusufgonduz,1
cpjuancarlosr,1
robinshine,1
Tamilchikku,1
intohay,2
iltumio,2
Gilbertbth,1
itaybre,1
akononenko2375,1
aaronware,5
Rithy089,1
emperor100,6
mrlihellohorld,2
SanskarNarlawar,2
fatimanida27,2
KampeLoL,2
zbuchu99,1
Antharithm,2
gauravsinghsolankig8,1
matancris,1
ro-adsmurai,1
FitzDegenhub,1
HamRadioDXer,3
smgunjikar,1
dave40132,1
Sunilsunny611,1
Rakhith,2
kevinawood,2
christo-zero-john,1
anchorcreation,2
KevinTechnocrats,1
mca4037,2
ivansglazunov,1
Rudra1x,1
rmoh777,1
Ash-Blanc,2
Ankit-Pradhan04,1
TTTTTong,1
sudersu,4
sanschaise,1
ghrnwatt,2
Bhavin1018,1
undreew,2
masud1322,3
aslanoguzhan,1
Bolt-H,1
hackerpsyco,2
Bhumikamsrit,4
zhaleh197,1
davidkybber,5
Muhammad-Umair-react,1
happysathya,1
chbota,1
morneng9629,1
Foxi123321,3
Hkaalis1212,3
sweepstouch957,3
cypher02301,2
zaheerabbas01,1
AfzalAnwar123,2
Nyeinthant-22,4
Ajaz10,4
kingofshades,1
5dpj,1
Jorjorian,1
ambuj-1211,1
davedavid47722,1
Creation20,1
balsigergil,1
Kbikash24,1
Anovasfounder,1
martin-lechene,2
UJWAL0611,1
baodepzar,2
Btthomas26,1
masdimaseka,1
vishhy,1
NotFake777,1
Tharun-Raj-Kuntluru,1
gujunhe,1
NassarAlshabi1,1
gautam-achieveai,1
ZJsnowman,1
gabe4coding,1
phwizard,1
AJ-Davis,1
mainguyentuantu,9
sasoder,1
Keziah-li,1
amuhammed,1
LOWKEYBANKS,1
B6WP2,4
asaggse,1
BrachioSec,2
Armanjhajj1,1
WilliamW670,1
Amitcoh1,3
MarcelGaertner1234,1
NgepCMR,1
hgthanh,1
sa1la,1
isd-glitch,2
yiniesta,1
jink-ucla,1
ulfdalen,3
melihcanndemir,2
zubairrae,1
Mindbreaker81,5
HxxFaa,6
cipher425,1
um2232,2
gavathe,1
Thiru545,1
JuanManuelMartinezAngel,2
0x3Matt,2
ddpruitt,2
forliny,1
Hunstagamez,2
huyansheng3,2
oriolson,1
karthikodes,1
serpin-taxt,1
LuckyStarry,1
Gabrlie,3
FeelJapan,1
Ajay07J,1
akshitpatel,1
deankerr,1
Naser945,1
piyushborana23,1
Haranath96,1
Nikz-Py,1
Nikise23,2
Sainte0,2
sadhasld,1
ReessKennedy,1
washin34,1
mordyl19,2
XBennyX2,1
lucianot,1
anhdn611,1
First997,2
kayakesici,1
maharram-davidov,3
AnkitTiwari88,1
narengogi,1
systentandobr,1
saianeesh01,2
markrad-observe,1
DVSarvaiya,4
richard-kim-79,4
mcyky,1
Na1ron,7
Ahmed101Noor,1
ahsankhizar5,1
The-Ghost-Of-Sparta,6
Aranganathan-S,1
NorthernBearOriginal,3
dotakaro,1
rasheemcodes,1
saitejagouru1291,1
marcjwilliams1,1
emindeniz99,3
MuhammedSirajulHudaK,1
hesen23,2
DonHanson,1
NKim123,3
joaopauloferro,2
parkjunmin,2
RaphaCassari,1
abdalftah50,1
leodotnet,11
ejacques1,1
0ni-x4,1
nataliafedorovabi,1
vigneshmoorthi94,2
iotserver24,2
kennethteh90,3
sians22,1
leapmotiondev,1
ThilakNarasimhamurthy,1
GreatSnowyOwl,2
trc2022,1
fiddlerwoaroof,1
DavidPark-AI,1
yogeshnaren,1
omar-mohamedd11,3
Caiollaz,1
dimzskytes01,1
mortezakaveh,1
mingxin-zheng,8
roeezolantz,1
LAKSHIBRO,1
HazAT,2
ldmo,2
drakesmith3,6
DEBAGanov,1
polumerk,4
rlamana,1
aravdash,1
Urameshiyaaa,1
nunulk,2
ajay-bhargava,1
madsnedergaard,1
ArthurDevel,1
fzhjeffrey,5
hyunjin-jang,2
dreamquality,1
goda6565,1
Prithvi2505,1
Brajesh2022,4
Yag2323,1
chico10117,1
residol,1
patlaughlin,3
jakegoodman23,2
flowtoolz,1
tofunori,1
devteamexcellis,2
Edita28,1
SantiSjp,1
m-torin,1
drQedwards,10
SaruxNox,1
0zzl3rzz,1
Zanbanzaku,1
AmineAfia,1
ss251,1
gnarvane,1
kelvinpenguin,3
Md-Guffran,1
knchauhan27,1
adhi0987,4
MrRomeoOfficial,1
KevinNaserwan,1
Ajay12321,1
Joe2k,1
AntonJL,1
normapayroll,1
alishabunting,1
xife12,1
human-bee,2
phisoart,1
romain-gilliotte,1
neogenz,2
CPython-pp,1
danwoods,1
nasif-cloud,1
segyepark,2
CallMeCore,1
AlenEngineer,1
amulkumar,1
Shrv03,3
Aikun7777777,1
vsayala,2
tamura-laborforce,1
luQingU,1
Anjana-Varghese,1
DantrazTrev,2
Simpelimp,1
JTerrance01,1
llambitintegration,1
se2crid,1
soringp,3
Shahnawazs28,1
dnd21052002,1
prabhatsingh03,2
robertkirsz,1
keriehenry2006,2
n2duc,2
Artilar,1
ibrahim-qi,1
CartRst,1
stronina,1
phgoh,3
waplebe,1
Cazadora1,1
BartWaardenburg,1
mradhuber,1
testKKP,1
erewhon,1
Nybrgg,3
bpeters132,1
FVEFWFE,1
kldznkv,5
jkoooooooooo,3
loicbtd,1
ke4s,1
CallenReign,1
AS-max-03,1
muftah001,1
Jgilhuly,5
Samir433,1
zynxdata,1
benjaminhunter773,1
ploppyyy1829,2
Kunboruto20,1
wanderfulife,5
jeet-dekivadia,1
utsavdarji29,1
ChinaEasyTravel,1
Aasika01,1
vjpaleo,1
mvgn91,1
dorchaouat,1
missionfission,1
idillinger,2
Srimanigandan,1
mohia0,2
kenylson23,1
Anmolbabu2790,1
Oba-One,2
Argeon482,3
StephenJones1997,1
arthur00552,1
obidjuraev07,2
Mavikoff,2
mfazri10,2
usamakhan143,1
javoire,4
eduardo-projetos-y2s,1
mkienbus,1
DejaVu-Labs,1
cobie12333,5
kkgeek,3
Snehakarkannavar,1
Gee7pips,1
yaolidong,3
rahul-roy-glean,2
yonkosan,1
axomrajj00,1
RaunaqR66996,3
pmarquees,4
DaInfernalCoder,1
itshimoo,1
kzxazka,1
sanjaraybekov,2
mciliv,2
Sumanth12-afk,5
Krupesh378,1
ErukullaSai,1
swuecho,2
serkeira,1
denismellort,4
kavinsood,2
ryanmmmmm,1
luyaobin,1
Saanwar2002,1
Klevereditor,1
3ezar66,1
FaveroX,1
Casp-web,3
elderwan,3
itsyaseenkhan,1
maxlin0523,1
JayGxnzalez,1
acunap,1
takumi123,1
Alexey-VK,1
zhuohq,3
ashione,1
Swi9astore,1
mikuni99,2
Mananwadhwa52,1
kwbaek,2
jd,1
muchemiwamuyu,1
HarikrishnaPasthapuram,1
heshanpadmasiri,2
FranciscoGarralda,3
AyushPandey32,1
minecaft675,2
Walid274gh,1
joejnke,1
2wce,1
SATYA-GANZ,2
xiao1112121,1
brightest66,1
HUDAmate,2
afiniel,1
cidmoura,1
oliverbader,1
mayurbhadange,1
coder-raush,1
halt-spesn,2
njoylab,1
andreysafar,1
shreejaykurhade,1
kivo360,3
Causertragique,1
BadgersMC,1
ChAdity,1
iluxave,3
jochoenam,1
tarunKoyalwar,1
abhimanyu79o,1
kousthub97,1
qccishere,1
Jorden-St,1
MuradoffTehmez,3
jasonlau233,1
JonnyBytesMe,1
cerealkiller2527,1
alexhooketh,2
myujang,1
ankynguyen163,2
paolabechalani,2
ahmedking14,1
JIATSOLIN,1
GENAI4ALL,1
coding-with-iqram,1
KartikC,2
seunghan91,3
osama7875,2
RealCFGO,1
chrispoupart,2
develohp-better,1
JudeTheAwesome,1
Horribile,1
madupsico,1
Weber-LiWb,1
sureshscience,1
mgoudy91,1
rahuljain82,4
MarselAdilov,1
andreosokil,2
MrCyberNaut,2
alannaruto03,1
STJFirmaer,1
jaikumar9450,1
AdmiralSalss,2
MacaroNeil,1
srk-mobile-developer,1
hagikehappy,1
ticchien1,3
eddiecervello,1
Harshit-1410,1
JOSPHATT,3
JCPetrelli,1
codeit1792,1
leandroppf,1
mrbd1404,1
liveinnft,2
ludoo0d0a,1
pathik705,1
GrigoVyd,3
devNullSage,1
symulacr,1
creates999,3
travis-hodges,1
ducin,1
m-a-r-i-b,1
prateekarya28,2
danielcloran,1
CreativeManner,1
edul0l,1
bubbadog,2
UmakanthKaspa,1
why168,1
ferrao4,1
leandro-99,3
shubham-rb,3
joshuawootonn,1
Suny02,1
Sumaya6-Axmed,1
gabaws,1
phev8,1
SecretLittleBoy,1
Orlando-Villanueva,2
kishan9535,1
devcamos,2
benjamin-berhault,1
Pepsi-snk,1
popsy-jeff,1
cozzin,2
SebsCubs,1
emdadulislam1,2
fethullahucar,2
pascalx-git,1
AutomacaoRPA,1
krutidadriwal,1
KoT-B-JIecY,2
Rony20191,2
sebastianBD95,1
amrutha12345678,1
pishio,1
miyuki2002,1
mohidev007,1
ChethanKumarDeveloper,1
H4mzaX,1
Ozzy201,1
ultrondevelopments,1
Amogh3085,1
akranjanp,1
Fernandovm13,1
DIPAK69696969,2
afathe7090,1
bucklemeshoe,1
mggwxyz,1
Jeffrey-H,1
Aarushi20020,1
waqaras1,1
itsemon245,1
DukeZacharia,3
jayavardhan-05,1
krishna-100acress,1
quirkyCoderAayush,1
pasindu-premachandra,1
yjain893,1
ranjith-dreamstech,2
Utkarsh22231,1
MioQuispe,1
skmuhammadali,3
tzz052,1
Shlok0505-T,2
antonyezhov,1
efesozen,2
carreg4do,1
levuphuc,1
ritish007,1
evertonbazu,1
aaronleebrooks,1
cookykao1011,1
MohaSeyam,1
JVK3086,2
quinnbmay,1
yinghuang,1
yhe428,1
Blade-op,1
Sauravthecoder26,1
smitvalture,2
crazygo,3
SkyVence,4
sumitanandd786,1
Royalties3000,1
alexvlasov182,1
typomonster,2
Al3x-Myku,1
krwhynot,1
CLASH-SADHU,1
fberrez,2
ThanhDuyDeveloper,1
nthada-react,1
builam66,1
Benjamin608608,1
nileshshende123,2
CAp777fph,1
Joe-ste,1
hiourearth,2
pravin-sivabalan,5
ilieBeracha,1
whitenighttttt,4
rifaturrana,2
Lulundia,1
RootHaktivity,1
ChainontPhumas,1
Jatin39-bit,1
Eccys,1
ChaudharyHannan99,1
yuminsang119,1
littlebai3618,1
alex-heritier,2
zhogoshi,1
Kieren-Foenander,1
joshuavmaximum,1
rdicochea,1
pjurado,1
bitsbeauty,2
zaddy101070,1
SaharshSS,1
valeeriusa,1
SIBISAM,1
Diannurwahid1,1
Ades12121212121,1
endeeeeeeeee,1
GolderBrother,1
Tonyk99,1
gurpr337,1
rootcreator,1
pababhi7,1
tswee5,1
ssecurityy,2
dogwong,1
chevyphillip,1
aaagz,1
Rajasimhareddybolla,1
pidongqianqian,1
ReinoutWW,4
Dharma-aaryan,1
RutPatelSCIT,1
allenjasper,4
waqarahm3d,1
MelbourneDeveloper,2
Adityamathurdev,1
Bunnyjain27,3
jerrykoroth,1
zikazama,1
yufan74,1
Abeeby,1
tedcar,1
alisharafiiii,1
stocktonwalbeck,1
prattitude,2
zlh-428,1
Leyber91,1
stdlibstring,1
shezan7539,2
revton,1
nivrutti1113,2
mohdarshak,1
Shreyas-s47,1
kinka-men,2
Sanju08065,1
Katyayani2610,1
LB-dot-lab,1
victor-unravel,1
dalgyum,1
rajeevkumarsahu,1
Shreyansh-0001,1
amirivija,1
LeQuangHuyyyyy,2
jordanlay,1
balckvein,2
sid7631,6
DorojanRD,1
Bhargavvishwakarma,1
simeg,3
AdnanSoftic,1
timrooo,5
phuongbc20,1
jgengo,11
dhairyak56,6
Maxwell456,1
Hichem-Aidi,1
jalilsharif,2
jhwan0707,1
themadhattermarketing,1
subhadyuti64,1
cortezfelipe,2
Theopsguide,21
ShiyeJin07,2
JohnWangggg,1
zdrave08,2
Ntgllr,1
ncrichmond2,1
matiasandina,5
jhnnsrs,2
andyafter,1
dinohurem,2
younesr1,1
matthdm,5
ValidMCPlayer,1
Gaboaom30,1
ajacobth,2
gamilr,3
scartasegna,2
Xeltor,4
parrelladev,3
Nick-Robb,4
Kageyana,9
CodeMeDaniel,1
spont4e,1
romainbessugesmeusy,1
KhoiiHa,8
baiyang-ren,1
DarshilShah062,6
Gyja,1
ac-craft8,3
MarlinFisher,1
Relampago-Martins,1
XavrV,2
sivamamidi,2
QCurtis2002,2
RenatoOliveiraS,1
Timbuktujoe,2
FelixSteindorff,2
sgevatschnaider,1
estojoverde,2
ChillGlaze,1
Sankari1984,5
nidhinthomas-ai,1
Jayzp06,5
Blackwood1987,2
pablopfg,4
anujamM,6
AutomateWithAnsible,4
dainkang1,1
vefop,1
psychemistz,1
merttoprak1,1
mattbratt,2
mcstrome,4
mehrshadsh02,5
haik19,2
julia-script,8
princeleuel-code,5
shrichris,2
DevrajK721,1
adamdanielczyk,11
Browntyler48,1
Dhinesh1211,1
pidoshva,3
TanyaIT16,3
JSerr5,4
tokyodaito,4
kahifas,1
PeterMaFyAI,19
birgerlie,1
michaelpginn,1
rbxo3213,2
sheet4riders,1
kymok,2
viguiry,1
Olyno,4
jpask1392,1
Aatif-Dawawala,7
BayramGurel,5
zhammami,2
myannisbg,2
kaikecc,3
wined2001,3
carlospolop,6
malidib,14
MB-44,6
tylerkeithullery,2
PascheK,9
petc14,3
aless124,1
conpiracy,2
BlockRockAdmin,1
mazen-hassani,9
Behradbs,2
AsukaKirara,2
mramrohaleem,5
HSilvaC99,1
wingsuitist,6
MartinianoAlbo,2
letalboy,2
KhaledSucceed,1
danielzcpa,1
CharanRayudu,1
Ralledbz,1
Quantmachina-code,1
go-sakayori,1
nicolasoarantes,4
sakhamuri9,1
bruggeri184,1
ifew,3
panditamey1,5
DanBel1kov,2
AdaNinja,1
TheDZhon,9
dotfmg,1
popelenkow,3
sebastianspicker,2
broothie,4
FergusVV,1
NikolayChirkov,2
raktimkakati01,2
HenryTh-Dev,1
kee711,12
goddarkmarketing,1
FlackoDono,1
Gyromaniak,3
afedin,1
joelcamposlalo,1
ryeetgod78,1
digitalrisedorset,3
a1084772800,1
leohfurlan,2
methunraj,3
yashvijay222,1
RizN91,3
zelebobs,1
mahendramahendra,2
anthonyArellano1923,3
asi55,1
miltonLuiz,2
nvvux,1
CesareAnto,2
dpolishuk,1
stk-12,3
aleju03,3
Dkalds,1
CarlosOrigami,1
zhw2590582,1
martcklm,5
DdorAa12,2
rauljose,3
Saileizhang,1
angritsay,4
Crackerfracks,5
Jyeran,1
edelshaim,4
garevalo031308,1
XTRpoweR,1
Simankan,2
JuiceTwn,4
m-techy,1
starzje,1
yiqu26,4
Azamcloudspace,1
tanakaayumu,6
jinhaoli-alex,1
atemena,2
WebStudio-a1e,2
pablilloab,1
Druspect,10
watchmempam,10
youssef5033,1
M-Hasan-11,1
kaarmu,2
Variant1661,1
devyadav0399,3
atlaxt,1
hrachgalstyan,1
Cyphercoda,1
dwcoaching,1
Mroziek,6
AI-master-coffice,2
danpatdav,3
bastirojasv,1
iproger,6
JungNamYoung,6
EllipticBike38,1
Amogh-2404,2
chefomid,1
LandAppsAi,4
ollyjshaw,2
Mohamed-bennaceur-epitech,6
SJPhyonix,1
devrsantos,5
lmpawan10,2
mesat,1
Ratherman,3
marcosfermin,8
vineetllm,3
osvaldoandrade,6
Datanius,1
Luisgpc,1
ItsAltus,2
BlendingEngineK,1
anandvip,2
NickSchu10,4
chenmoneygithub,2
ahmedash95,2
btmartin721,1
Shishustore,1
Tangentabacus,4
ivystopia,2
Mason817780,1
gabrielvaz,5
arianking8585,2
myunusseker,1
Joseph-Michael-reeves,1
ParkjunHyukkk,1
dagid4,8
kolovo,1
snymkmr,3
kgreenewald,2
happ1danya,5
Gnovarino,3
bumpfuji10,2
futurGH,1
gitomwtyczka,4
mmaashtalov,2
bartek12280,1
rohansolse,1
BOHDANMARCEN,2
danilocurvelo,7
fredrik-jansson-se,2
YHuniv,1
JGarrisonIDEA,7
designa-soft,1
k1242,1
flyingdcc,1
HongSeokWon-git,1
kyoyadmoon,1
Vic563,3
AboveWireless,1
LesTuche,1
RihamEita,1
justinpwilliams,1
detofol29,1
PedroAndriola,7
SudoSharma,1
felixdroidhuerta,3
hunter203,1
MitchellMunoz,1
iicuriosity,4
dandy007,4
spacesalman,1
codeluxe98,9
BorisFaj,3
EnzoPavez,2
surendraedala9,2
samiazirar,3
efaviel,3
dirmak18,4
rowm30,7
KarimBaba1,1
petfony,2
babyserv,2
JuanMa0912,1
MasterDMC1,1
goslv,1
iijima-hiroaki,1
Kimsangmook,1
fingergunsDEV,1
znabel-a,3
DavidNel-MDA,1
patrik43210,6
cp2587,1
Syed-droid112,1
hyfather,6
PrudhviRaj1695,1
KavabangaGG,1
zhu0954,1
sumitblink,2
tracyhatemice,5
chrisdurfee,3
pcdiks,2
0xAm1r,1
abigailmounind,1
Stonnee,3
Jfrancioso,4
Partymann2000,1
zheshishuoshuo,2
matt3188,11
eniac111,1
andreyst,2
serroukh94,4
RockstarBarnumCo,2
USPartyParty,4
rbnfr,1
DhiaBane,1
Prahaladha-Reddy,1
VuTea,5
4riel,18
HankkLin,1
youpv,3
SuhongMoon,2
TejaswiniVasu,1
EdwinFeinberg1,1
stayuplate,4
tajmahal226,1
JEthemBEKTAS,1
stonelasley,2
Omer-Ben-Sason,1
ibansd,2
oallc-git,2
dasantimate14,5
izo,4
guyboireau,1
JLSteenwyk,1
dvcoolster,1
ValentinBancel,3
trasimenes,6
Davio-2002,2
Bennym3,2
gusocb,1
Varun-meghjiani,2
LLCOOLTIGHT,8
wmpc-nh,4
Code-Allergy,4
jarecfalcon,1
saitofernando,1
Ballowy,2
arifwicaksono2000,1
IsmaelCinfoper,1
namekun,3
jpollock-ampl,3
w1shen,1
FaghiiD,1
angelmuelas,3
Gillinghammer,1
SPINDUX,9
oscarmbn-ing,1
UserBastianProboste,6
tmk11,1
Bogrationus,1
Rivianwolf,1
Lupis90,8
onebook7285,6
WHTLY,5
Ordolordo5269,6
riiiiiiiiis,3
mao-code,2
leroyanders,8
MasterBruhh,3
pramodtoraskar,1
Ezzik69420,12
Laszlo75,1
Marcus-Gustafsson,4
bridgetreesh1997,1
kadarsa12,2
pedropaivaf,5
diaasabbagh,2
WillemSpork,1
kliverland,3
dipplestix,4
jameshiew,3
pwojcikdev,1
Den4yk76,1
moonumber8,1
edborn1,2
kalbanwan,5
TimMoel,3
IROHA-123,3
joshbowen,1
veegit,5
aru-ga,1
Yphol,1
Dave098-1,1
melihtk,2
llucio,1
Longele,14
Aziz2949,1
gnanirahulnutakki,1
AaronYuan9527,1
anabolicLKN,1
mavericcspsttel404,4
linafrolova,5
airbalder,2
shrninepoints,1
dylanbliss,1
FelixGonzalez42,1
Wesleiwolf,2
szaen,1
netraluis,2
sugitakuwo,1
denv77,3
bakill3,1
ToddLadner,6
adrastaea,2
Edwinswanith,2
Rodvbert,5
Alhwyn,2
kunalmadhukar,3
Maj0rT,4
taqyss,3
shoheiyokoyama,2
rhlrjv,1
muzza3000,2
nishantsah08,1
Clashrey,1
sjermy,1
amanshresthaa,4
TheDragonsCrafts,3
Strik88,1
ville-k,3
00nesval,2
wkarshat,1
im-trs,5
brunoguillen,1
The-Chosen-One-O5,3
ramacerratto,5
hershmalik,2
rajendrakumaryadav,2
Metroiceking,2
Quantum-369,1
happyjesterr,1
dolzenko,2
syasini,2
jjingi,1
kja140,2
ithobbies,1
gamedev44,1
striwensko,3
ponapalt,3
HenriqueVMonteiro,3
douglasrolins,1
DlieBG,3
01Niklas,1
bgarciamoura,9
CristianGTR97,1
broneco,3
emomeni,4
sassywind,7
Ren-0603,3
rocketatav,1
dbmello75,2
gunelaliyevaa,1
guido-marinho,1
WillDent,2
dylan-mccarthy,1
miguelariasdev,2
ealiusazamsha,1
HackingSMA,2
guodemu,1
adityabandi,4
iskenderulgen,1
anoadragon453-codex,6
EdemSnake,4
elulcao,5
mblando9988,4
AthoyeMahmud,1
ap3rus,1
Czerpii,1
headclef,2
Amir-Benyamini,3
Leisurely-Cloud,3
Joshua-Zuniga,13
matthew77777,1
josephdscs,2
pixel365,4
RandomEdge999,9
razorstorm,2
MasakiAijima,9
Sarfaraz85,1
AmirHaz220,1
Sheykhan1371,1
anhnguyenbitmark,4
willl-katz,4
Xteal,1
quasimodo12,10
pbrnx,3
serdarkahraman,2
stianthaulow,1
avanderbergh,4
kajava-juri,4
OriginJang,1
Baptiste-Fournel,1
myselfgus,7
Louice2001,1
czykid,1
jardim-nf,2
Linkaart,3
ajamess,13
KargCDF,10
MCMH523,2
Kai256ai,3
QQubs,3
Tim-Smans,1
asdf1319964f,1
Sabaleaarnav,4
TravisOlm,1
Nuwanda6162,3
joaomortani,1
Ace-codes-swift,1
Kfro89,4
daliosed2,2
olarno,1
JordanSecDev,2
Redmessi,9
cnellington,1
jobs-ana-motta,4
to0ony,1
yurtsever,1
walterleo,4
sanskargupta1808,2
AlexGirardi,2
Sakke96,6
FelipeSantili,3
alexCikos,13
rogerin,2
giseldo,4
arypak,1
aidanwyber,3
sulejmenRPG,1
brownaround,1
silvervirus,1
andrepaim,2
nkliu1772,5
ambushza,2
yisding,6
Danieleeht,1
avomaster,1
bradhughes9,1
Sai-Roopesh,10
thejoshuacox,5
Ropowernet,3
Stratevcaster,1
brooke-guajardo,2
osmunc,3
jdp0083,1
emploidossier,1
robertfenyiner,9
ThaWolf,16
velukuberan,1
giulioiannelli,2
Luis2000yt,2
syedazharmbnr1,2
juanfezapata,5
sharad-newtuple,3
JeanBFabre,3
woahhhhaa,4
Mercury010,1
westside0106,4
iwk21k3k3,1
Xtiannn07,2
PierreVannier,7
mapquestasia,5
martinellimarco,3
kunjeshp4,5
Mieju,4
jonbru-z,1
osmokallio,11
brackham,5
Lucaa44,4
puzzle404,3
ch3ber,3
guozhangdong,1
talhaim11,1
du-yong,2
fontolangustavo,12
meji-oladipo,1
FisenkoN,1
BoKaiLiang,5
AasthaShayla,2
adamdeleeuw,1
lavrton,2
jmpg93,3
alimghmi,1
m-atoms,4
asimkasi,1
alexbullgomes,1
klauseduard,5
JavohirBerdiyev1,2
LourensC,8
ShreyashMD,4
PritOnce11,1
MikhailPrizba,6
Vitalii-Pavliuk,1
apawar9,3
chilleregeravi,1
hnjn107,1
akaUNik,1
saumiko,1
kmal808,1
kiralyadrian,5
uguratadargun,3
harnetlinh,2
dharmik953,1
anshitraj,1
joseoviano,7
moatazhamada,2
RuneDKIng,6
Usama-Afzall,1
idiego8gs,1
butaud,4
IHIutch,5
radhityaz,5
50RC3,1
ricyoung,4
amalshehu,5
Milton264,7
Senoumemto,1
diokhann,1
AthenaASB82,2
RammHub,2
pseudosavant,3
fasalmt,10
pyrognomic,5
dhuuk42,1
akaglis,9
annekroon,1
diogocsiqueira,3
owleaglegoat,6
prajesh-dutta,3
matapaku,4
SeumusMaclean,1
Eliminare,1
oooawe,2
ideolog,1
dzp2095,4
2wenty2wo,4
biplobgon,3
rhoitjadhav,5
passeride,2
Snickdx,1
harshavardhana,5
JairClass,2
NicolasFluyoCeo,2
shakirhgha,1
siyuan946,5
chipko,1
EsKaye,5
smogili2,1
Winaung74,1
Mustafabeshara,2
gitvibecheck,1
suap-dev,1
matteoefrei,1
weemadscotsman,1
vanchungnguyxn,3
ghitti,1
abelsr-kosmos,1
Dodo1021,3
victoraamlima,4
maxshowarth,4
Sekiro98,4
MrRyanAlexander,2
YonkaMayonkaZ,1
RasmusOtharKirketerp,1
aethernavshulkraven-allain,6
techwithanirudh,5
Kel132313,1
pedrotofani,1
blueLemon89,2
skywallkee,4
ikenpachi,2
wildbear94,1
Nischay-Reddy,1
MC-Nicolas,1
willguibr,6
kalichicho,3
bargas-lautaro,1
Baytarovski,21
NurturingShala,11
joansoleroig,2
ajdad,3
paytonison,5
Yaako-creator,1
hckharun,1
Chemuchi,1
jackzhc911,1
KazantsevAndey,2
aris-t,1
kaider,6
sujayraaj,2
Ph1so,2
qualian,1
vinitwadgaonkar,1
PatrickBziuk,4
kinta00,1
andykofman,5
robin-na,3
ianmenethil,3
zebastiandnz,1
soroushaz1,3
venky6698,2
Topabaem05,4
davidcbbc,2
edwardemoryphotography,5
nikollou,3
Aridisco,1
MichaelGabu,1
Levinboss7,1
Robdel12,2
werhealthy,5
ryuw,4
UznetDev,1
aigamil,2
Isqander,4
SunnatilloShavkatov,1
tasmanvs,2
hakanyavuzsah,1
Viktoriusw,2
erik-ingwersen-ey,1
jonahdk,2
alaaelhhussein68,1
sobotosso,1
gridaphobe,6
Karolwyszczelski,3
TrafficBureau,4
alkairis,1
fgsoap,3
henriqueFOG,3
hamedkohan,3
ParezDzay,1
nusu-github,6
pabdominguez98,6
itkla,2
allistera,3
carlodp,5
Elixir1998,1
mrazikpato,2
pradilla,2
nelsakr1,1
Adrianoowo,2
BerliJob,1
Khunndev,1
Raystock1,2
Zolikaaa999,6
Gyrkora,1
Kirchberg,1
mdwagner,5
Fidaanaffaa,2
gokayokutucu,1
Faltyyy,1
Bakar404,1
memefinder-general,1
sgoguen,1
Praveen-Kalla,1
mgordonmeier,4
truonganhhoang,1
Chaaronn,2
gittb,1
sudoakiy,3
kota0627,2
julio-cesar-vgs,4
yamashum,5
stormcrow94,6
himawari0121,3
maxvanrijn90,2
dustyhoppe,2
guptazi,1
SchoudharyCNT,4
afadil,7
coderedlab,4
josefrezende,4
ayoub2024,1
maleksandrowicz93,3
boris,1
shreemeher,1
The-Autonomous,2
felixkrrr,1
y1y2u3u4,4
Speedauge,3
diegomontec,2
NovaStarmax,1
Amrita143,4
M3do-1,1
daniellbaii,2
Vempari,1
onwhenrdy,1
lhrasko,3
esquinasbarstm,4
rohanpaten,1
Jinzzz,1
ngirard,6
PILUWEB,1
jdpowns21,2
m-moschetta,9
Muratzenkin,3
randruc,3
kenanahadov,6
Luicar15,1
ramazanovkuat,2
thanhinfore,4
Gabriel-progf,1
RiMoMa,1
Alex-Alaniz,2
sathwik238,4
OmarEnergy,5
Hth4nh,2
HaoLiu6101,1
ParSaMnSS,1
S1metrie,1
WINTERYARK,2
Bright-edu001,1
JayChien04717,4
jwmarymoutalumni,1
abfadhli,1
somehowchris,1
Greenkack,3
BrunoZanella,2
jowcampos,1
YPS1979,2
daniel-bale,5
pOmelchenko,1
axel-tecnosoul,1
hantyum1,2
10081962,1
jhlee310,1
VandanaVB,4
saurabhharak,1
FaBExP360,1
mbemis-baymark,6
mithileshbade98,3
hdo451,1
SuperQubit,2
diemol-91,1
Theoli2,1
aarav-wadhwani,5
wmichelin,2
hirakCoder,2
Alvaromah,3
KaiStephens,1
G9000,1
nachodeidad,2
vorbei,1
Prathmesh234,4
toniojero,4
willschulz,4
emoran,2
FazliddinK,2
sandersmale,1
BrankoMuruaga,2
himanshu-rajput,2
wrouhli,2
automatry,4
Louie-Shen,1
pdohr33,1
santanateste777,1
broadwayinc,7
shafeeq-ipos,4
hrishinave,2
ppppppppppppppppppppl,1
mcduffman,1
Akshay-Dongare,1
end0me,1
JayantSharmaJay,1
aspirin2d,1
ahmed-majid-m,1
IstratieStefan,1
kouamegerard,1
FxPiGaAo,2
YiTongG,1
RayFernando1337,1
djudjuu,1
c-sonnier,4
workszop,1
motta1264,2
Jimmo910,2
inem,3
guilhermemarch,1
id12b,1
d3aniq,2
JanBuegel,7
walidelharby,2
agis,1
mikcop,2
juditech3D,2
DisPaisy,1
AntonLapshin,6
LeeChang-Soo,1
jackliaoall,5
elijunas2,3
sarahachem,1
rubenvieira,1
JAlcon00,4
maslovw,6
leoleigao,6
DannyBen,2
ravimishra07,5
ppoorebrahim,2
berkemehmet9,4
kayracelti,3
TheSeeker713,2
DigitalFaust,1
ryankoo76,1
SAMS0N1TE,1
crispantufla,1
xks-malt1,1
zacharyfmarion,1
swannwlme,2
rudiiman,2
Graham42,6
olegolas912,1
srujanavuppala17,4
LinqLover,1
phil334,7
abdonlab,3
waazai,5
ARNoppen,1
actonbp,3
RedLynx101,1
furubepanda,1
blokidde,3
YuliyaDubrovina,1
LeandroBelge,2
TAKE4T,1
mustek35,4
nathanvogt,2
joeycast,1
thd2020,3
mkulke,3
itschmid,5
AlejandroSanchezMonzon,2
oomerozdemir,1
horengo,1
netoscardovelli,3
zacharycraig1,1
Thihbs,1
Yehorka,2
MarcusElkjaer,1
chetanchoudhary08,1
paleite,1
AlexVanSteenhoven,9
harshithkrpt,2
vaskers5,5
jou2512,3
ihemingway,1
lypyotr,1
AdemCE-eng,2
DannyGachanja,1
jeffreycleveland,3
anirudha-stack,1
LeeU1911,3
TanmaySonawane,1
CMCFame,2
sriinu12,1
Jonovono,9
timospringer,2
davids2008,3
ercag,2
f8573,1
kacar7,1
bnbc,3
mkures,1
KLtechworks,2
owenchak-oai,1
ivg-design,1
CymatiStatic,3
kouroshamz,1
GarrettMeldrum,1
harapecorita,1
ltavernanova,1
amorfordcvtc,1
massimoferrarini,1
j4ck132,6
lighbothe,2
zhuxd282,1
nicholishen,1
tastyone,1
likent,2
shubhamcodez,4
lipinghsu,1
H-Sofie,1
BuFuuu,2
intentionnel,1
sermaal11,1
vishtrinity,3
gautamkct,2
Jasientof,4
Marat-Shainurov,1
lolovk,1
Rewonka,1
sashasochka,4
trungse123,1
khunderscorehh98,2
techczech,3
ineagu,1
hadoov,1
MWest2020,2
jetty373,2
noct15,1
ufuksh,1
whisperaiml,1
lpageek95,1
devkatyall,1
itiami,2
KingSoon4774,3
IgorNogueira1,5
KavishkaRajakaruna,1
taylor-felt,9
Yuboku111,1
CodexTester01,2
avdatta,1
alaintis,1
Segesp,1
stavros47,1
lucasccgomes,1
CMGeorges,4
naj1n,1
frla18cz,3
Gatsby0916,1
suleymanlaarabi,1
alejo7774,1
alanrosanelli2025,1
brenoenrico999,3
tuco-gui,1
ricard00liveira,1
fahadtahir111,2
saucepleez,1
Danilo412,1
agustinm411,1
liner-exe,1
SolusOperandi,2
akhileshankam,4
pauschuu,1
KevinIsNewToCoding,7
Pebesch,2
EdisonP2020,1
32mika,4
web3dev1337,3
0xzhouchenyu,5
chewka,1
srk0102,1
Mika-Mar,3
richardmachado,1
VolcanirMC,3
MPesin,1
DanielDi,1
Robgue6,1
Gon159x,1
Yumatsuhashi,1
MusicValer,2
Audacia-RhysSmith,1
m10an,1
whereareiam,2
eprouveze,1
ponmiso,1
sivabhimireddy,1
aliakram202,2
BoAina,1
vmxpose,2
benjisho,3
kinan9011,1
BehaviourAI,1
trashlife317,1
OmerCohen25,1
StefKirsch,1
Praveen1718123,1
AnshulAngaria,1
RojinxChhetri,1
wallcrosstype,1
jbokser,5
Ukandu20,2
vinaytkere,2
devtruongson,4
InnovacionCoheteBrands,1
mohsinalipro,1
hannisyanv,1
ninicksicard,4
juwanda,1
ku4ergdr,7
JLearn7,1
denezt,5
DanhNguyen15092004,2
izmiravmarket-odeme,1
JEJE22892,1
SuBSoNiC251,4
phantom2810,2
Jezahmoud,2
jesusramosoverture,1
Ratneshhhh,1
ilusha1991,2
nharrisonau,4
chocho1235,3
Vkabuto23,4
artemshadrunov,1
orlovse,3
bannyvan,1
pradeepjavarayee,1
IVAN-AGUILAR-VEGA,2
Tootooki,4
donttellmeimcute,1
LinuxDroidMaster,1
renau,3
parahybalibertas,2
distantguy2,1
brunoandresilva,2
nahim-salami,1
OrewellianWinston,1
allanilya,1
Komguidev,2
Juferoga,1
7huannn,1
ensyktt,2
jugalsheth,1
xingguo-huang,2
ABUElmann,1
dewaco,1
backsterlite,2
mistowest,1
kaha3,1
winaung786,2
renatasofia,1
mikelow,2
BenjaminDanker,1
Baptiste-BDB,1
hasakura511,1
kgwtkt,1
Michelebuffa,4
Jaiake,7
tomiloco05,2
Exltux,1
matarth,1
johnfking,3
JoeLikesCode,1
krishnaramhunter93,3
Tbrearty,3
imdabest5687,1
ripon434,1
braffour,2
bkohler,6
ulisesd15,2
goncalvesdeveloppement,3
iyleahh,1
scheidan,2
njdyson,1
amirulirfn1,5
PrashantDalal007,3
brunorainer,1
manuelaidos123,2
TheCroixS,1
h1g0,1
GioM08,4
pgalko,1
ismailkahraman48,1
m2sh,3
jbeen1313,1
AlecRust,1
spaceinvent29,6
dArKazZz,2
marlonbarreto-git,1
JHH1195,1
michelpereira,1
mstradiotto316,2
SirDanielFTW,3
mclemenceau,1
jserratos-ml,4
jenskarlsson04,2
Enigma-Spectre,1
embedx-co,1
IsThisTheCrustyCrab-was-taken,5
sanghanpark,6
48design,16
aimaduddin,3
ricaval,2
gniting,1
waldaldo,3
eyfahrlehrer,1
bokovhu,3
sam-portia,2
doribd,3
tijender7,2
mkernsNCR,3
SapphireRhodonite,2
andrew867,4
takeshinakashima,2
EndersonSantos,3
sebastian10099,1
Darkwillow57,2
Tonilo777,1
Darkthan,5
balachargebee,1
mael358,1
ksanetgestora,1
SenergyGroup,2
Nanta-Sp,2
ClaudiuBogdan,1
EchoSight,1
premsingh23,1
niveda-krish,2
StriderCapital,5
kxzk,1
victorm36,2
felixg3,8
lazur2006,12
sakher,1
hellomyzn,2
CH3COOCH2CH2CH3,1
fabrizzioper,1
chaincipher,1
Sebasochoa,1
akhil-datla,3
HugoM38,1
Sma1lboy,3
dwinchell,2
changyuhao625,3
Raiff1982,4
zyansaber,1
rumalg123,5
ShandilyaNookala,1
duyh-dev,2
nullom,4
chihuong28502,3
dieter-medium,2
hedgeh0k,2
Victor1Ja,1
tmerlier,1
breiting,1
KawasakiDaik,1
GktuOktay,1
funfely,1
dimuziop,1
beretienot,9
Kostekju,1
Valentinhp,4
xellos111,2
ticonsulting-dlara,2
Loganniere,1
OzzyKampha,2
davidismolina,2
PetrHorak01,1
nka21,1
contador-assessoria,1
ankitkumar731,2
SandroBar31,1
fibodevy,1
FalconTheBerd,7
LukeAnnison,2
mtobeery,4
xeustain,2
SergeyErmakov85,4
coryarose,1
zephcom,3
Synthsara,1
ph47s74x,1
Pranshu-Sahu,3
birkanogecan,1
tkluempke1,2
ashfahan,1
Kiwize,1
cepatinog,1
BraveTiger67,1
bryamzxz,5
1854039,2
khannas43,2
ruslanpetunin,5
Blue-0,1
BladeBuru,1
Acideee,1
Fer457,6
SaidulBadhon,1
tim-roethig,1
Kausiukas,1
sujan-026,6
Furansujin,4
jawadalshakel,1
cryptokoh,2
chandrasekhar1996,2
shef-04,1
CrowderSoup,2
jhygate,1
ILLUVRSE,1
MemoGlzMelgarejo,1
kieselsteinpro69,1
ruslanlap,4
abanerjee84,1
moeclay,2
avieltouitou,1
robinp7720,10
apurva-arch,1
BlankMediaD,5
yyuan15,1
Abraha33,5
rore,4
nishuns,1
Sotomr,11
Fsanzana,2
cmdscripts,4
MalevolentMoksi,5
MissingPackage,1
luoninz1,2
dillipbehera-ai,2
zehidu,1
Kosarefschulz,1
hdatla-lightfury,1
Omer12Sh,1
shadywallas,2
makotokabuki,2
CarlosATeixeira,1
Venkateshvenki404224,2
Aiden885,1
jmscodez,2
ithalloantunes,1
FoundD-oka,3
akifo,1
jmetrikat,2
YuhaoWangHub,2
onemorewe,2
sivapolu,1
ryangary321,2
riquen,1
Mohammadaminml,1
Teksel02,1
bber09,1
cowenpa,1
Tonymora1982,1
BestMark,1
santilabate,1
future4219,1
bananabusdaniel,1
ziarahman,1
llama1ai,3
Nejlika24-source,1
7ossam26,3
JTRC83,1
Diozavr,1
arijk2,1
Modrizzle,3
aberman-nexxen,4
belabbasanis,1
choketrax,1
Cole-Richards,1
Chengxufeng1994,3
ericksgmes,1
ultracod,3
postagbstarjp,1
Volodya1992,1
hayrullahyabatu,1
cacho,3
bosbassob,2
beshoy23,2
GNCorp,1
Hedgehogues,5
Funkornaut,5
wabog,2
Rohillashivam03,1
martinllmalife,3
bshep90,1
cheewai5,1
ParrasYadav,3
brisacoder,3
MaledKhaoSan,1
jpmalek,2
Farhad-Davaripour,2
Privacy0001,1
wilsonMIP,3
ShaAlexander,1
Rushiraj98,1
Jeheiz,2
valirc,1
mypapit,1
Colin2030,1
ThorstenRhau,5
jvcsouza,5
emar-dw,1
Apex-Achievers,1
yotamgr314,6
relankrunal,1
pespinoza12,4
felipedelpozo,1
AlvaroAmi,1
zimsam,1
ozantunca,4
kazukitokunagaml,2
ForeverInLaw,3
Ogyeet10,1
Legaspi21,1
diegnghtmr,1
mixamonakh,1
crypticpy,4
omalled,2
texassolider,2
sakamotoyuya,1
botsuspectx,1
PaXXeco,1
kretekarfolyam,2
rafaelsdiasdev,3
C1gua,1
Nylash,1
juanjosanchez,1
prabhakarana,1
aadpM2hhdixoJm3u,1
HassDhia,7
nicolakis,1
yagae12,1
tnickel,3
Gingobell,1
isony10,2
djq99,2
micazev,3
FURQANSAIYED,1
IronChariot,3
ximbi1,1
Safwat79,1
ichigomilk15,2
ihsanalhafiz,1
changdama,1
Nola-Yang,1
hewigovens,1
darianss,1
flo-flo-lenormand,2
jpie1982,1
alexsohr,2
unaldurmusoglu,1
cdebritain,4
Ryen-LTC,1
hithamsmadi,2
nishanseal,1
osjtf,1
dshepstone,3
einar6969,1
themusiisbum,1
Pedroarcevpiero,1
justinj8,7
royshih05830,2
LeeeeeeJunSu,2
bluemoonn,4
veighnsche,2
jjnorris,1
alexandros-manaev,1
deringocek3,1
Anaerobic-Huntig,1
thiswasrap,1
YiBeomSeok,1
steven12wu,1
cormacgwin,1
LuizHMorais,1
jhejhal,1
MichelleeLara,1
sashanclrp,5
Gormagrim,1
kristofschool,1
dodolello,2
emilianonp,1
KeevinPR,2
engtiago,1
dmitrykonstantinov,1
SamLukashok,1
AmT42,5
Kaiojen,1
agadrim,2
RollingSnowBall,1
jaja360,1
Kreamxxx,4
Alphobla,1
omni2250,1
AlbertValverdeC,2
cxr0514,1
kiselevmv,1
artis-byte,6
mayatforest,1
HOPHUCHIEU,1
U22328252,5
miqueiasazevedo,1
fbaldino,1
Profit155,7
deeorbeck,4
0xSwego,3
zihanltesla,1
LimoSenpai,1
Suputra,1
anthonymbowman,3
romeret08,5
natelasko528,1
bnhn87,1
Avanaganti-Saichand,3
goprjk,1
Acexelias,1
tomnatt,2
pedroarte2508,3
StevenRojas,2
gofrolist,2
grantg2k,3
sylphdesign,3
JulienDesdo,1
LejSkwad,1
GuilhemPcgn,6
debneilroy,1
PriyaranjanMarathe,1
Exodus,1
zyoi,1
georghildebrand,1
Dmitry-Ship,2
SimoMarrouss,1
alex-bochkov,1
jacobtellep,1
maebli,6
eliotenis,1
o999g,1
markus-hartley,1
lorddrk30,2
Lagabachera,1
Paulo-Andre,1
BluLupo,2
FoxinouFR,1
loganventer,1
dubesar,1
nmarks77,1
jwschmidberger,3
tjvantoll,2
gzwongkk,1
MaxWillianm,4
hamedazad,2
foxxed12,1
RaresBran,5
PMD3VSolution,1
Betorne,3
OtaciliaSturaro,1
mabroor,2
nicoGarciaValde,2
guilhermeariel,2
joelkerth,1
WhiteMZ,1
CamperoJose,9
gfmodica,2
EduardoRPM,1
piaocaoty,3
yusef320,3
baronas123,1
nimrafer,1
Mouradif,1
Hugo-tech280,1
Oroitu,2
jackbohno,1
TomasP1337,2
carloneri12,1
OscarWtts,3
ZeAlmeida93,2
ADKWeb12801,2
rogermlenglish-glitch,3
kornitdevops,1
camposnelson,1
carlosAlx,1
Tarekaxw,1
pinholucas,1
magdiel-gvdz,2
Arminve1,2
jonetto1978,1
awade12,1
jashha,1
liv3812,1
muhammadRohaankhan,2
troytyggis55,1
MuriloZM27,1
iiijochen,1
traktuner,1
nikimiksch,1
Deepika1095,5
sk230144,1
ghorpadegirish,2
linkedlist771,1
pctony33,1
ctoner2652,1
chenminhua,1
kaloskagatos,2
ebrevdo,1
razimahmood,1
ashutosh-kendurkar,1
arigatoexpress,8
Nickcos05,6
deputyryan32,1
KleinJonasUVT,5
Emmanuel-patisco,10
allquantor,1
McNamara84,3
MicJakPot,1
akifcankilic,1
saulyaurisy,1
pouria-seifi,1
FireIce7,5
vweb-dev,2
nareshnagpal06,2
lyam08888,4
nagarajveluswamy,1
EtienneLescot,2
FernandoOlm,1
gottahnl1ch,1
SalimiDev,2
Mirotvorec001,1
masayuki-akinari,1
Saivivek-Peddi,1
Milad-fotoohnejad,1
christiandrades,1
Etiennejck,1
boolJul,2
lucastatsumi,1
welcomeback-eli,2
najlaass,1
Divine-Shadow,5
felipe4000,1
shaharc94,1
depp01030,2
swaminawale,1
aindike,3
Kaua676,1
mukeshthawani,2
Freskan23,1
brinkcoder,1
vgg5465,11
flopsanb,1
arthurdgrossi,1
volodymyrsoboliev,1
fzlzjerry,3
JoseShota,1
Raasikh,1
AW-Creates,1
skyefugate,1
electiveDev,1
azizelo,1
strnadchristopher,2
ckyeo0320,5
icttox,7
Angel11R99,1
marcobarreto007,1
Tetsuya81,2
Shaimal147,1
DenisSergeevitch,5
cityboy516,1
PDinizM,1
mayank-sharma-gwl,1
Himanshu3179,5
drmichaeldouglass,2
dd9971,1
tamayanaohito,1
vichopoch,2
fion21,1
gusblacknails,4
VadHara2,1
Denis2626,1
MouhanadNasser10,1
desmuris,1
ericHgorski,1
danielchacon01,3
brendaverch,2
Nprxc,3
akshaypatil11,1
wcasillas,1
no57gmc,1
parker1978,5
qFrAnX,2
devbased,2
pionxzh,1
Bashiruddinmd,1
sharkaie,1
Ivanfun,1
m-satas,1
PedroGM80,2
jsidhartha,1
notserpisheree,1
yinpu,1
cristolYT,1
Kicko7,1
brendon-rofe,1
neuroLord-MDS,1
robjschroeder,1
xXNewbiXx,1
Aalischa,1
goldbarth,1
MrTz06,1
Hivaer,2
AndrewGrovez,1
liukai1919,3
NateWatkins,1
rokaskasperavicius,2
Gabo2502,1
jeandirel,5
golqaer,1
LMBooth,2
kastirbet,1
keen5336,1
Piro628,1
REinMX,4
Kuzmin-Dmitry,1
FF-crazy,4
Lupus1967,1
adminDynamics,1
zyanprocess,1
7893,2
Ege-Mert,1
Rainnnnnnnn-maker,1
RajithaAtGit,1
7hh7,2
der41,1
TesHokay,3
nimabhi12138,1
clemenshug,1
youssefdridi1977,1
joekandy,1
jianmliu,6
shreyas-dm,1
dieegoliat,1
DomiD94941,1
PedroLuisBrilhadori,5
george123wright,3
cemifaido,1
c-e-m-h,1
al-cisc0,4
Sasith2020,2
jaehyeok-1,1
BubeeKilla,8
Dranvius,1
DouglasBrunner,1
Azurehappen,1
Sotislosky,1
igmouralima,1
ychoi-kr,1
Abel7777,2
adivasile,1
shalav,2
KiwifruitKing,1
BurkePowers,3
PiotrTulacz,1
AhmedWagdi1,6
tgf-between-your-legs,1
mohtam24,1
BradleyFarquharson,4
HenryGom,1
baadblue,1
branaway,3
hazemahmedx0,2
dtytarenko,2
phantom-j,4
Zakuzaa,1
timrombergjakobsson,1
AkshayKishorChauhan,1
RageAgainst123,5
2bits2,3
notenking,1
DogukanAka,5
CYASecurity-Developer,1
zainaitriq,2
banddude,3
Asym111,6
Adishka228,1
YUYA556223,1
mr-neoterix,3
kayo09,1
alisaleemh,1
cellwebb,1
k16faker,2
rigidus,2
geraw,1
BaderElamraoui,1
frykhamn,1
IsaacKang42,1
jeremiah9980,1
BrendonEdwards,2
mal404,5
shahgahmed,4
Amin-tvk,1
andranikuz,1
juriyivanov,1
JulianMaurin,1
MKaanZengin,1
ivanozono,2
3nil,1
devin-ai-mt,2
aadzz1862,2
darshikasaxena5,1
xcedou1,1
yoobe-devs,4
GreereIonut,1
kejg,1
eyalgerman,9
dmcollin2086980,9
schovi,1
KeitaW,1
blake-harkness,1
ayteakkaya536,1
gert-janvercauteren,2
jakub-moravek,1
viniciussantos45,1
n3wang,2
rubin-hood,1
Martins7,2
MattValenti11,1
rz786,1
MarcusFunt,2
jebmedeiros1,2
Tommysandford,1
luizmarques-br,1
dexlose,1
shharrnam,3
urmit2595,2
Mbehbahani,1
cinyan10,1
namickey0919,1
thedrowsywinger,1
selcukeraslan,1
NevzatMmc,1
metehanari,1
ardaakmanlar,1
mkunduz996,1
Bal1m,1
gyaka42,1
rafaelrochago,9
chanan-hash,1
esurujiu,1
KoTeuKa404,1
Rh8831,1
malkiel01,1
BitMike1991,1
dkhacker707,1
popliop,2
tiagojpacheco,1
R4v00,2
relusion,1
LYRAHOST,1
dhirenmathur,1
nishkarsh123,1
fimkap,3
reall0c,1
mil2041,2
BalqeesKhalfan,2
AppCoder1,1
Didafa,1
DrDistro,1
sergioperez8042,1
baebini11,1
tapvanvn,1
milosptr,2
DeanWahle,1
gvanlohuizen,4
baranstein2000,1
sungwoo106,1
SikVik,1
squilliams,1
baily-zhang,1
charliesbot,1
micocandff,2
nm123github,5
Boladoloko,1
polodad,7
vseprr,1
abprime,1
Besanm,1
Natifishman,3
seriousdeveloper007,1
jadeofwar,2
91ko,1
tevfikefeaydin,2
hollwann,2
Pedriito,1
seryio2004,6
alissonrgalindo,2
aloth,1
rokipet,2
adelendagit,1
bm4b,1
wenjyue84,1
bwolfson978,1
MathHSB,1
nauryu,1
habbas3,1
xssdoctor,1
ReSpOnSeSC2,1
byrongrogan,1
keustii,1
astromandy,3
marcosvil01,1
abhijeetgode1196,1
burcakbas,1
Honeybread-kh,1
danhalvorsen,2
Alessandro-Mosconi,2
praktica-ai,1
aangel-sama,1
kelebra96,4
Argoss84,1
kiomatsu0425,3
RyanWillie,1
nba556677go,1
blsnider,2
WaltherPari,1
jackieburkenasn,1
nickvanloon214,1
edgarburgues,1
leon30083,1
nathanaelnienaber,4
Pasquale1972,7
Karlen999,1
CODYBOX6,1
AnesFoufa,4
mitschwimmer,1
tiagoyamamoto,1
Zadius1,2
gobrola,1
YoungHoWoo,2
ShubhamGupta05,3
rmsgk1381,1
gokhansalihyenigun,1
Qinyun718,1
back2000209,1
canozel,4
fotherja,1
velijv,1
leeh8911,1
CanBen0,2
marsovikot,2
robgallardof,1
whpickle,2
DragonT-iger,1
HoverBaum,1
josenunezmailboxes,1
emirbesir,1
niket-sharma,1
tiero,3
AleEPFL,2
machulav,1
BassemKhalil,1
githubb-dot,1
alanak1,1
dpawlows,2
HyougaOgi,2
809144633,2
john3dc,2
lavaket,1
ma981son,1
artroflex,1
RyzeR0it,1
Ha1oFan4Life,2
georgeolaru,1
TomasJunor,1
sschwandter,3
moomoofarm1,6
245514344,1
FrostyApeOne,3
Le3l,2
diegohenao819,2
gefen1999,1
ignazio-ingenito,6
tadoophom,1
saadshaikh0,2
dh0320,3
md786-dotcom,1
shiftajans,1
KeesvandenTempel,1
Bumpersanchi,1
blounservices,1
jamesjellow,2
EdwinVh02,1
elizeugonzalez,3
Ugurismail,3
ecerrillo,1
lugonzalg,1
aimedacademy,1
xskuy,1
MartinAlejandroOviedo,1
danielbelay23,1
BastiGarrido,2
amilapcsgit,1
BilalBroh1,3
rezaakb,2
QBStevie,5
JusticeBarnum,1
SavunOski,1
Komadaki,2
vigorsoft-software,2
sparklerz,10
MurakawaTakuya,2
ramonankersmit,2
hongyeehh,1
mfbergmann,1
maywind23,1
MeruemShen,1
Bsan12,2
HCMUS-KHDL-K30,1
jjustinwilson,1
osoriolinaa16,1
nandobs1980,2
mantapanta,1
curtcox,12
markCwatson,2
jaypatel1227,3
tamas-hamszabo,4
ErykSkretowski,1
EstiloFutbol,3
rafaelmgr12,1
wandekow,1
elouannd,1
peteralcock,2
Sherman61,1
AptS-1547,3
zakuzakuzaki,1
Elijah-Raffel,1
JacksonRHarris,1
gtech29,1
wkm200,1
amine-hs09,8
FernandoValdes01,1
chrishardin,2
ismaildosdemir,1
dvergin,1
Zxneric,1
CashBailey,2
s1lviu,2
jsolaun,2
precadmedya,2
K-suk,1
JorgeTabuada,1
AndreyScherbak,3
drammen94,2
William-Kruta,1
Fabioho999,1
konradpawelpawlak,1
pdumar12,4
Cherokeebullfrog,1
marcsto,1
dhabibi,1
kev1nl33,1
Shaya-Berkowitz,1
taifen,1
lanyu617,3
RaaDevo,1
XyiFirth,1
arthuurw,1
talfrim,1
vincentlaine,1
MaqAnquor,2
sun-yryr,1
joaovianadasilva,1
amazy2596,1
David-Barnes-Data-Imaginations,1
hcam93,2
andrewl3wis,2
hoangduy0308,1
cornman,2
Hwi9yeom,3
ishida-openai,1
LevinAnova,1
SebastianOehm,1
shpi,3
AakarshJain1998,1
shivanshu3,2
Koriyou,1
neurova-app,1
oliverc1623,2
vcollos,3
fastender,4
sajid3900,2
Snowden762,1
lakshanjs,1
YoshidaTadanori,1
jiangzhubo,1
carboni123,3
kaysarov,1
alberth527,1
eeble1,1
ghostofpokemon,1
yasuyuky,2
anshul5386,10
lukasdsouza,1
light624,2
SaiEswarGarapati,1
ricardoscrocha,1
hongjiayang920127,1
Kimahari,1
solitraderbusiness,1
danila-okv,1
ItCouldBeImportant,2
SteffenDE,1
KfirMorad,2
jindeli2,2
futaisusumu,4
blinkov,1
christianpasinrey,1
henrique-serra,1
KirbleSensei,1
balkissoc,1
renta0525,1
devinnicholson,1
Cloud-AI-Hacker,1
BenKaroob,1
cyberspacex-br,1
AaliyaRamanova,1
hugetim,2
COMENTCAVA,2
VittuD,1
Emirkanozr,3
spirakid,1
szupzj18,3
jehadja,6
MokshitSurana,1
Darshan922000,2
elenacherkashina,1
AyushTripathi07,1
bishopkai,2
eternaleclipse,2
sharkzhs83,1
GitJulius1989,1
saverin0,3
babajace,1
Joescosame,1
robcfa,4
Lunedev03,1
idforgpt0,1
Sidgi,1
yznki,1
milanbhanushali,1
Iwakur,1
icpdude,1
Nimantha815,1
andrea-rapuzzi,1
nikhilk1014725,1
sunajeb,1
NateFelker,1
Wickey23,1
Dforgeek,1
majidfeiz,1
ecolizard,4
iecparanaiec,1
thhech,1
skirrithan,1
savan-najmaddin,1
ledanh19,1
ClementFlament,1
jarlitt,1
Zayko1,1
crazy69nroller,1
Ko-Ko-Kirk,1
FBIATOMIC,1
niekstevenson,1
rithraj,1
Yaron-Ender,1
ygsllc,2
Andersoersted,2
joshcomplex,1
jmjlacosta,1
Skycomm,2
Rebelgamer2k20,1
xandreasjx,3
shafitanvir32,3
Barbenshi,5
Evy38,1
canturk3,1
MarkWorkspace,2
Staleychen,3
decoded-cipher,1
YorkWestenhaver,1
joseamtalavera,1
MihailKanev01,1
MarioRicoIbanez,1
GustavoPontess,1
Sensorman,1
amrhym,1
MahdiSeyvaniAmirkhiz,2
NathanDamaceno,1
wills692,1
RobustReviews,1
Gogopex,2
fishcakess,1
jmhelmy,2
elkay182,1
snookum,1
RealNameHidden,2
XinhanLi21,1
1giba,1
rishikesh2715,1
OuassimHICHAMI,1
BaraaHabib,1
squirtgunhero,1
IlliaSul,3
dgalvez,1
kalib-code,1
Buffarete,1
saketkumarkarn,1
xcdaoai,1
johndashh,3
Chaiavi,2
thediversecandidate,1
vinay-starstell,1
Alejandro-Daza-Codes,1
idomer1231,1
ahmsilva,1
Jerome2606,3
alyan109,1
Tal-Langer,4
occurrentarts,3
Nicholas-Freitas,2
FunnyKing1228,1
samba8514,1
nickeeee,2
segoviiiaaa,2
CY8ERPUNK1984,1
vickyliu927,1
AuraGuardian,2
Afgcc132,2
IndigoNakamoto,1
yoshi-dash,1
gameyuki,1
crstp,1
eqmaz,1
jonobr1,1
youngjunjung,1
andrebisetti,1
sandeepsonihyd,1
tututu08,1
DustinDotExe,1
MMorsette,1
darwinmartinezagnostic,1
ben-polinsky,5
voiicez,1
adrianmg,1
bacinchel,1
mciolino,3
waysh,3
runchengxie,1
yuyiken,1
Tezay,1
Mauricio-Carvalho,1
caiogn-dev,2
supermini,1
20centgirassol,3
flaviodemoraes,2
homebase-sheinberg,5
answer2002,2
pclbusto,1
jiwonlee1223,1
luisesgut,1
elamperti,3
Hodl589,2
iamthebrainman,1
rjuranga,1
gabrielrodev,1
johnpederson-wiscnet,1
thomasw005,3
LXad7,1
rmacias08221,1
nineninejeweler,1
ey-devsf,2
selmansener,2
ahmadsharifianzade,1
codexvisionai,1
mouad-abaaqil,3
l-reich,1
lucassing,1
nickvallee,1
Steeven85,1
CZ-ZL,1
yossideutsch1973,2
Quateen,1
ramgrande,1
ericlam1114,2
saamandauto,2
Tttaussig33,1
Dannemann,1
AuthenticoDev,1
Timhonore,1
tyler-romero,5
eduzol,1
bgumness,1
Bilostenko,1
canzeyn,1
unionepro,1
vadjs,1
rominou007,2
FardinIqbal,1
arunyerram,1
aadnegture,1
abbykabraham,1
saccharomycetes,1
geeksbaek,1
pedroaba,5
atahatah,5
phuongvu-design,1
marcusmleite,1
baldFamous,2
samuelmarticotte,1
nlpda,1
pucmiha,1
calvintj,1
JabraS01258,3
Oliver-Lai,1
ora16382,1
Fastaxx,1
ZaRqax,1
nikita-daniliuk,1
eliagioacchini,1
joaowictorzanin,1
erfanMhi,1
n3ur0m4ncr,1
alankardecm,1
lucianobcorrea,1
homeromolina,1
DropScOPE,1
P0ssato,1
AlejandroSGomez,1
hiroHGxx,2
kotapeter,1
AKorets,1
miqdad-dev,1
sjzhuo,1
odindino,1
pwobus,1
Tree-King,1
shigeru-1234,1
oneguy,1
elajasho,1
ChrilleLindberg,1
vgmz95,1
almadana,1
javiHev,4
danyildaineko,1
cbluit,2
shaxzodoken,1
DaytonFishell,1
ahmedibrahim6,2
mtn,2
DonaldScheuring,1
Kampsync,1
git-being-Developer,1
chochosy,1
PocketStudio-Biz,3
lightcapturers,1
Abd-zak,1
mkimitch,1
geekyabinash,2
Aborsen,1
fawazapp,1
kode7burn,1
czd,1
OliverFischer,1
visakha,1
sergiodk5,1
aryan880,1
dchadcluff,1
Sulaimanma,2
Guidus125,2
Pixelated-N3RD,1
AliDousa,3
ajsimas,3
JoseAFlexo,1
sigrion,1
juansuarezleon,1
AldoSilvaLuna,1
Pabpol,2
cchi,1
baszalmstra,1
baldeepsingh30,1
johnny-paixao,1
satoshi-asoshina,1
tylergannon,1
jamoyex,2
andrew-morris,1
OmarNN95,1
wkzhqpdltm,2
xkdx0530,1
John-Hung-seo,1
AlJenerall,5
carter-0,1
PumPum7,1
Rafail-Drakakis,1
DarrenBaldwin07,1
ryugonomura,1
xsota,2
camdenw68,1
Eduvent,1
enrique89ve,1
mfriedewald,1
CharlesCNorton,3
definethemax,1
bwwwclark,1
Winlanders,1
d0p3f1shj,1
sipsorcery,1
ChenQing-888,1
Kentayaxox,1
ChrisJStone,2
PBA-Dev,2
XavitoM,2
canncupiscent,1
Aslanidis7,1
reifdev,1
Roy-helper,1
giorgosart,2
veotani,1
Jayesh-Asrani,3
lbodkin223,5
MarketingFarm,1
PabloM03,12
Yashkalwar,2
Adriiduran,2
mattjwaller,1
dmidem,1
mraafaykhan,1
willianbarbosadeandrade,3
abhiedd,1
lo-re-g,2
kenmoome,4
hda-offsec,1
khamer,2
appadaycreator,5
andyrohdev,3
Aznlink168,1
Sibrix,1
castrofederico93,1
brskt-dev,1
kamilamin123,2
Maksim-Deshkov,1
zyoung1212,3
Vita333,2
4ndypanda,2
BHieeuss,2
0xCD4,1
rai-wtnb,1
arturfrolov,1
zuochan,1
ikr7,1
Strech,1
Kelvintrangpt,1
ProgramKen,1
MuhammadHussainZaidi,1
wccarleton,2
kmpenner,1
Sichermatias,1
SyButter,2
k-finken,1
tigeryy2,1
Mucheap,1
mededus,1
Gr4tig,4
Gustavo2358,1
PieroHugo,4
pmdartus,1
djukacg,1
mrviduus,4
Nirgaks,1
kinaz06,1
theduke,1
mfcmatheus,4
mcllumberg,2
kingdomax,1
marszalik,1
Dujaun-Paul,1
COOLBABYUAE,1
obaica,1
NatalieVN2607,4
TaNeekwa,1
ptruessel,1
umermughal,1
FelipeCostaAraujo,1
poposnail61,3
iskenderistek,1
LegendaryZithro,2
camgraphe,1
nhchristianson,1
devigilo,1
clairexen,1
ahvar,2
bollinmore,3
kaanbym,1
ConnecteDigital,1
Radikq,1
matdan1987,1
amayabdaniel,1
jpshaw,1
njkbr99,1
reposlayer,1
uzexpo,1
yalwesa1,1
appalachios,2
gigsanatomy,1
MatminiCorp,1
Gemay1984,1
ajaincloud,1
raphtnt,1
oai-ragona,1
xavierbarber,1
arthur422tp,2
Mohamed-mosad-hadia,1
maggiew0785,1
jusrainey,1
0x11Studio,2
mahendra-ffx,1
AvaYnE2,1
lakshy-ch,2
Erdenebat753,1
syucream,1
prceasar,2
davidtheITguy,1
XIAOYANGSREN,2
TermiSenpai,2
dhuamanilu,2
mcorteze,1
Jack-DaYun,8
cadam68,3
braddeibert,1
kamalu-chioma,1
StephenMCode,2
Arthur000002,2
ArneGleason,1
rohitgoyalbos,1
ttoulouse,5
jonoliver,1
AndyMoreland,2
AlexVicious,1
AdrianWashburn,2
Huyphung111,1
levinpflicht,1
dustin0618,1
eumarcosdeoliveira,1
nvnjwl,1
4a1c0,1
gabdrashova,1
FelipeLS75,1
Amzatk1,3
AlbertoZacchini,1
Brogawd876,4
jessicabaron92-rgb,1
robisson,1
AugustoSeixas,1
skipeeo,1
kawadia,1
SokhiPiyush,1
LevShepelev,2
anders0nv,1
DevEticeo,2
kaimu0719,1
Chris198826,1
patrickangeli,1
chandkiransingh,1
Abdulgit1233,2
octavioadv,1
gigabitmillion,1
RandallThompson,7
Ultrest1,4
ianliu1997,1
shawnanastasio,1
lvillis,1
yousefhammoda,2
AlexTheTech,2
Dhaiwat10,2
Squiggle-P,2
CARLOSHGN-PC,2
Eldahgar,1
clairernovotny,1
SBLED,1
liveandlearn27,1
Williamthi,1
ibirrer,1
mellman99,1
CJIMENZ,4
benjaminmishra,1
EvandroGXavier,1
specialteam,1
lgsown,1
A0pple,2
shakiba-DST,3
TechLead-War,1
Futsal11,3
ubasaric16621ri,1
iZooGooD,1
Victor-Bayim,1
pemuul,2
Klein237,1
larosafrancesco289,1
Ghosts381937,1
alisariboga,2
vinaybadgujar102,1
accessol,1
paulo-otsubo,1
ahmed3elshaer,1
drpedapati,1
kampfkarnickel,1
JISLP,1
jhhj7148,3
rebuild-123,1
robertDurst,1
robofriven,3
SabaitCastilla,1
Nederlander5,1
roblor,1
juansoler,1
PauCoqu,1
egamma,2
mctar,1
adrianmarino19,1
maefall,1
arjunchakraborty,1
JunchenX0809,1
lorenzomarcelino,1
KurokDevs,1
ben2rouse,1
rysto3,3
marekrosa,1
bkmnst,2
yassineHDG,1
andrah94,1
JhonatanVicentini,1
sergy2000,1
NasirAhim,1
binjamil,1
JoshuaPlacidi,1
maanti8,1
d1fmarketing,1
ChipMango,1
content-plutus,1
iachievedit,1
jross787,2
dulrich1515,1
noorashref,1
hirobel,1
miyojun,1
wzhx,2
Akira-Papa,3
kfivedrag1996,1
MertalpTasdelen,2
ilqim,2
gabrielgalati24,1
NimeeshaChan,1
uktamjon-komilov,1
Web3Dobie,1
ToomyKovy,1
sebahernandez,2
bpmct,1
Groot-yu,1
manojtrek,2
yanjustino,1
tacticsiege,5
AidanZach,1
Nazarmor,1
Glenn-Harless,1
MrEktirir,1
jmeiracorbal,1
samfoley702,1
dar44,1
DimKhramov,1
karasungur,2
Flavaah,1
Dutchthrift,1
Abarca3,1
silvers2000,1
jzzzzh,1
Nonoas,1
ralfsilvadba,2
duschmeil,1
simonthkjaer,1
esillileu,1
jeclaro,1
Ikillforfunzies,2
fifthsegment,1
WesterlyDrift,1
omi6499,1
bastian-js,2
DMC2003version1,1
AIBusinessPartner-AvA,1
emmaroa,1
eriksoonn,1
Crowbeezy,2
Zzhihon,1
Alex-Citeroni,1
eugenefilter,1
Sjanglar,1
Shaybush,1
sukhjindersoni,2
ProfiliF,1
rymatoi,1
vanmarkic,1
Daniel-Choi3810,2
crisoalmoniga,1
IcePr3dat0r,2
Zach262626,1
mehtaparivesh,1
elvisnap,1
kierenchow2882,1
Astralyxz,1
Mareille-Prudencia,1
dmirandam,2
teunko,1
ymoose79,1
terrichiachia,1
stefearares,1
kiranjithkrish,1
cucapcosta,1
samoylenkodmitry,1
Lawfam,1
0xRaduan,1
yash200508,1
mattyyychan,1
brenovalinhas,1
alexmryzhkov,1
herrmondlicht,2
fnaranjomoreno,1
rohitghatol,1
syntevo-openai,1
Snap997,1
yellow-23,1
yuv1kun,1
TRuHa83,1
sung-il,1
JrChavezMejia,1
loveyu3317,1
kaisamng,3
AhmadSaleh22,1
PubuduDissanayaka,1
AlbertoMasr,2
jorgemar723,2
fergbrain,1
JustinMeans,1
chanaliuxing,1
everson-ever,1
LiantsoaDev,1
huynguyen0257,1
PayrollAcademy,1
leimiles,1
Scuttie,1
RedlineRecovery,1
sumit0503881,2
estebanpuyanas,1
Victorien-Goudeau,1
Gothbert,1
visiontrail,2
meadowlark-bradsher,1
meyerkev,1
osid297,1
Mentedespierta,1
bigJannsen,1
FadiStuff,3
Clarence161095,1
Yanazakh,3
Piethonner,3
carylee,1
ZeroLiu2018,2
ChefRod88,1
Juangarciaing,2
lgabs,1
florianlutie,1
kimyag,1
yf591,1
houtknots,1
jawilson1947,1
r7marcel,1
nozoo3,1
rknightion,3
jayanthsd,2
onesoulpath-dev,1
NaxonM,1
Tucogar,1
nicks145,2
lutfiyeniay,1
hanzalahsuriya,1
tdecroyere,2
biliboss,1
hoailinh2k3,1
unitedcctv,2
AngelinaGentaz,1
EmilSoderlind,1
husnain-qadri,2
wparam,1
kklike32,2
andylelli,1
sadarjee,1
NoahSpitt,1
luisdavidrodm,1
Matgig-ai,1
Fiskerik,1
yasoda-krishna,1
wbotero757,2
chatwme2,1
thomasma,1
RealVitaminA,1
slanla,9
skyar123,1
VictorRColussi,1
arasyildiz,1
iamreinaldo,3
MariannaB424,1
edoardoCame,1
Ricciolo,1
Charles-Go,2
NM00001,1
DDRCZ,1
JadeHouseDisco,1
sh4ka,1
AIAdvantage,1
meistroburger,1
bjh8904,1
krunalmangroliya,1
Mbitjita,1
pixelbotme,1
crm107-ua,1
Megazerra,1
GraHms,2
CyganTech,5
HMiranda00,3
NERDHEAD-lab,1
MonicaML,1
ammaryaser99,3
NeonCoreBlaqua,1
terencecraig,1
adamarthurryan,2
t-wilkinson,1
yachtolly,1
GabrielMataDias,1
ALEXLEEX,1
WERSIT35,1
StefanHerbek,1
Denshogo,1
Comeonman102,1
changjonathanc,1
Jasujung99,1
Retro-TV,2
alishcareberry,1
pramodpots,1
iamsumurthdixit,1
Muzi1995,1
russfellows,1
M3GH4NN,1
Pranav-20186017,1
ahmetbersoz,1
Mikhailgerasimov9,1
kellylj,1
Jnxvln,4
k8rthik,1
evanknight,1
Xing00000,1
solclaim,1
OutOfStack,1
firefly0314,1
aviseth,1
tvojehnizdo,1
rodrigoyuji22,2
Panpro999,3
Craigandrews17,1
notimportant140,1
gdbetancourt,1
anurag-111,1
sein0709,1
juliogutierrezm,1
Almeidajf37,1
ameibrahim,1
pclarkiv,1
gcoiro,3
chasoliveira,1
maliqq,1
nasungchan,1
ashishbajpai76,1
GregoryIL,1
Sabyr777,1
Juqutsu,2
MissPalak,1
ABD-ULAZIZ-NOUR-ALHINDI,1
tafk7,1
yemshod,1
Kanzi-Amine,1
jfikrat,1
Danilitoxp,2
ErickCassoli,2
wld-homely,1
torresrv,2
Maykellima,1
KevinB-Statistics,1
upsiden-company,1
ka312,5
christoph2806,1
lakshayMahajan,2
cocodecoc,1
AlbaRS-ITOP,1
sherlockyzd,1
aleenaR26,1
dickybuzz,1
joseluizDev,1
elkoled,1
Jsmith12322,1
Plavixal2023,1
yuntongSH,1
ppolisi14,1
HealeryY01,1
Tharun-de,1
rafaeljsouza,1
rcoakley93,1
AbrahamGlezHdez,1
zsqdx,2
shashankreddie,1
erickrm25,1
thejeremais,1
Keizy-debug830,1
koseokyoun,1
XxFireBoomxX,1
95J1n9u,1
lhw414,1
VartelK,2
erkanpur,1
1anthanum,1
iTLSZ,1
Nunuxismer,1
ccardenas93,1
mendioroz87,1
cburger97,1
brianfunk,2
ashtonian,1
rocpoc,1
LEO-1911,1
heligp,1
sarveswararao-koppula,1
Neogeekmo,1
saqibsafdar11,3
HA-HUB-I,1
timoninas,1
astrarae,1
zachariasv,1
adam-lally,1
rollsrobby,1
MorganPitman98,4
roicarrera,1
ElfCapitano,1
vr4guid,1
oerd,1
tnylea,2
jfaaa73,1
MarcRO3,1
sarphiv,1
thgossler,1
bita-yonas,1
Chazzz,2
NerdyMedulla,1
mbround18,1
cshernandez9702,1
HerbertRichers,1
renaco,2
rayanelahmadi,1
basseri1,1
Boozy090121,2
junkanan,1
jonathanroomer,1
gmwendel,1
zaksleto,1
comchangs,2
Psykick88,2
luizzzvictor,2
dusova,4
Imutaakihiro,1
zorixtaa,1
Oerlinker,1
Darkendnox,1
melquin84,1
tim-azzolini,3
malkoalen,1
carroll-john,1
Yogendar0819,1
mahmutikilic,1
demonsquatch,1
TATUBAKA,1
Saint-Yuqi,1
sdortbudak,1
gkhntnhn,1
maekawatoshiki,1
ririo08,1
miracxzx,1
cecell,1
Hyo2151,1
NinePlusOne,1
drewrjensen,1
alexey-temnikov,2
adamteece,1
nandoblanco,1
Amit950,1
mateorevelchione,2
LucasHonda,2
YassineElbouchaibi,4
fanat2191,1
Chamudithawee,1
ayushranjan636,1
EliJ91,1
pochang6,1
thedwa,1
dasmikerrt,1
shijiel2,1
Mucco2,1
Karkeilpane,2
Brayantcw,1
aiartist2022,1
notIsakS,1
nemorobot,1
aailenm,1
ThatNotEasy,2
robertoald,1
chansuke,1
RogerDozen,3
Aurenzo1,1
seankmartin,1
Vilakshanb,1
knoxdevchris,2
pmietlicki,1
nitram147,1
akhil41,1
MichaelTkach94,1
olmeiro,2
TI-Processtec,1
JGrassi97,1
gregkitz,1
xuzhougeng,2
chasepd,2
kidier,1
siutsin,1
dido1998,1
samiesmilz,1
moontmsai,1
armandabiri99,2
alkis77,2
shiro102,2
Laurelai,1
1o-o1,1
flyinggoatman,1
SmartBuket,1
Sinamozaffarirad,1
ait88,1
lunaticaug,1
hrace009,1
yeexing27,2
vishal-79,1
Maxamedxuseendaahir,4
Sotxri,1
difanj0713,1
Superone77,1
duythinh-dev,1
nuddler,2
munir-abbasi,1
AlborzBastami,2
AGamesStudios,1
MasterKnown1610,1
bastiascid,1
Spyrocker,1
sandippatil,1
z1rass,1
krrishitejas,1
oliwier-drop,1
zrouga,1
themapsdaily,1
Amorfati123,1
athenasbane,1
ignacio82,2
alexalbu001,1
Steg591,1
mbbill,1
yaboyaz,2
craboftw,6
Felipefn15,1
EuanSelkirk,1
nazjaz,1
PASSEIOVIRTUAL360,2
davidbingmann,1
xtrul,1
velavokr,1
Tracphamm,1
DefaultBanda,2
chm3778,1
So4246la,3
riywo,2
nitesh7417,1
dubyak,1
27bhd,1
equilibra1,1
elfetalelias,1
greenarmor,1
ksvkabra,1
filipetomita,1
BlkyLim001,1
L03TJ3,1
Saaiiikrishna,2
LuisMUtec,1
dream2race,2
Shrikharp,1
cybefox,1
JrLordMoose,1
ykamata,1
Jversen,1
m4rok97,1
03stories,1
naveenjaiswal42,1
shunkus,4
melowesley,1
chambers404,1
Spadilla96,1
upssokarthik,1
krokozyab,1
Once98,1
Ushiroyu,1
yusufumair21,1
Bryyzxm,1
kamilvitek,1
rocknmarco,1
adam-tango,2
MaxLybrinth,1
rakaar,1
muzbox1973,1
ViniciusTAC,1
danielluby,1
Im-AlexMoon,1
roopopal,1
GereeOK,1
aaronvstory,4
NitroD3,1
NeildKenny,1
Medha-Subramaniyan,1
abranch43,1
Vicfre69,2
reyanami99,1
jameskirsch,1
mtwig95,1
Rafikh1,1
dakshjasra,1
IvanArredondo1006,1
youichiokuda,1
j16h,1
IAmExcel,1
marxcobain,1
a-a-k,2
exinoss,1
vandoagency,1
cheddarmonk,1
Robbottone,1
Charvi99,1
david1155,1
Kayisu,1
CKlettenberg,1
anuchit33,1
tetmin,1
rrogerc,1
MineshS,1
christancone,1
evan3v4n,2
will702,1
albope,1
sarang87,1
JavierOrozcoNIC,1
JohnnyKapps,1
jackmountion,1
baoqj,1
garrisdiii,1
Andrew-Beniash,1
robertacos16,1
nishant679,1
scottjarvie,1
stopthegears,1
sat066,1
aravindreddymokireddy,1
Outboxchile,1
aahirwar20,3
Conteyner,1
JumpyPipe,1
isinglever,1
irfzeeshan,1
dennism321,1
apexsoftware-solutions,1
digeriuz77,1
Abd2-dev,1
adwaykanhere,1
sgpsdd-zyx,1
DavidLones-labs,1
Th0mas1n,1
katakraft,1
adriavalles,1
EunhyukYoo,1
mriza,1
scottm1979,1
MAhma223,1
FoxerBN,1
salehhashemi1992,1
juancazvid,1
ccarrascoc85,1
SprtJonathan,1
Tajk2001,1
urish11,2
kiskalandok,1
jasonmarschke,1
anostapchenko,1
GeorgeGray123,1
esbencito,2
BangJohn2204,1
wilsonbueno,1
fullstackslife,2
winedarksea,1
justforfreecopilot,2
p1gfly,2
Sarnog,3
Soham-ssd,1
Makinski,1
burnsjt23,1
angeloxwidiyanto,1
roy2995,1
alykapasi,1
mascot27,1
norwood,1
PranaavS,1
xlzuvekas,2
bangbangmushroom,1
Fahedmb,2
dineshkoilada,1
jhuangtx,1
kadmielp,2
beshkenadze,1
gastonpgoja,1
Loikaaa,1
yamachris,1
Thielander,1
Nassim-Bzr,1
PatrizioAcquadro,1
KyzerLeon,1
Gabriele04121,1
mozasaur,1
AdrienVille,1
albor347,1
dandraus,1
calperxd,1
DartStartick,1
ahongsuwong,1
AydinTHR,1
vjvictor,1
Sypher14,1
woo94woo94,1
JuanChavarriaU,1
ABSIRA,1
jcastano17,1
ECNU3D,2
ArthurCard050,1
rjakech,1
nikhil-pandey,1
changshoumeng,1
yamaura,1
skyequack,1
Hummaton,1
masei1,1
mmalmi,1
TheMacPotato,1
amber-bagchi,1
AndrewBeniston,1
babalar2,1
riptex,1
Thisusernamescodes,2
modm12,1
enriquesalazarf5,1
robotiaproject,1
AlexPaz92,1
karstil,3
Ehsan-Home,1
ouhanguir,2
mc1415,1
Kiranmulawad1,1
malaveli,1
carcorrmi,1
H8db0y,1
rekechan,1
Corriscant,1
partners2025,1
manurajay,1
chesketh,1
sand847,1
BlueGFM,1
Lilac-XI,1
TomGFFM,1
ukeate,2
danielmatthew,1
spy-exe,1
MikKamochkin,1
bbarclay,1
martindstone,1
MAIB1803,1
juaznerzz,2
EEScott,1
manansh11,1
IngMarcela,2
Airton659,3
HATHEDUC,1
shanti1490,1
finere-dem,1
JaredTate,1
mastakaladesigns,1
Redwanator,1
rinerebox1,1
arudhir,1
xssnick,1
NEWLY2014,1
MascotWu,1
TheLegendaryLord,1
mpottinger,1
nicbjo,1
Bulkoun,1
NetanelBaruch,1
rasekdk,2
lyramakesmusic,1
jcpeters,3
Whynightman,1
wikssjs,1
jk10001,1
KenUdigIT710,1
protiks,1
yan-levy1,2
asfistprg,1
mane87,1
Homeboy20,1
unokforever,1
agra74,1
CottontailRabbit,1
EuanBaldwin,1
ixtab,1
Fernandowgp,1
Sangsuri,1
TohhiDockson,2
michaelbel,1
sdfsdhgjkbmnmxc,1
ashahabov,1
ABUSLIMAN,1
FabricioGodoy,1
garaekz,1
ferdinandhelmer,1
Ambrosiavino,1
RyanHarrison83,1
Armondal,1
maximobatallan,1
thewhoareyou,1
Exoodes,1
LeoMendesEsEtml,1
kennard-owen,1
makerjk,1
davidscassell,1
sree4062git,1
fit-alessandro-berti,1
mattia-lerario,1
CapFelps,1
miguelrsj,1
amir-rezaei,1
Espaco-Sante,1
harperhrty,1
AbdulwahabMohammed,1
ofuller1,3
SuperGoodMike,1
PPdoCrime,1
minhtran98x,1
CCLNTN,1
mingo-nguyen,1
WalidDevIO,1
IMBUSYHERECMON,2
yanyuki,2
nsheranian,1
BarkinMad,1
malcolmsoans,1
Evertdan,2
jacktheboss220,1
agneslee1986,1
sgktmk,2
djryner,1
DengShunChen,1
computerengineeringkid,1
dnikhiltej,1
HCSS-StratBase,1
hhubb22,1
silvery107,1
lzhu019,1
MHauray,3
Merc98,1
hbkhsi,1
wagnerbeethoven,1
amjadm61,1
VamsiMohanRamineedi,1
ansschh,1
Siimki,1
0118am,1
maxreis86,1
gmontoya50,1
Mehmet-Goeksen,1
waz123,1
ContemplativeCat,1
FishDoo,1
Teusck,1
edvanflorio,2
cleonefialho39,1
williamium3000,1
AWSzyAI,1
seetam-com,1
drdpatel,1
NickN94,1
medusalucas,1
ppgiron,1
mgokhandev,1
huanghao,2
JacquesGariepy,1
carloslarach,1
richardt9211,1
BeomjinSouth,1
conradbader,1
CaioKloppel,1
peter-me,3
davidmrsj,1
romasimf1,1
Destiner,1
anandkrishnakumar,1
Qiaogun,1
LucasPreviato,1
drewgraham,1
Athemis,2
youssefelh12,1
sergiolindolfoferreira,1
JosiasSilva,1
Sheranyu,1
dpalmigiano,1
peterhry,1
jslhost,1
worldlyjohn,1
MisterMushn,1
1selente,1
YogiBrand,1
KoZo114,2
igarzonpres,3
Jennifer-Walker,1
albferalb2,1
andy425,1
TobiasRoland123,1
SirSteel11,1
avargh879local,1
TK2F,2
Yernazaz,1
AleVinokur,1
Sohaib-Snouber,1
DOYOUNG-0314,1
dylannguyen1996,1
ecappa,1
jaminitachi,1
fenerax,1
Luqman-Ismat,1
Hassaanj79,1
junggonkim76,1
htmbennis,1
Serkanozg,1
infosecB,1
juanezamudio,1
FFF108822,1
adm1nas,1
0x0BSoD,1
msoymisirli,1
lz-44,1
apexnewbie,1
gitmank,2
sikandershahzad1986,1
practicalvj,1
lewisodonnell,1
alsupity,1
lutzroeder,1
rapidlodge,1
gladsjr,1
moefeusz,1
MahdiShikha,1
thdecn,1
aideedamsyar,2
hinanjo,2
yossefflix,1
rfarell,1
LucasBSLima,1
jBeliar,1
artemiuss,1
konspras,1
geetheriot,1
galaxysplash,1
brayanquirozurrutia,1
Hoffie2025,1
dmilarkin,1
x2dkillerx,1
vitaliidata,1
tstkim,1
Sirj001,2
JimmyGolive,1
Hrithik99,1
fahat04,1
a2hsh,1
acharyaganga,1
marif5520,1
sinemmm11,1
sozcelyk,1
ibrahim-safak,1
lepsapost,1
pintiindirim,1
Aquive,1
timtamtom7,1
chazstevenson112,1
hmachhouri,1
Gl0deanR,1
VictorHSCosta,1
lu-tian-29840,1
danrodriguesy,1
alexleshenko,1
Mrchengyuan,1
l3ahc1M,1
munizjor,2
caglarbiliz,1
GarPav123,2
voytas,1
dannythevanny,1
Haibarama,1
kunacademy2025,2
sixtyoneeighty,1
groslux,1
benda1337,1
m1k058,1
Deventh61,1
christroelsen,1
THqqqqp,1
Pezzott,1
nurrizkyimani,1
Superfaca,1
zx-ma,1
tuncabildik,1
mrtipeq,1
daigotanaka0714,1
Dawn-666-glitch,1
ezoteryk,2
thecontentstudios,1
condo-bot,1
Timosdad,1
vheinrich,1
skylerberry,1
joshkrajnak,1
wowcodeisgood,1
S1xH3arts,1
ZipZap1,1
codeghees,1
Chadlightning,1
OmnifusionAi,1
SpandanNepal,2
freshy950,1
michaelbanfield,1
YusefAtteyih,2
vic-104,1
ranman,1
moshloop,1
sbalani,1
mroffmix,1
vpukhanov,1
KDalen,1
sajidurdev,1
Badlybear,1
BibsDigital,1
oliverbenduhn,1
patricknlnl,1
Khaled9812,1
TarmoKouhkna,1
Prince1460,1
intiequals1,1
ai-dev-meteora-pro,1
Anandhi-6-git,1
godsonj64,2
ps220821,1
AskMPMUnbound2016,1
xXcarlos117Xx2,1
Paul-Mazaingue,1
SemihMutlu07,1
AterX,1
SalvatoreFerro,1
sanchezmt,1
codeshepherd,1
ZakensikMyGit,1
zenwork,2
gorock007,2
Mk-Moody,1
vk813,1
RichestMikeEng,1
bebetoh,1
Bytupapa,1
stephenadeleye,1
faiizanhussain,1
ashleyntoney,1
RonanDaly,1
edlovesiraq,1
dqp1985,1
daniboar,1
ericgkrehbiel,2
santu5496,1
rzuech,1
PedroPK,1
dayathapa1234,1
mertyilmaz5,1
kolkm007,1
sunq-run,1
sunaga104,1
Lostmp5,1
kaliro,1
shaliniganni-2000,1
ChaselTH,1
nickcarfinder,1
sahilnits,1
seega,1
RaILaNdEr-v,1
sedai77,1
andresblancof,1
SNico-SL-bi,1
Aniekanetim,1
felipehborges,1
derric-d,1
jniewt,1
alvinvic3000,1
6bilguun9,1
Rajita27,1
felipersd8,1
airhuff007,1
sdes5317,1
michaelvaillant,1
Leonard-ssj,2
ionutd86,1
Hareesh098,1
ysfexp08senior,1
sputnik-deviaant,1
Misil88,1
OriOfek1,1
Noudi72,1
Them1stocles,1
KingdomAutomations,2
varunprashar5,1
0x5459,1
PetterS,1
ThatMasonGuy,1
CyrilBochet,1
Ejel-cloud,1
fabianpausch,1
Kregius,1
sunlandmusic,1
LeonardoFerreti,1
jia-juan,1
JongHoB,1
david-der,1
vcioculeasa,1
Redcast972,2
tsubaki2525,2
miloferrero17,1
codiblau,1
versoindustries,1
Finn-dot-de,1
aniruddhazalani,1
kevpattberg,1
Dilett999,1
rankop88888,1
EdGuerra,1
Markbark606,1
langley-2,1
manipulative,1
symphonix84,1
Lovish-Kumar-5555,1
sejan079,1
PawitKetsukAtom,1
SWUSTcyt,1
Soul-Master,1
Je4nnnn,1
tsajed,1
adelbravo,1
tdhingraiitd,1
vinelis,1
j-golder,1
afonsobspinto,1
LANEW1995,1
master-flamaster,1
malkhawaldeh,1
superjosue,1
Rufous89,1
gioreva,1
Razarek,1
badaozhai,1
lexa5575,1
Roxdeeejay88,1
sakamotoatoshi,2
mkerkstra,1
Barath2203,2
hebersongithub,1
zaccmarc,1
rainbowrainbowrainbow,1
nikrapt,1
dgarduno-ZAPATA,1
jayin92,1
MasayukiNagai,1
talalahmedd,1
bdv89,1
evilpeach,1
shivanshupareek,1
chnyda,1
emersonmendes,1
Hilarey,1
mariospr,1
Harry-12,1
ccntchtllm,1
prokop-solutions,1
2000JChen,1
spconway,1
euticus,1
rafssscas,1
SrinidhiGyan25,1
Rahulsahaantu,1
AadilHD,2
steamby2,1
jacko3233,2
Starksood,1
unixfile,1
LaJoMi,1
Wengo500,1
AleksBrandao,1
alexco95,1
mkmurali,1
zanisimone,1
MrGrmm,1
Theddeus,1
tinahomayoun,1
gmmurray,1
koko1111,1
mustafasameen,1
vincentbastille10,1
erkebai-b,1
TornadozGit,1
mamos-it,1
jpmarson,1
matias-Reye,1
vovakurtis,1
Gabr13dev,4
bodia-uz,1
tarmokorotko,1
mwym04,1
Shushann,1
shtirlitsDva,1
vnikolae,1
jordaninjava,1
penjc,1
mrrussellong,4
kngzzz,1
janaudron,1
The4ing,1
harshsharmax4,2
caiosage,1
Israelsturaro,1
Elakse,1
GenAITechie,2
djbulu,1
Arian8888,1
david2526,1
glapointr,2
marsCatXdu,1
rbnafonso,1
chakmidlot,1
drprockz,1
rubensancor,1
four-min,1
ogaiku,1
gbreard,1
johnbenac,1
avioberoi,1
yinjuchen,1
taqu13579,1
tellann,1
coachandre09,1
jmirandac,1
Rajbasheer,1
Kintama1998,1
WeJo1,1
oyin25,1
jbastard,3
furcas346,1
Gealiss,1
splotchysnow,1
amilajack,1
IBKAMS,1
Gaurav-Tewatia,1
Lc4pr1o,1
vgaytanovcorvel,1
brharri1ster,1
kitmedia,1
yutosawada,73
KristopherKubicki,2475
Oversighthj,111
leonfaro,361
TheDarkOrange,5
Mdraugelis,24
print3git,2757
d-clarest,67
rafalkorbaczynski,57
DrunkOnJava,35
black77dragon,311
NilsBaumgartner1994,355
Geminitic,116
javiprieto89,161
sammanfadi,3
AEVKISELEV,3
xccdgg,9
suchokrates1,614
SunagimoOisii,45
linmingchih,206
craigsturgis,6
Lukas-Nilsson,621
noluckmurphy,37
mgisrael393823,88
brucehart,47
devprosvn,13
bassyboi,376
ccarella,42
qqrm,606
khanukov,201
engelsbonilla,34
leynos,1118
amannm,346
R21Digital,712
mansch404,35
fabian-grid,38
dabbsLondon,68
nicholasC03,3
Koriit,50
Maarten-Kruger,58
md-riaz,37
BlindsidedGames,793
RonPoly,121
TaylorChyi,476
tsyasenpoor,47
MagnumopusAI,141
JordanHendl,212
BLON333,391
badsparky,5
saptarshihalder,72
masssi164,161
Deathsgift66,1597
izanette,10
ABO896,24
trottling,4
supersolsa,7
acelectic,4
AjitoshAn,1
edoelas,19
fkenmar,2
Road-Hammer,2
michakevin,48
quentinbragard,569
yejiyang,28
Dokumentuj,1
Tehes,27
aicnggsb,187
sayeed99,5
seutje,683
RubenVP2,7
NessieCanCode,100
norseto,26
michalsiedlecki,1
mustafacc,1
Petar223,4
manurc858,1
yugawara,468
Michael-on-the-Microphone,1
maohuanzhu01,19
Caripson,45
Beremi,28
WuYen,5
kamio90,7
thef4tdaddy,75
Contexter,180
itmooti,191
fugjoo,114
transmutationist,42
oat1122,38
ruornil,38
Jah0x,136
anhtuan0806,22
simply-kurt,6
mattberman1,9
alex-datapac,4
SirTrippsalot,79
MK513,6
IdkwhatImD0ing,5
Fmahlow,119
davidanderson3,376
3rdIteration,36
leonardo-matteucci,408
cale-pliska,47
iofro,350
Boerkie,47
VibikUA,1
neednotapply,87
PRichardsKSMTA,90
meistro57,375
Azeez1,320
timfee,226
tobyStone,10
def-mycroft,163
tygent0,42
baeheeyeol,65
Eduardoheredia,55
Lubodi-Code,61
aleprado,24
minorusal,803
Luciano-MBtek,24
yulinio2002,28
NowackiAdrian,1
DaniLim,40
ManuelHidalgo26,15
pablovin,274
petrakol,37
dbrabon,517
ImmortalMan01,693
saurabhjadhav45,60
canerakts,11
enta1234,264
Nono8Six,446
BenjaminAronsson,3
computemachines,25
Greensand321,232
AgentEnder,24
CyberCastle,85
johann-DP,420
copp1723,51
nazreen,29
oliverk120,192
ramon8,28
eduardopasouza,14
bertysentry,112
unnamedmistress,392
cotrin8672,3
phelukas,28
testingitman,42
vennsen,14
TJ-2,599
johrenberger,6
nkotak,89
sefunmi4,730
Dioksidde,3
Boomshakalak,21
lantelt,17
hassonor,38
ckst1332,26
DanGimeno,9
aitorbarbosa,384
DavidJ-Saving-Time,284
Girish-Krishnan,116
LukaHenig,8
bongiy,56
Alphonsus411,577
Andy61490963,35
Vasukommi,37
thomascantrellsea,57
TonyDeRosia,1326
pawelorzech,2
thinklanguages,489
seiya,179
kosiew,41
quvntvn,77
NolanEssertaize,13
shtolyan,15
agshiv92,1
ruribev,5
shinnku-nikaidou,79
gcarleo,14
gabriel-legros,520
Devroman,13
danhill2020,58
indicadoresUdeA,6
gea-ecobricks,190
NixndME,20
ClaudioLutz,6
jechaviz,17
moriwaka,5
captainminh1999,139
codesonicx,1
Cstannahill,363
phawd,41
AsaTyr2018,676
purpledevilai,19
AntalJozsefminiszterur88,355
AntonioCoppe,39
Mor138,19
IllusionCIS7,69
robstave,15
connor-lepre,135
kenan-3304,29
stewmckendry,192
awindsor,1
sherafyk,267
rigret0311,2
ChelseyMiguel,6
konyu,1
hdw051,56
rlsdf,6
PetriLahdelma,77
yuiseki,25
exadmax,25
sdevunuri,1
JoeyHobrecker,46
trfetzer,33
seanosully,13
jinxlo,20
fotomash,172
wakeNBAkeQc,88
Safalsharma1991,150
Arthur-Musa,16
r0x16,3
brysontang,112
tarastm95,339
DonQuilatte,200
dhanushrs1,2
eduardkh,2
droidsheep86,1
Jayanth0308,9
irvingcs3,110
Yusukepkl,126
argirov77,135
UDICatNCHU,2
vabs95,24
JacobBorden,172
ElaiWK,7
phidesigner,61
nickzerjeski,85
magnusoverli,309
jakefitch,55
davassi,6
machistore,15
MicroKiller1,2
hubrizer,53
abrioso,14
lohchanhin,320
asdffdsdaf,7
jawad-elkharrati,112
mikasoukhov,401
Dan8NOD,1
omar2013432,14
mkatbalasd,163
zinnurain360,1
blueocean7034,19
enescedev,10
eisnerw,203
DhanvinG,21
seodev-org,4
ArtieChokeCuts,5
nohat,3
mfreeman451,144
Butterszzz-art,171
Skelly0,65
dotnetdave,9
rehkad,266
xvmdvx,842
anosenkoalex,37
Mosei1984,2
philippoppel,40
joshuawi99,2
MaN0Ki,5
DerFussek,10
jussiroine,8
smokehubde,49
opyruso,193
defendicon,309
youtaug,2
lucasfeijo,47
cyyeh,2
takkub,8
gollandi,1
darylclimb,1
braboj,68
rip4ik14,112
sitanshu-joshi,43
pakrym-oai,5
irshadali21,13
selakasapi,221
bc-rep-project,26
fupaeater,4
AhmedSalih3d,28
chrisbannan93,12
NobleSpartan6,139
gurulost,48
TheCraftySlayer,249
ErikMeinders,8
ryanpaulanderson,82
theturtle32,3
CEM-Christian,3
DonCromoTrades,65
pichiu,10
babygramps,36
Thomvis,2
prasobhs4,12
cdouglas,3
jinchiluis,28
csabiu,19
bardyaxy,289
mrcha033,172
cmontes11,23
morquis,17
GamerXtrem,182
sarkanmagij,2
skotnicky,9
bioshazard,40
glicerico,1
jimbrig,7
TeamRJEC,12
paulofor,211
chrischoy,6
jo2000we,19
chad-vogel,151
rcampagnale,2
mgubran1,45
michaelzick,115
rebots-online,71
bgelb,28
schoenwetteradam,164
tervahagn,12
peuanthinsan,110
Cybeaster,1
asatpathy314,1
Sergey-Tkachenko,15
frnki42,14
Lunatik-006,5
AXS-Projects,70
All8yMySelf,257
robertoaflores,7
jenkinchris11,25
albozes,16
panosbee,16
Twinsen68,37
sreekesh-nexotech,11
LeomasTuhtonen,154
adamboy7,120
marceloadaes,105
B1RO,8
ramedina86,5
colinmansfieldyms,58
AdamGoyer,1
kys0213,38
PlugNChug,28
brennenho,1
Jackmeson1,73
eddgalan,1
dBinet,137
Afinucci,2
Silviculturalist,40
jprince8,13
wersplat,30
FlorianMayr1208,92
Jeff-44,53
dvaitam,3753
drapertait,60
nthngmprtnt123,1
themuddfamily,19
brianfong96,39
sudo-bngz,7
elithaxxor,201
hemanthHemu33,134
lfbrandt,195
andrehrferreira,50
satochi-yamamoto,85
nicholasosto,84
nicho2,28
j-vaught,1
skyasu2,54
lelus78,73
asafelobotomy,57
Study-Hollysong,7
WoshaCZE,15
lyneq2001,57
xk44,63
max-oliveira-thiago,7
michaeleboyce,3
AlexanderDaly,28
ciaultragaz,2
silentArtifact,191
JeddoreEnviroshake,103
ELLokoAkrata,27
samni728,14
knylbyte,15
Hero988,23
dhwiwwx,10
Alexandre-RICHARD,36
gs3rr4,537
B022MC,5
AnsonSavage,4
hejsek,24
azeem-munimix,25
nuzer05ive,97
mofftea26,19
QuantumCephalopod,122
KunitakeHyuga,10
heymaaz,2
rok131,1
amelie-iska,3
PabloGTUOC,15
aozcifci,5
ekuttan,3
mihneadb,4
UOD317,2
singhtejn,71
tjlong84,15
gl46,2
InfusedChooch,112
devjosecarlosteles,14
IamGittingHub,2
pgargey1,16
drachenjager,16
ROMEKANA,4
Relthekidd,158
seniru-dilmith,14
ToDiii,33
booyajones,58
Mate04,3
Mohammedareebali,140
tbarracha,1
willicab,2
ChantierFilm,17
Z43L,14
marvinmvns,115
EveCrystali,34
m4xw,49
Gorgorito12,2
ByteSiegel,2
frcc24,68
gustavoz65,4
DannyHumphrey,70
tyson-yobot,83
thiwi,185
Kirankkt,16
raedtulefat,3
nukoruto,77
Antoine67tranqui,6
Jakob37,20
htr89,64
lurgoyf82,72
projectbaluga,2
joechan426,83
RomualdYT,29
h2oicsaba,7
Efnatii,20
Gitterest,47
tyagishubham177,234
AcTePuKc,137
ReidTPowell,13
TheKnarf,109
alexjuillardoff,72
BlakeFelix,56
Zoroki110,13
Gibbybby,46
JulianBati92,15
Mir0um,19
ilija17,48
Gillou973,17
EgonFerri,8
Jarsandres,41
nicolegrimpeur,5
Txustxi,19
jhhtaylor,38
Arnaldo-D,29
nagisa77,411
Khryses,17
benoitbds,101
flor-g,12
Kairose-master,15
EnvrA,153
tomasarrufat,68
CryptoJym,206
hajiox,65
fdljfe,1
CrashmanYT,2
raanan-g,3
sugurunatsuno,36
iamsogoodlo,21
danny0ceanCA,314
SYSTEMS-OPERATOR,401
smartpcr,16
moreWax,18
blogle,9
Robert27,29
hamzash750,14
YDuce,27
AgroxOD,317
jermlandosa,41
Sentexi,86
temorubun,12
eyes-pick,60
DePacifier,72
josh16263,1
allegium,52
Buddy119,63
dustywill,121
Het369,3
zachc71,84
kokiSAT0,113
richeju,99
nwdhenry,25
jiachenwei,9
RobinL,45
hellothere012,9
RooNoMore,48
jwra,9
drakkar78,195
j3772812,3
danmrossi,52
MikePfunk28,4
msaij,9
devanshkv,10
rakindufernando,11
SemenKhmelev,5
hubertgabrys,78
DiegoInDaHu,88
HenryQUQ,8
Alantemiraev,2
winsixed,89
youfree510,6
AleksandrBelous,25
milky-wvy,9
micahp,4
Condfire,111
Brandskept,33
Ahammedsajal,107
bobwares,94
wissspik,12
tsekoyotov,39
CoffeBank,3
scosman,14
platocrat,13
dann3wman,56
RoMinjun,29
p2pinv88,8
stefanos11892,3
JeffCarpenter,9
lukas328,50
MaxBonas,129
egiorgi42,25
josehlxavier,4
vadimmakarevich,18
Kirito54,95
HRitchy,40
llankar,30
MoinsenWerner,14
chaniii999,4
ESADev,27
akhiha,6
abinasn,3
remot3,17
CYC1110,1
ElTiko94,105
Mirror-Prismals,47
Sudo-psc,78
AlxJiachen,3
Caleb4748,7
BrunnoBird,16
arthgirard,3
junseoparkX,8
tkellogg,11
uemue,16
albertogerli,4
henri123lemoine,3
voftec,61
saajbhatia,7
jgwill,94
nicoserig,1
Dropkick0,162
ergincagataycankaya,9
ktangrand,8
gocatsnu,70
IraMillington,7
jerrynkongolo,69
Supergoku109,80
mapo80,66
OrPerets,6
darrenreynolds,2
estebangveltia,48
auditandprofit,62
TofaJede,50
rednebmas,106
louwers,10
RbnGlz,11
LJGardiner,15
ke4roh,42
Bbnesheim,199
hendrism,151
matiasmartineza,37
Ezzeorazi,33
Habitya,39
Ganso,39
arturos8617,11
andoriyu,189
chtapodi,116
krishna-india,5
Pokhilenko,10
hansa,60
Ivan55pre,9
MouctarBa,14
dorko-dorkus,102
petiheo,9
Ruphxs,1
syahrullrmdhn,7
sebastian-laines,5
ghackev,8
VladimirIstomin,20
rando1211,1
kazuhideoki,50
bsod2b,6
franvergara66,44
d-r-e,3
jpl-holmium,1
mcdorians,12
helix4u,140
Frankiey,38
RwdRo,23
froggyNews,40
juliocanelon,40
kuro1221,7
stranske,515
jensroth-git,1
ritsctpl,5
pattty847,17
777Cyril,38
Hectorg0827,14
79B0Y,30
Azraeel,3
necony286,24
viktor-shcherb,50
gyanbhambhani,1
igorhvr,2
maxjenius,184
bkoprivica,20
Larchu4711,2
robertpalazzini,10
Na-Okamoto,3
ivolabbe,57
jackemcpherson,5
djav1985,279
akumansley,51
talkingdeer12,37
marczeng,6
vutran1710,2
Navin0007,3
Divyarajsinhsolanki,220
joffrey7486,38
liormedan,26
locosd123,3
nawteeh-8,12
hanbin2007,18
karudo,16
diogocorreia98,84
homershie,11
Merimok,45
GuiHeinrichs,19
melionel,13
kaizen403,14
njdaniel,60
kevinskey,61
jremillard,122
Olivetr33,81
ThatHunky,61
sahilmathur254,4
Ggalvan2712,12
laibniz,8
Artbeatcap,66
0xLeif,9
gutovolcom,8
Jali04,1
tgarram,2
JJ-Data,6
lynnswap,158
ngocnguyenluu-grabtaxi,14
Zoney,15
0xeb,2
markus41,157
iLevyTate,15
DYT-Flyer,26
do0405,25
NxtGenLegend,1
sunnypatneedi,5
leonvking0,18
aditissigh24,25
LordPixma,50
ajmoore143,4
VsevolodSynytskyi,5
monty23monty,9
baranemreturkmen,10
phantom0004,25
soader98HG,30
pskelton0330,54
PBL-gatech,8
valbiten,17
Veyharaquino,1
vladpolewoi,3
Patvscode,3
imurashka,1
MargenLabs,1
naddeok96,62
GlacierEQ,47
BalSla,14
ktalmage,1
dannybellieveit,32
Chemiseblanc,103
quasaresstudio,3
jurzik,60
Pinstack,33
chris-t-fernando,28
Eggscantfly,3
Cruzadera,3
micmer-git,46
Eppie,16
gihary,79
PapaBear1981,45
alimjanqadir,63
LebToki,47
tomquist,21
davidkennedydev,5
IcHiGo-KuRoSaKiI,32
anaclumos,27
DeveloperNoShinigami,34
kevin4dhd,4
andrewdkennedy1,9
shvecht,11
golgothr,27
silasmendes,84
CaritasHub,23
Krishna-bellamkonda,6
PenguinX01,153
prxt6529,23
fercalderonok,1
BlakCake,3
JPA31000,65
nexla-ia,42
tecknomancien,26
eithannak29,2
rcliao,34
adityasurendran,4
adamamer20,8
oucheriflounis,17
theubie,50
i-wild,7
matheushenw,2
josuecharls,1
AlfredBr,4
gekkedev,2
1Bnja,10
ricardo375,1
manrajidevi91,48
Ericzin23,18
KL2189,1
PKrokosz,137
anatamien,16
faciam-dev,21
XplorodoX,72
aljazfrancic,12
1karthikmohan,22
fixlair,30
jaxs-ribs,69
simongrossi,63
benjaminbruch,4
MitchelldeVrees,11
Dragonus76,2
MaXincs28,6
svillasegovia,1
weber8thomas,11
ddddeadispose,1
katleho-mokhele-iu,1
Shengguang-Zhou,4
shazy91,24
explicit09,103
jalagon,42
aymghorbel,1
SvennaN,4
michaelmagan,7
Invisi0nvisuals,21
DogukanUrker,10
FabledSky,4
Mootwar,2
jon9314,86
Wilzard95,12
jonasry,8
Peoplecreai,82
rgomids,87
radhanama,86
jzhang17,64
Headcrab,4
RedCommand,1
Drill23,1
jbooz1,6
brayniac,15
BrianLeishman,29
jramir7254,56
lurchyy,7
LuckyEnough2Play,31
horozco,5
disler,7
filipsmet,7
robertmartin8,8
ripred,39
alexyanchag,48
mewmix,43
GooGuJiang,4
Linhares015,16
0xmts,10
bLichtenbelt,4
Tiagobuzzz,236
wlsdks,30
AshrafRezk,22
ahmeterdemserceoglu,2
chandrasekaran-group,11
larjfut,57
EvansKizito,14
Nlckkk,1
smartpunter,103
michaelverwaayen,39
UncleBumb0,1
tvendov,7
soyFelixBarros,28
joelachance,11
mykcryptodev,133
aidanshalish,7
MikeJunchiMa,3
basememara,29
mronlykeng,1
TaraJura,1
wessamfathi,5
nreymundo,2
Darkstar420,32
Tomguerine,57
jeffrichley,1
74th,13
LucsL0pes,19
Bora-Oenal,1
frankTheTank72,17
er-nikhil-prasad,2
surangasa,2
blackyblack,35
sarthakdas,30
roblanc,16
shumanbasnet,9
Viterbo,48
KaraAliOsman,7
mamadusamadev,4
victor-soeiro,2
freshlogic,8
marktoda,143
ascobyth,20
koolamusic,6
lucasadilla,27
crflanigan,113
robo-sapien-lab,3
loredous,3
cnye36,6
fernandoENARM,69
jrajasekera,14
martonpaulo,60
JonathanG0m3z,9
Nicop469,44
jourdian,1
virtuehearts,36
kyledrobinson,2
prathamkuril,24
bruno-fernandes18,62
Adityarajsingh2904,234
adushdsauc,37
adamabdelhamed,36
dariocast,2
GSkuza,4
AIGBR,27
theonlybird,9
childishweb,3
ItaJuDev,1
willismax,2
alipe1998,4
joykler,5
Sarathchandrrra,43
eugeniop,24
chammam-houssem,10
noahie-valk,1
JoostPeters106,25
TechyBen,32
nolanblew,4
emilykelt,1
Programming010-cpu,1
Weaam87,11
MishiRevenant,19
math227v,4
santiagomunera0,2
MariazelHdez,10
Zelcus,18
snydersaurus,4
roshank8s,47
SnowballSH,20
PatrickKalkman,2
rawbyne,8
Thebullfighter9,10
wasatchwiredUT,7
ahumadamob,43
T24085,32
lopsgabriel,6
vitorazevedop7,9
Al-Haqbani,3
bberki,44
senthamizhanR,1
crispy0024,67
CryptoAffiliate187,2
aaronbergfeld,6
d-a-s-h-o,8
TheDiegoNG,30
trturino,1
dabaja245,1
DevArv,9
SabrinaMarkon,1
doganozturk,8
forbes3100,8
jbone3311,4
anujverma-eng,6
Aristoddle,9
ljfica,40
akey098,3
kaan84k,71
zeryabkhan91,1
Spacenaut47,5
cryptolivak,2
amalinkovskiy,1
JiaTsao,7
jcollins5513,26
ericlazer,7
RichSsa24,5
AlexSchroder3798,9
shrivatsatrivedi,3
laydros,44
arabila,15
toddllm,7
albertomtferreira,19
HelloEnkio,73
azyobuzin,3
pablozamit,96
marspengexdell,157
sim0wastaken,3
jurdabos,8
FrancescoR98,4
Nicolas2119,6
AdrienTheDon,12
pankyka,15
koala73,10
abazzur,1
apcurtiss,9
grischard,52
jcabralneto,2
silbaram,2
shiziksama,9
masato-ikegawa,24
Lachlan2252,45
NeonN3mesis,9
essentiagestao,60
chazgiese,4
poentakeru,3
Azarem,23
AnnChangSal,1
piyushrathore94,2
dfinson,3
djcorrea,100
3ncriptado,26
mgrisme,1
EveryToolAsHammer,7
johnlindquist,18
zywilliamli,9
gavinw2143,26
FlorianSchnitzhofer,2
Technikhighknee,48
wfukatsu,2
BenHohenheim,15
ChaLyn03,2
rfrankspk,63
Eddie-CS,35
Dragomitch,21
absolemlee,29
miomelliot,6
RicardoRR29,167
JoongWonSeo,5
Jorgerrs,2
kmacpher67,4
jss-oai,1
AlexeyPevz,40
stemonti90,8
trillzglobal,24
yizunwong,36
jbrinkw,23
julianmoder,4
ogarcia-tech,42
tataNinja,3
DANeoOfSympnoia,44
siddarth16,14
cristiandouce,3
pbollineni04,2
VladGaranovskyi,1
harrychaklader,2
Rafaelhajjar,6
varunisrani,9
Yumansalam,3
sallmard,5
jm1200,2
Raulonastool,14
hufeli,32
colincano20,6
arikchakma,1
mertsurucu,1
klauern,5
AbrarUS,2
Rrh1999,14
TFMV,84
e065728,54
avalero,8
osmanscam,3
rizwankce,7
Kudrixon,2
DynhoROLF,4
zu3st,1
Sottti,39
rubensolano2,2
BlestroKain,36
Kitenite,30
WutIsHummus,3
learnin,1
BrianHung,33
hubchakm,7
s4herp,1
ibooga,52
aiforhumans,47
rachavz,4
HU-Bro,10
igorricardo20,1
Jeymz,37
14eKake,44
mitchfields,1
aouees,11
roclee2692,22
Gonzml1,8
MaximiliumM,13
AdamouB,11
climbedtower,12
TobiFoxx,2
StefDo-lab,5
lennartkaden,19
yiozeeyoung,3
blabond,7
DoktorBog,61
CodeBlackwell,4
joshbrodeur,25
Nishijima-Shunji,25
mpperez3,3
mule,6
basscoll,1
marino1979,1
Johnygood27,7
brw567,72
DraghontAutomate,6
HarmonyAI3260,10
vicdotdevelop,13
ernop,46
MaxwellCalkin,15
GAMINpanda,1
Artilleryjoe,25
JordanMec,42
wrgr,134
DetectiveToaster,53
JordanCarden,31
ferlicio,50
kofifi,31
lanematt22,6
leahcalor,1
mahodesin,8
JakefromSparr,101
stablehuman-ai,3
elliptic1,33
myspc-development,10
ManojBalaji3001,1
kiqrojas,2
EZpete002,1
kevin-biot,22
carlrissian,29
Mugen-Houyou,25
Hyunkeun192,2
raovamsikrishnach,4
crbu287,1
GerritRoska,4
Jakende,25
PyTorDev,4
shrinitbabel,2
dasjoms,89
adrianflores2,15
RickIsNotMyRealName,35
snehjp2,8
vvechkanov,3
cm-collins,7
bwhurd,68
DigiRoninCollective,73
bbenz,3
BerkanG2144,35
johnswaffles,10
hillelkingqt,53
MORIHIKO-Mizuno,3
TheJacobFornal,9
mohamedtanna,61
kemeny,8
banghuynh999,1
jojoCan94,2
Nitish05,3
NGGTLightKeeper,13
IvanCampos,35
Ofear,10
mizukifujikawa-ciccc,16
akkayasoft,2
T-vaccari,12
pdakshesh35,22
matchzimmerman,13
h0ssein2011,1
xwang-otterai,1
RT64582,1
kaopancha,1
DukeManh,9
lemmyhemmingway,20
krumplipuska,17
andrew2630,39
usanari-tech,3
Tavernari,2
Artur-,5
manhtranduy,6
ExploRide,99
Stephen-At-Nutbrown-Software-Limited,8
phfabulous,6
MoronesR,1
rbjarnason,199
thumer,74
4erdenko,21
ohmsl,1
ajdorfman93,20
Anderson413366,12
joaquinSc00,5
adrixair,2
Spender94,4
most2025-try,1
Najma-Collective,6
Rohithzr,3
ssyan110,2
splinesreticulating,36
devburak,21
kwgws,6
ErikSteiner,1
Kadek,5
odonnellryan,10
ilyoung210,5
Rinat-Hinase,2
fredcredeur,22
lucadonnoh,5
Bethelss,3
OpenSourceEverything,5
SebastianRamirez-16,2
richiemcilroy,26
doncornelius01,2
opauloh,15
yohei-kobashi,8
WonilH,22
x-amz,9
xenral,3
neoques2,23
bakersss93,45
DavidSchroschk,6
ashenashen1999,4
aliphamjah,8
teamuVIJAY,4
zxTyphoon,3
Terrence322,2
RbotJ,5
danielcamposramos,24
Manuemprende,2
marc0cl,78
Hosea-MP,7
VictorNzai,6
vladprrs,31
Flint285,13
applefi87,5
ScMpw,85
mikecastrodemaria,6
RajAleti,2
itprodirect,52
gabrielschoenardie,10
Devonav,2
humaidq,9
To234M,3
pugplayzYT,2
Dj-Codeman,33
thinnerpapper,2
andreiionutdamian,1
nijataliyev7,6
davidzamora9aSyC,21
iamvisheshsrivastava,9
dillon-plummer,42
ValarMelkor,17
dev-saifar,10
neuronishad,32
Jacobsmedia,23
FumiYoshida,1
randykern,47
flabwick,6
Aishgadol,11
yannPGT,14
turboolence,7
Ateeq-afk,76
nongio,2
Neman-Mirzazade-1996,2
fmehdipur,1
recozilla,1
barrettathome,2
feniuspw,6
Lukas132ss,11
zezudoo,4
kottoization,47
byTonho,12
fabriciosenadev,5
naveedanwarbhatti,37
scarryhott,27
MaciejNET,38
noelivanperez,34
minami110,7
Adesina08,44
macpiek,21
mcruzel,16
LiorKirshner,4
ncasola,2
jeonghoonkang,32
NemesisWasAlienToo,2
gustavodrager,11
mrlocalskone,6
ftenorioinkluziva,10
kihw,20
gumdropsmo22,10
Mousallam,12
vinicius00franco,29
Rebornagency,12
david-slimp,6
zionkv,8
alexandru-savinov,50
Hiroto555,5
sabino,13
larock22,19
Aldo140,3
mattiasw,2
rbonestell,23
AmbitiousRealism2025,29
artwist-polyakov,41
scherenhaenden,10
guarzo,1
IgorkotYT,3
tianzhou,5
ribalba,6
gitjim97,6
diecoscai,3
imk0512,14
wwood,6
zsembek,2
Jason-TsangGL,3
dyllun,6
daniel-stilman,134
naiso1,19
stymrj,3
zrides,1
Fechomap,3
vishwasbabu,9
CzsGit,2
ChristophRettinger,31
maggithunpawat,2
Leyangf,4
ficu71,2
jrosenfeld13,1
ndisalvio3,12
jakelindsay,2
sniting,42
grantspeelman,5
BenCaunt,28
Erikplacido,12
guiriki,1
jaeyoung9,1
juampibastias,2
pabloInaipil,3
TheFellow,24
ianmos01,45
tzhangmc,7
maxirmx,176
mintjams-bot,16
Turbo503,19
fabajr,16
returnvalue,22
JingtianWu,29
ag7dev,28
nguyenvanduocit,18
lawwu,4
eshchhura,27
mwigen,36
theodore221,21
Mohammed-Hamd,14
Jeddy939,117
MeshVSC,17
rafaport23,10
rnik23,9
jakeyr,17
sisyga,46
agluszak,14
henneber,4
Rio-Lv,34
Lewarn00,6
DimWebDev,29
HyperfocuSam,1
AdityaM-XR,3
OnionBryan,25
kanniget,89
Dmytro-Gidl,9
David-Vaverka,1
DanielJSimons,21
julienalofs,12
Dmpecci,13
gregiteen,3
ndocolas,1
xiexievpn,2
twisti-dev,11
ElanSouzaa,8
thegoatfuture,97
KLFD9,12
michaelofengend,19
Perl72,69
cirilo89,15
Leothllz,2
lepic974,1
nodesman,77
mtomlak,12
pondashicom,4
volundmush,4
demchenkoalex,4
MaaxGr,5
matotubol,4
CX330Blake,8
Jordan-Leis,2
mzcs84Jj,11
cskcvarma,14
WarLord90,1
JoFin89,1
stivluc,8
Ajith-82,14
zellard1,1
HoulaBola,5
sarangshahane,2
PferdeWert,6
verdude,5
Chromeninja,8
meteosimaji,102
CheHyeonYeong,11
MRoie,12
PythonButcher,18
kinnor,14
gregdchan,6
Udonburo,11
Hearth111,82
Benjamin-Hogan,16
JeremGamingYT,41
soaresdude,1
joebailey26,36
RobertDragota,80
shuanz,1
gonzalojcorrea,3
codeengine,2
Satalis,30
berkdatascience,2
aluxey,6
luucasthome,1
NindeYradiel,4
ElegAlex,30
andrewgeorge47,8
SangYoupLee,4
osterman,12
dolvera9645,1
nialljmiller,30
eseungh,53
ggrighi15,11
fegusta,2
safe-party,9
bancalari404,15
lwp853,10
Artew-spec,17
LafyOjo,113
minato7namikazi,2
nathom,4
Galgr90,1
SociopathEliot,19
mrhouse-cmyk,25
SharkWipf,18
dagurbj,3
FimaCodit,4
clementirocco,1
JonasAlonso,10
pixelg,6
Rlin1027,2
ernestcr,2
znanfelt,12
Datapyaddict,1
santos-sanz,9
subhobrata,15
shivmay90,4
kpayakv2,14
allmightychaos,15
dantetesta,1
laubonghaudoi,3
thedoctorjtd,20
Lopalp,2
mikeprivette,29
PawanAgarwal,20
magnussolution,1
USM-Wolffe,3
TheNabu222,16
Alfawyse,4
TmomoCoda,39
Saranga99,2
fakay96,7
sankalpsthakur,19
TheShrubMaster,4
joost-van-schie,1
Pimgdsapprentice,1
hgeorgiev90,1
QuiqueCrespo,33
ford-at-home,18
Welexon,7
AlejandroDominguesCR,2
Oktay-Bey,2
jasminenoack,20
MDelmont,11
LoftyTowers,4
MichelAlforis,9
illepidus,4
MiLattanzio,12
Gajumaru314159,8
ifoundaim,21
mmm1008fm,32
bushidocodes,46
DarrenLeeTW,2
neokatalyst,6
drybrine,2
sahibkhokhar,3
Julianquin,4
gerenski,6
ApplicationMetierSurMesure,2
PierreGatschine,2
jhonHA2901,2
VictorMeneses77,1
MarcelineVQ,1
devmarkru,13
rajeevk022,42
IhanMo18,40
Stauber-Justin,31
kyakko,4
0x41gawor,3
miemasa,12
Juaini00,1
Ian-Reitsma,5
cehrett,15
husainasfak,8
ivanyshevich,7
cromosombra,4
Mossy1022,23
marsninja,92
quinnovator,27
ShadewG,13
Andyyesiyu,2
Peterfish,3
amaiurmilla,27
RasoulUnlimited,8
tely-wow,2
khaeransori,3
Posnet,25
davidschoi,9
thorstenhornung1,3
EmielEDW,4
TFBTTC,2
milkshakegum,1
dalonng,1
saitoomituru,9
tone-malone,5
AlexTs10,1
haukj,18
dcfernandes,2
d510a,10
byunggilljoe,2
jacknocode,6
susanto135,3
Thailee2710,2
Thangle2108,20
Joaoluisalmeida1,4
HKGx,4
Danila-Kovalenko,3
DJGRIMES,14
RayhanLauzzadani,1
jsswp2004,35
KleinebergTim,1
omrigonen2,1
mhendzel2,11
riyazahuja,5
Maubic,2
THE07s,3
Sosakpanha,19
Trivaris,2
arjith,36
sarpbilgic,15
BjornICNilsson,4
akbarbuneri,5
vbalashi,14
Phineas1500,3
alexhedstrom,7
mrbright09,1
fhuszti,54
docdyhr,5
Themehul14,4
RomanWebZ,2
RoaminS,10
Inexplicable-YL,15
fabioschorn,1
aakar-007,4
zxweed,1
Macha1234,4
iim0663418,6
adityabhutada,40
GhostTyper,9
vmascotte,47
JuanMCastelo,33
supportefy-dev,30
crh,9
Starverz,2
hun-park,3
ABISHEK-RAJ-AP,1
hari-init,7
Hatscot,13
51Studio1,2
suppas55,4
ivnamo,8
BurntFrost,36
ViPerson95,2
FerroThesis,8
arneSchool,4
msbCyricTohoku,25
OJII3,1
imodoye94,5
itzdenki,9
iliyatr20032003,17
Cutter2o7,27
chrisdemonxxx,19
CodeFractal,16
itsbryanman,12
JoseCToscano,5
sh4869221b,35
suranig,113
AlbanoR10,6
aporb,2
loganmaxwell,18
Frusumi,2
LKSchwartz95,22
lurus92,17
snajpa,1
clarkio,10
rebbort,41
TurbulentRice,1
CarstenHennig,3
jpfroud,2
YumasHanko,1
c1982,1
karthickworkspace,2
TheMLGBros,57
leddd,8
Yoddikko,12
ssaket,8
thesofakillers,5
Jadhielv,9
jrucho,13
jbirchohio,69
AdhamHashish2003,5
takaki-sakamoto-g1359402,28
valentinhenkel,9
Mch0,3
Seanweazy,6
theo2612,2
mrocajr,1
Nihal192,4
masasron,2
Laerke259,1
ivan-meer,9
madink-frank,1
joesatriani10,9
markwuensche,5
NiixoZ,1
jpcardozx,2
Ph0en1XXX,2
drquicksilver,22
wasiqbarat,6
Milann121,33
devexsolutions,25
appledelhi99,2
GrahamPaasch,41
bale2manos,7
Mousa-techtroll,2
Qenawi,29
camUrban,3
simplegs,3
12Matt3r,3
supercreative-ben,2
mattislub,39
Marci0309,5
gilad-tsur,4
ashu-code-alt,1
aguss101,2
MarcoRudolph,7
Memorydrawing,13
adrienbelanger,22
cbejar93,4
pauleone,41
Zheckan,6
MrFoxCride,43
alexkunin,9
Rockgithuv,4
mpalmero197,3
vncntprvst,10
cristh18,4
Splaticus,4
jairsl2206,15
jacobpanov,17
mercslexus2000,1
QuenumGerald,17
Goodamur,1
cesclc,13
pdennis33,1
deathgripdez,2
samuadda,1
Jigarvavadia379,2
TomHowes,9
cristiansam29,8
sean-mobeus,6
ProMasoud,4
yasin-rn,1
pageza,37
alex-nikitin-dev,26
NPascu6,49
msamunetogetoge,13
novikor,2
tetsu0123,16
ahmedsaid47,6
Jurafiala,5
GSicanica,8
iustinlozinca,8
ianphil,2
shugi12345,19
carlosfuentesp,10
fOO223Fr,4
andriivasylenkoml,5
mvshmakov,11
Tajali1050,22
FarestoBakr,1
leolech14,6
brainer3220,19
kettlerunner,8
diasoft81,3
cpu624049,1
dheeraj-chakilam,10
vicvictor-bblab,7
zeddq,5
Linaida,1
Ampere92,11
petermardyrosian,5
ipa-vsp,11
BubbleGumPopz,23
tglauner,3
idonotwanttosay,6
rollingstorms,8
u-keiya,2
joejimenez-lab,1
Kaljurand,71
scottwf,11
draganmpls,15
Halmurat-Uyghur,8
programagor,11
funtech64,9
statix73,5
Hassen-BENNOUR,10
rbnpontes,10
herajda,39
Federolla12,17
sarsdin,4
aadityathegreat,1
SaurabhScripts,36
codigojr,2
Pingu000,10
misterbuckley,9
permissionsMF,5
Marcinr1984,5
DirkSchlossmacher,3
jnsdls,10
Bearwithme2,40
Zarlax-01,7
Reonarudo,7
spirosdimop,3
cgrdavies,6
sakshambedi,16
bernstein1,55
PedroDiniz93,1
shnayder,10
buchmiet,3
13alvone,81
hewcjr,7
RyotaAbe1014,11
ms0ur,5
turhe123,5
ShrihariMohan,10
mehaseeburrehman,8
andreas-u,56
williott8411,1
Happykiller,17
docker-dot,1
Soncity2,1
fluetke,2
sidereomundi,20
NathanDMT,1
AliDevel,5
SHW012,6
summer-want-sushi,17
SkyLostTR,30
VitaliySkopetskiy,2
Huleinpylo,20
bozelosp,119
kennyfrc,4
parkerjbeard,14
sutyum,46
leo4life2,4
000qhrey,2
skalingclouds,9
rakansens,93
davisengeler,59
Connectslide121,9
ajoeofalltrades,8
LucaM00,2
MyrtilleIce,15
ok7dmo,11
AhmadAlShadid,1
Ximtecs,4
TheophaneGregoir,10
Rampageplz,16
LimaVM,15
Apacz,57
Ariochito,14
JordanOBL,11
AhmetYasarKaplan,2
mvilanova,8
maximilize,1
rohanreddymelachervu,1
aa-prashant,7
Venneqz,17
MarcusHSmith,10
Damecek,29
daniablag,16
ChoJiaHong,44
DrAbakarov05,2
LeJasmin,3
Theocat321,7
abdulrhman3657,12
CiscoPrime,43
DevOpsIzvrashuga2005,7
mstf-celik,1
CodeWithHitesh,17
krpraveen0,10
asbl,1
sabinevidal,3
coutinhogui,1
jemmerichs,1
Robrie01,3
MElbeshti,1
tomisee,1
Haywayaheadshot,1
DeveloperWaybee,1
adam-dorin,21
Floriaen,3
TangQi001,4
tbutikofer,9
MSavameri,3
timothydorsa,4
jongbokhi,3
0561joni,15
samroman3,2
ssorre,1
sleeping-h,8
tylermalin,1
MuffyOne,6
arcatdmz,15
marcorusc,4
anudeepadi,5
Bohdan64,2
badtuxx,7
tszhong0411,1
projectsoftware380,24
agumabanks,38
linconvidal,1
HEITORHOG1,14
orydonn,14
RepKuririn,1
ConorTheCoder,3
NotAwar,11
Nullgrimoire,7
timamz,1
isildakmurat,4
TakoCheung,2
micheg,1
paulcureu,11
findusl,2
jasonpompon,1
MLidstrom,5
ehunck,20
lee7198,7
ryuji-konishi,5
fault2000,1
wjkennedy,19
eriklacson,8
marcomelloni,15
JonanHarrewijn,16
daxovi,14
hanc2006,12
ajmwegman,17
mogchin,16
nhopDV,6
Anderson-Soares-Martins,2
soodoku,27
ernestoruiz89,9
MatChat93,1
zhanghui026,2
alexsanchezmx,1
ayostepht,8
KnotFalse,27
manabeai,2
daveiainadams,13
FrankenCoding,1
sanowl,3
oliverlleo,3
Aguz-7,3
lilfvchx,5
AnonGhostID,7
ghorpadeire,3
DarkBoow,15
createdbyevan,2
0x01001011,4
nitin7777,15
tonkraft,4
TobiasSchulte,4
krunal202,5
MLGShimadaYasuo,1
niksingh1510,2
Prioe,1
shashank-kalluri,2
mahmoud-hmra-dev,16
perfektnacht,21
DenNagorniy,27
Jacob-PO,17
dinu199,13
yalcinme,2
vincentkoc,5
chadlangston,7
cmohite,2
leyuwei,5
soonduck-dreams,11
dokhova,2
chaudharykiran,10
crites,3
nate-d-olson,73
yousef287,6
krshrimali,18
meetpandya4715,3
DavidKimDY,13
trungpq2711,2
alex-lairan,5
yyyutakaaa,4
tesso57,11
victorraguin,7
majado2,1
rpoole444,53
enigmazero-net,18
takadora0102,39
saiteja215,8
Znephf,7
aceonaceon,1
M-Tameem,11
raulgsampaio,3
FedericoParente,9
Kokoabassplayer,15
TheStarkster,4
LukasMoudry,1
werserk,4
Tanguy-YAO,2
tatyquebralayout,1
pranaysuyash,53
faiz-lab,7
aviad12g,5
altuncompute,2
mgaac,2
sndyuk,20
Ievenes,13
lueurxax,11
eubertos,8
shelarsujit,12
AyalewGM,15
piercetopp,16
nailo2c,3
g4mm4p4nd4,38
whiteRoses78,1
tarekst,3
TimInTech,7
Andriotis-Dimitris,4
ho1lee,2
smaltsphone,7
RealChrisSean,7
AtlasCargo,6
lsorber,1
wsicks,4
water-vapor,38
bigbricey,2
joe002,2
akshrcompany,1
ShaRefOh,4
rohanod,7
aletell,5
nirzaf,3
n0elj,1
Achder,1
picsyy,6
Lurpassarn,26
ashooner,5
fischcheng,1
chmouel,7
mrgloeckchen,5
marcelorossini,5
famake,25
amauryannoye,1
AndyReischling,2
shanglimin-dl,2
notOrrytrout,1
jaspnas,10
jevenson76,2
yrouille,17
EEDS5,28
aihimmel,1
JuanPabloMorgade,5
Olympianthunder,15
PLyons,4
timotada,16
nicunursekatie,12
BoDu4ka,1
NeelRoshania,1
cugu,7
nboyers,10
andr04762,57
osuthorpe,1
CooperKang,3
zephisti,5
Nadeem22,3
dazzatronus,1
VictorVigara,1
moonduming,6
VeyDlin,3
TortoiseHam,20
daveshap,5
ChaniG9x,1
charlesrzf,5
Yan-Bolmelcer,5
sridhar,1
thinpo,1
andreascaudo,1
ivo-gavran,8
grankko,5
CelsoBlackfyre,1
hichnicksemen,11
rjsmith25,1
philipdonaldhitchcockstilwell,6
jiowchern,1
ao-ying,1
moseskbalunywa,1
phadtrapong,1
DMontgomery40,6
LeomarLinhares,2
pushpalroy,24
Lhagvaa1m,20
t100ta,7
dfct,1
Jam-Nibi,1
JulianKropp,2
SpeedingNeutrino,2
joshyjoshj,1
AppDevMasters,12
parasdhoon,2
adrieniisc,11
jasrasr,2
ceuk,5
gshiva,43
ConvenientWoodworking,22
msaad02,2
bikram-sahu,2
BruzWrld,1
1misadb,19
heyharmon,41
ridialtech,11
LtSnail,3
cosmopax,11
sni10,17
jdospina,16
thunderbird-esq,8
DarkTask,2
Yasucana,9
roink,19
mbrg,45
santif,10
bnishit,15
DotanVG,13
Abdulsayedd,5
frankxue831,7
ahmetguner74,7
abhiz123,1
hsingh23,46
ademyl1,1
uitanmaciel,5
lukehemmin,2
jcd3dr,31
0xMorpheusZAR,3
MachineKomi,1
Pixelbark,2
richarddavis,29
AllanYiin,16
Dealwen,1
tasmulaevasan,3
animeing,5
Maneok,9
Rrtk2,25
robsonlc,14
Sebkovacs,4
itsuki-jp,7
codinglabsong,4
tadpole256,9
conorod1992,9
WeiChanHo,1
Witfang84,1
mavericks-app,45
danielpaul,20
amelierosalyn,1
leobv,3
yanglianglu,11
lfelipeapo,6
kylezhao101,4
OzlevyQ,1
DeChrist,1
wrut,1
zebkane,1
its-me-anoop,14
LeePaulison,6
xfrr,4
akash-v888,2
ottohahn,4
hasip-timurtas,3
Joe20040102,1
ChengChen1113,5
yigitcomez,11
trindadeptr,3
Lykhoyda,1
XCR-hub,19
narendrans,7
SitiNurul24,3
keverupp,6
julio1703,24
larsfroelich,59
Saugjunkie2,12
gazati,7
YeongJun-Jeon,12
danbigma,10
bondada-a,7
blondegogh,1
aragaoi,6
ImMohammad20000,10
danielrjackson,10
prabhask5,1
estkungzc,6
mxanalytics,18
MrRobert91,8
Tlse790,1
ShiboSoftwareDev,22
darinav,6
ColinHuelsbusch,6
shamykyzer,16
TheAIFellow,1
babakrahimi,3
blairjordan,1
rt-wang,1
LucianBuzzo,11
vik-borisov,24
tysongreenan,20
s-sridharan,5
danielweinmann,68
SachAI2024,3
mitschabaude,9
Perdidu,3
sorinilies,1
matthieuD01,4
muzakkirhussain011,2
jeisfeld,19
ClarktheDarkShark,3
NickBlow,6
fuisl,16
CPernet,8
CatRabbitBear,29
xgeoff,1
fdshg693,2
notboringentertainment,1
bolivaralencastro,38
tarunt12,2
mbracher,5
broccolirob,5
arbordreams,1
trizzle2011,8
joelaniol,37
curcio,15
mosbutovo,1
watkiada,5
pablomartinezcode,3
masterzoidberg,20
cesarverapy,7
GuikiPT,23
ffrankan,2
joelgog,1
tmalsdorf,2
ufukty,1
nicknash,8
SonYk1993,1
firelandsinc,8
genels,2
blamouche,17
Hakibbumbus,6
antweiss,2
Myoujin,16
MaxPr1me,14
Essoz,5
abushaidislam,5
korayalagoz,2
richarms,7
Mogy1945,15
CarlosManuelRodr,7
dewolfe001,22
FlyingV111,10
PhamVanMinhHoang,3
ianisnotreal,7
Angellllna,1
arielhl1713,21
davidbzyk,1
maxinne-dev,1
JSuenram,1
ShaunTimmins,8
planess,1
igoyetche,2
cottopah,1
MCHammer-dotcom,8
maty77,3
Rexolt,8
jhonvendruscolo,2
z3emi,18
sarthakc123,1
remimarents,4
peterparnes,4
Justin200219,7
NameSolution,12
belkhelfamehdi,18
Hyperhelium,1
panchita15,2
Ahmed-AdelB,1
jbernard99,3
Ikaterin-ctrl,7
XIIIIIIIIIIIIIIIIIIIIIIIIIIIIIIIIIIIIIX,8
xXRem08Xx,4
Lucian-Light-Truth,14
ivangnecchi,1
Gelex-Electric,8
ogurbych,17
joelsolaeche,2
petrusnog,2
luisdiher22,19
Aley133,13
DeliciousHouse,7
LeanBaier,3
estevaoeller,19
ChahelNerusu,1
fromkk,11
hvkshetry,7
abdullo12,3
IgorShadurin,18
HujikoSan,2
denmette,4
rovivi,15
KyushuPanda,1
Yana023,7
rolesucsd,5
helkhour,4
netanel57,6
mbthompson,10
disikk,50
gitlabzz,71
UndeadSmiley,22
singo3,15
Lucho500,20
Jordiag,35
jaimehenao8126,20
ddemott,4
GilmorHappy,6
trafaon,3
FreddyChT,9
TheAlvinChiu,10
zakariapast,3
SE-Josh,3
Elsyvien,15
ngthiagpgp,2
SissiFeng,3
Act-it24,16
Intrifix,3
ifirmos,2
adamlonsdale,6
IlyaGrshin,3
whaagmans,3
GuustDel,1
clausvende,37
gismogiss,4
tilucasoli,3
tony90954,1
codes4free,3
amramsey,2
arespawn,7
ameya44,2
Reecesophoc,17
tomo4489,2
llbeanslipper,1
Jeks042,6
tg-prplx,4
WillyAmmm,47
Arrowpowercod,2
husen211,1
BusinessBotss,4
manvir016,1
xXValhallaCoderXx,1
zekenewsom,7
acousland,12
James-McCombe,2
Ooliveiradev,2
mariaalineg,1
GASTAN-the-cat,1
mehranmo,7
Joelalbon,3
AlexGreason,13
TheLayman,22
klen,7
zeero,10
joandogo,1
deff1s,1
vbalab,6
gprimoli,4
vjurcutiu,10
coffinsyrup,6
AVS-hub,1
JayCui2002,2
Odinzov,20
cjflanagan,9
tm-robinson,43
Yafet1997,1
zzzsaft,31
E-ELMTALAB,32
YishenTu,6
tonikontinen,2
franco2355,12
HadockKali,3
Sportx666,26
fdlmhmd29,2
dingshijian,1
JulianStremel,2
dbt-bossert,1
iremmats,3
jasonsalem2002,1
jasonwragg,8
raahulrahl,4
LawJarp-A,1
juanjosecas,5
tehnonaut,4
ardywibowo,8
hsmesut,1
nullchinchilla,34
thiagozs,1
PericoMar,1
GoldenBrask,16
rshermans,5
refinery1,16
dangelo,4
supervitek,18
yukukotani,9
alfredomoraleja,5
Zbedd,1
ImANoob1122,8
marikt,1
martinabruni,1
auriti-web-design,24
hjorthjort,2
erfanakbari1,1
udaysudheer,2
kiddyeyo,45
take365,15
pksebben,2
G-structure,4
sutt,4
zkysar1,2
danecando,6
Adavidss,1
Netizine,3
kaanuluer,1
TianlongLiang,10
rikunz,2
egga22,5
JMHO-01,1
Jiwon-Kang0741,2
orthogonaltohumanity,8
saad584salman,18
moddog1025,4
TerminalTorture,4
TejasSoni1,1
farhanhussainleo,1
sebdrapier,4
overlor-d,5
PDS-DX,3
shubhankur,13
Studykeepyell,6
salapsid,13
arturl,2
WilsonVietnam,3
hadesloc,10
MagomedNalgiev,10
Mindeater,11
joaquin-freepik,3
dianabalt,6
shawn1Julius2,19
didier3529,17
MindBringer,6
Shalmoni,5
Telmanio-1,1
dcca122,7
valentinvieriu,5
Insutanto,5
Kelonio,2
przadka,4
ymajan,3
maxajbarlow,4
MoneyDoubler-Finance,10
flipsswitch,1
hetrixtools,8
aebibtech,2
rrh1441,26
calabozo,5
blixt,11
youni202,2
abbas31patlatan,3
leco-cit,23
mikerayo,1
pebaum,24
V0latix,2
venkateshgfx,1
HershelFordham,1
papirtiger,3
saientropy,3
adnanali287,18
Sne3P,11
juanma1604,1
myousuke,8
williamgki,23
omgawdmadeit1,2
zhenlan0426,3
YasinBulgani,6
gladden4work,6
AlexxNie,2
takaki719,6
Ruby-xm,2
loongy,7
zestor,16
sahuno,1
Saluana,8
solbus,16
H4L-MK4,1
CodeJonesW,5
arnelirobles,1
fredwang1012,4
jerrickwang,8
TobiHo,13
tduda3,7
pavswag,7
oyage,11
PotatoOfDoom,6
VerisimilitudeX,36
kneil31,5
TaeW81,4
FabioDani2295,2
cliche23,1
spaceC00kie,14
dbolser,15
kireal,2
captainnemo27,4
RoganovDA,2
peoczr2,16
dnlflores,54
JohnEngates,16
VanillaIceCube,3
anamwp,4
gimwachan-git,4
garyp6890,1
Rahuldrabit,5
lalashark,2
GabriellBarbosa,1
opsnlops,1
yujinnian402,1
Parzeval2,7
Panayiotisch,3
bradmonk,6
MrRobotCodes,1
KevinRyans,2
maksgithub,3
nilsreichardt,3
matviimykhailichenko,10
virgilsantai,2
AInohogosya,9
julio-supervisor,5
ephraimm,1
davidphong,2
PiPlusTheta,1
Yovelgabay,18
dasein108,1
beyondizm,1
Bloodwarrior,6
geeorgey,15
bottlenome,12
cesaregarza,30
dreweasland,7
Doggiedude1,7
Grivyzom,1
arturogj92,3
sMartz1,1
vlasceanudan,11
l0geshd,1
GaboLara998,1
ConTuCuota,41
nicoguyon,1
gopisainath1718,1
Amityst12,8
Ampharel,15
arduino43,2
alissonrdf,6
smsdev00,4
rajkumar-surana,2
celery94,1
MadGodNerevar,5
roko4370,3
Shamal119,13
Starlordpd233,2
helia94,9
victorpuello,12
cybertank378,3
Agonizingfool,5
JasonDeving,5
hacisimsek,3
aa9gj,7
JorgenMJobloop,1
ThomCM,4
contact1979,34
GuillemHR,18
devinat1,18
lasertown,5
rocko83,16
harveymoon,10
Stolenskiy,3
dtake-dtake,7
caseyg,2
delwerhossain,3
rajibrt,1
websupnl,2
oran75866,1
bluzeey,24
Seb17co,7
brandonhorner,1
owlcoding,8
dabrokezz,12
MarnixMeersman,6
iambriccardo,2
Get-bot,1
KarlaLamus,8
Prado2502,1
alan-pereira-meitech,2
Capi-nemoo,8
shrimp-games,1
embrisa,54
guigatrotta,8
MattSpace1,1
z3rotto,19
lin1shu,6
akashmore,5
wilbert,3
cebarker1000,6
mohamadali-halwani,6
hoang1909,2
idearik,2
zeropoet,5
puyopop,2
louis-guidez,61
jdpolicano,4
dayne-2stacks,9
Malek452,5
whadesb,39
Winter-panda,2
yvesschutter,4
MatildePackham,1
nikoma,11
moemenhegazy,2
adamlin120,2
meligera,7
Ryo-cool,4
kGorze,6
smalley1992,3
az6ru,2
sahildahiya1302,8
deephbz,7
Adriamo1,57
guillaq,10
acoyfellow,24
ericfode,18
adamlevineagent,4
yaboyshades,17
MikeShatterwell,6
thierry-nzeutem,19
joicodev,4
ptrcko,2
desaibharat,2
pterkrsz,23
gomgomcode,7
gopal-gautam,4
Intrinsical-AI,10
saikirananumalla,4
n3d1117,5
ryan-devenish,1
77EnderGuy77,2
Andrehlb,3
PlayWithAgents,4
Thiiagodev,5
valentineus,4
MalinowskiDesigns,12
rsmedstad,22
zgrmrts,5
InTheNightRaider,2
china-mashina,27
Phippsy,22
diddypopdiddy,9
reeshogue22,2
zinojeng,1
Charbel-Azar,6
CultriX-Github,2
sjakaev,3
Vaathii,1
kirienko,4
twjackysu,5
DevoSeereeram,4
cristianmayco,10
laetificat,4
cesar-bravo-m,6
zageabb,10
guirofeoli,2
YHFTF,3
ecomhumg,1
eratner15,4
importly,13
chizhang9135,7
Vadiml1024,2
briancf1614,1
SelekhDavid,5
Malcolm1997,4
dgd-strategies,6
PerfectSync2,1
Drivers-Elite-ANLK,1
tonym,3
arogoat,1
JinZr,2
YahyaAalaila,7
anandan-bs,1
Travis-HA,6
charmz,18
jonathantiedchen,1
arnavgonella,21
joshorvis,2
rajivraghu,6
axis-351,9
vultuk,9
Yoshihiro4218,2
BH8GCJ,3
Ivan13Seg,1
EdmilsonSCCP,2
morgan7street,8
Shlawpers,5
rockmancuso,4
sasisid,2
Sabrualvarez,6
BardiaKhakpour,1
GoldenHvn,3
tiangreen,2
DrewDogComputers,6
1PraveenV,1
davouds,2
smartkinmu,20
CevinEichnau,2
Raju1998060745,8
camaderal,2
Juanchirobot,10
ControlNet,3
ys-rtianero,1
n-tsuchi,1
tsaoyu,1
Liyunfan1998,1
Max97436,2
sandersouza,14
icpclive,1
WaleA-Dev,1
finnpounds,1
EmiiFont,4
difikul,15
tz-openai,4
eparra,7
wesleyramos03,1
PMCash,1
eandrei,12
JeremyTheocharis,1
FrannRod,12
helenchen5165,1
Recongohan,1
pinakimishra95,1
vikasbnsl,2
mariomi,3
amirhb29,1
helenapaixao,21
ambikaAashi,3
jxshi,29
Stanislavsonder,2
James137137,3
tgreer812,10
concepcion12,22
nirankushp,13
n8behavior,13
aleky81,1
pablopez,9
Mateo508,1
Zigazou,1
SahibAbbas123,1
SlayerK15,4
ayushhasani2004,1
rrossa,5
mhtcode,1
aarmstrong78,15
R0bes,1
MahadParwaiz,1
scylla,14
munday-tech,7
joeysantana3,7
Luftalian,4
BranchManager69,1
Jaeho211,2
vikash,2
dokimiki,4
Francescolatorre,10
filipejunqueira,4
dczanik,1
edzhuang,1
luisignaciocc,1
thiagomendes,7
MihaiPMC,1
JohananCruz19,2
kafkapple,2
waka-man,6
Goekdeniz-Guelmez,2
Nico-Pastorino,3
dibend,44
anothernoise,5
Syuf1514,7
nischal690,4
cghsystems,9
laxmanjangley,2
AIenthiusiast,1
kitakun,11
Ethan8Uni,10
Michaelkvd,38
devaeterne,3
ozaneryavuz,8
alfredrose,7
EmreKarakelle,1
IgorPrieto,4
doodoodoong,5
Kampen0305,12
cyl-castillo,13
Hawzen,1
ingjae,1
feliipenevesnow,1
ecodelearn,1
viniggj2005,2
ARDev1161,12
Dimitri-Igoshev,2
BenCDA,5
olaekdahl,3
lvjian700,11
christopherkarani,5
formax68,9
xSakix,5
emeryntumba,1
HagaiHen,8
Aro753421,1
ajinkyagorad,5
ThePujol,4
abdoiucxz124,16
a88132100,1
jzwirtes,5
Bogdusik,15
romainmastro,2
ErnessOfficial,2
ldirer,2
trader-payne,6
borSof,2
amirebi9156,1
NicoEsp,2
DVitaliy,5
Goruge,1
Gliverson01,1
Takashiidobe,4
ITLelong,2
gabsports,9
tsubame323,1
haodaojr,4
MicroSwitchers,1
EAOE3,2
andyrew616,2
changsu-ha,4
aayambansal,2
AHorihuela,8
socragpt,13
occuriax1,4
edifice1989,6
ct3685,6
TusanHomichi,7
ChristDiaz,8
paulo-pvbn,4
8Krystof8,6
laszewskimariusz,7
christianlouis,3
davidschubert,5
ondrejsmetana,1
puckishbutter,1
lucemans,6
Jatti045,2
matheuspeterson01,1
HustleHarder86,30
bonelli,3
ys2GFyjd4dgit,5
re-jevi,1
sondernextdoor,7
ZaraLcy,1
this4you,1
Code-Crane,5
BambooFlower,5
Jumanja991xx,2
qayyum22,8
kyleostboe,10
i1rr,5
francoisthire,11
hakjunlee,17
snivJL,5
MethawiPhokhai,1
caleblloyd,6
juntunen-ai,2
steffenwilhelm0,1
reiple,1
pajetski,1
sylvanus4,1
dtaradaika,1
didiber,21
SingularityfForce,2
Genan1123,3
MisterVVP,9
AnaisCaroline,1
bliotti,2
nakamep,7
shuji0425,6
benernstbotha,1
olicarter,15
britt,7
ghiathkamel,2
Mangis14,3
ray-berg,5
trungkien1992,27
remiPra,2
samanakbarian,1
AlexV3900,2
Lejgi,5
noahbclarkson,3
tjacobs131,1
toufiqmusah,4
arjunascagnetto,2
WuChengbo-git,10
donni106,1
Biggsen,5
harinuthi77,3
davidepasquero,7
muralimittireddy,10
Coolo99,17
DiegoCM1,29
continuumNought,8
alexormx,9
jayscottaf,20
bradystroud,8
omis76,2
diegomarzaa,2
mghasemi5,1
Bodasaieswar,3
alamalhoda,1
speightb,1
Juan-Test01,1
deroest6,12
nightt5879,1
finepix,4
Tahawaztaken,2
tkostus,5
toptiergit,1
V0cr0mE,13
arquitetoitamar,5
ThomasPerez91,12
Rishabh-Kumar-Roy,1
riabayonaor1,3
rafacrt,2
superflyer11,2
techsapphire,1
RP565017,1
badrus123,2
Gossy485,4
FranchoSabe,24
namebogsecret,17
muharremosmantopakkaya,2
uanrak,21
Migzlink,2
aaron031291,1
Nadeem1179,7
bowlperson,2
ChroHarp,2
rc-ventura,12
deniz1978,2
rondoallaturka,2
polw1,20
duuongpx,1
patrickjaeger,5
lachlanwright,3
Bretwalda98,9
jrmorgan18,4
nthPerson,6
DevanshikaT,3
wirror8201,1
NickyBoi-Su,1
sluongng,1
hjjung-katech,6
HaasLuca,3
svengerhardt,10
simonbasler,1
lennartAlvin,6
zaneprall,3
IanSkelskey,1
Antineutrino-4444,5
hamoody347,1
madsdude,1
valentinaroj812,10
ShreyansJain04,5
nexisdev,2
Justinmartins,1
DavidIkechi,4
jpgomezm1,7
yaroslavyaroslav,3
revsmoke,13
SrCoelhoSH,3
AwesomeZaidi,1
filipe-m-almeida,2
lizzyyang9534,4
saiyan86,2
mb85,4
Blescker,1
tomherbin,4
elamasprojects,3
VICTOR2008123,2
alanmystique,1
DavisDongMZ,6
MahmoudAthamneh01,24
Eliazar08,2
mwjdaws,3
nuwanchamp,2
jeremyfowers,1
kailash-nair,11
volter2pl,2
guiquerentino,8
NatMayaB,3
MrIsmail1,1
Suspence00,11
Web-bbb,1
su2umaru,1
dppon,1
isoguv42,5
zmolly,3
albertodg85,3
omio-ma,2
SiweiMa,1
teodorsavin,1
ohayer,2
qj0r9j0vc2,4
Pjac100,2
ramishaheen,1
moazAlhomsi,11
DanyHook,7
Lukas010120,1
robgilbreath,2
swospam0418,14
juicermv,5
shanvikrm,14
Hurtwaffles,18
sawariz0r,7
Mike7154,1
rubyrayjuntos,15
dannbecker,8
DiogoTorresDevelopment,5
filipegajo89,6
tdrywall,2
Reon-Jin,5
CryptoCapi,1
sdhreddy,37
adamjkozak,20
bomatson,3
acarlton5,13
Vivekmanu,1
lyfe691,4
erwinlh,1
davibs22,7
rpuiggari,1
an664,1
ramonchu,5
LuisGot,1
vitarg,1
EladHeller,6
marcuu,3
mtthidoteu,8
mugnainiguillermo,2
angelod1as,5
datablogin,3
Kaniikura,15
snanayakkara,8
duyet,6
mxn2020,15
beijaflor,1
francis-pouatcha,6
akubiusa,8
isthatamullet,5
yami-beta,2
schickling,3
grok-rs,2
cycledeva[bot],3
hidenorigoto,3
rjlacanlaled,1
droter,21
douhashi,3
OAGr,4
Otoriha,3
jcoletaylor,4
korber710,1
tgvashworth,3
Bohemian1506,20
laurigates,9
kojiromike,1
raifdmueller,4
fsamejim,1
KirkDiggler,12
RobertAtNineMinds,1
bdougie,3
HammerMeetNail,1
taemyung-heo,1
samdansk2,1
skoji,1
MarkShawn2020,1
kamiazya,4
smsharma,3
robfrank,1
huntcsg,20
AndrewAltimit,4
joaoolucas,1
zshewmaker,5
max-sixty,33
reinamora137,8
uniyalabhishek,1
freebeiro,1
meron14725,1
cassler,2
williamjameshandley,2
jerome3o-anthropic,1
masinc,1
edmundmiller,6
thiswillbeyourgithub,3
rjroy,3
kenzo0107,1
claude-do,9
kndri,2
jra3,1
Matthew-Redrup,3
yannsunn,26
albertocavalcante,5
cooperwalter,12
stanvx,1
irongineer,10
fergusmeiklejohn,1
adam91holt,1
ito-haruto24-fixer,2
co6tter,2
ncannings,1
daryllimyt,2
vgreg,1
kiliman,1
janb87,2
SatoshiRoppongi,1
DuHerb,2
dusty-phillips,1
satococoa,9
obie,5
digithree,2
aessam,7
prateek,1
gitfixio[bot],1
cmungall,8
giuseppe,2
amarbunty,1
tpayet,4
cadam11,1
ZechCodes,3
Reishin-Sakuma,3
joshuaswarren,2
braejan,1
johnburbridge,3
siluat,1
AndreaBozzo,2
RMLaroche,1
brendanwilliam,1
stereographica,7
ryanjwong,7
pritamps,1
SamiTouil,6
serendipity1004,1
iamgaru,1
paxcalpt,1
teetangh,2
tobiaswaggoner,1
ryoshin0830,6
tasddc1226,8
krzemienski,3
uiuxadeadev,1
2bo,1
mosoriob,1
john-savepoint,6
punya,1
kenichi,1
jordanfanapour,2
G3LConsulting,1
EdSDR,2
wardpeet,1
inventvenkat,1
ksred,3
ynishi,1
wroersma,4
stomita,3
pabloera,1
niracler,1
sugarshin,3
williamzujkowski,1
janremes,1
ktny,1
grantharris33,3
kuzmany,2
noshiro-pf,1
mattbuske,6
KooshaPari,2
hakatashi,1
kasperience,1
sausaw,2
kaichen,7
studzien,1
iwask,1
tamakiii,1
gman622,1
Popo422,1
karthikrab,2
jope-bm,1
batmac,1
lujinwangnv,1
pjtatlow,4
zRelux,2
cpunion,1
datastx,4
kirkdude,3
jmcvetta,1
sho7650,2
huangdijia,7
AstroMined,2
k35o,1
jiangzhuo,2
sakan811,2
aichy126,1
Xike-yuhuofei,1
aadaam,1
bzsanti,1
ConradIrwin,1
blueboxgarage,1
chris-sanders,1
dfdumaresq,1
AichiroFunakoshi,1
comrade191,1
esamnyu,1
Szowesgad,2
TobiasPottier,1
nerderlyne,1
oumelab,1
bahaha,1
Emlembow,2
jxom,1
mikker,1
Shpigford,1
vtakaj,3
senjumin,1
iaminawe,1
EtanHey,1
manmal,1
sdandey,1
bonyuta0204,1
Herrsosa,3
yukilab2,1
zienag,1
brennankapollock,1
steveklabnik,8
icw-kb,3
samhann,2
ChrisQlasty,3
Betensis,2
satyamnaithani,1
David7777k,8
MarkusJLechner,18
allnes,2
Sterrysx,1
AlexDals,5
thisisnico,1
AiRC-ai,15
benja333,7
neelmajmudar,1
Noah2293,2
jwidavid,7
SteveTANTAN,2
Smannenbach,1
TimChuo0416,4
ankitnimje,1
8b1t,1
ureshan2011,4
arjunguha,5
jamalsjones,1
PriinceK,1
mowglimowgli,3
JamesGreen31,4
aiman-njm,4
egesualp,3
ferozewaris,6
kwozniakk,8
LegendaryLad,25
indergrewal,3
SpyrosMagripis,6
sumit-hanumante,1
syseitz,1
nak-244,1
PanchoGomezC,1
AhmedChlk,21
andrewallen,16
Sylvian,1
georgfranz,19
svenlatham,2
CowKing-crypto,5
shadadadadad,3
Malilyqueen,1
KelianDancot,2
fucjoh,20
hunterellis,5
StevenWang1012,1
Raileanv,2
tangtao199511,1
XamB2836,8
tlelean,9
yiminc,1
LeandroSilvaLara,4
erikwco,6
natopotato34,1
LeoStarkBR,1
hiagohsantos,1
skisair,19
rainbowlampshadepotatocow,8
behzad448,1
jimjam127,5
keejkrej,1
Sh1lovskiy,2
Prasitha7,1
delexzone,8
mjsilverman19,9
yamanoku,4
AndreiTirban,1
wolfpackmediapr,3
lukedelook,2
techartdev,2
5hun,15
olegantonov,2
Engenheiro-de-Prompt,4
Broadwood11,1
capuromeyer,2
rn1024,2
inguillen87,12
yjnnk,5
alexanderkustov,6
salierismuse,12
abeshay2306,15
gr39my,2
marklearst,4
ethbex,3
loomany,18
dvir-pashut,14
Ro6afF,6
fathy20,1
coraliejoucla,5
Winove33win,11
emsameen,2
Naim08,1
AidenFlood,3
chaiowei,1
GGcarlson,1
mykhakos,4
fa0311,1
anth-dinosaur,2
BuNo32,2
lullu57,2
Spook864,7
clone95,5
dspringlaw,3
armaan132,1
uhlhosting,8
kadoexec,4
tphuntsho2001,1
AlanRoyMiller,1
fuyazhou,1
ibrahim-el-kalai,1
cliffhall,4
siddheshpethkar26,2
PikminReal,3
Aphatheology,2
g221233214,6
MKPRC,1
JunFe23,1
siman-man,5
standbymikmouse,2
mariakrupaportfolio,2
IsakPar,3
hellotaniax,1
sangsucki,4
jsvang,1
baronjah,14
collin-schreyer,1
sabomichal,1
AliElba,3
matthiasschobner,1
fulhause,8
kimheerim,1
nicokempe,1
normusF7,7
VEHIX-Import-aut-z-USA,2
tugascript,2
Helithumper,2
Jake-Gibbons,8
tmasters2876,1
MMUNIZ33,4
patross1985,1
lechitz,1
vicpd303,5
KevingrielAI,2
aegis41,1
tektonics,1
petalofzion,3
buja99,1
XIANYUC64,4
Choi-Hyojun,2
shigarikosong,1
duvc48563,1
mparsa08,9
oliv3ira40,7
NathanCorberan,1
ShashidharM0118,2
Celeste-lemon,4
DiogoAzevedo03,14
mickahouan,8
bansalamol,3
bag4355,3
Lajuro,5
Rani367,10
dwwkelly,2
kfrz,3
romanurban,7
bcsirt,3
Bhuvannnn,2
klasnalol,5
Yusuke3974,18
jkrescue,1
PaulVirally,1
ishanyash,7
makandz,1
Aitthi,1
liamsalter11,3
obrizan,8
Heckzaflexz,1
badrikys,6
abnba24,1
shaja-asm,7
durswd,12
janz0,16
U10-d,2
MZAgencycom,4
astroid1,7
squeeze-cheese,9
TurnaboutHero,13
Smile-112,4
Fizyriusz,6
enigmaler,4
Nieko27,2
jjmin724,2
Gibonn24,14
tnguyen91,3
ikeadrift,7
aniltolwani,10
theCyberTech,4
joshuafuller,18
csanz,5
HirokiTakezawa,7
colombidesign,2
larswittenberg,2
Surfer12,27
techmad220,4
eliotbo,6
Bryanpotter71,2
anjumdar7864,7
SachinBorse-2003,3
yugankk7,5
danielriverah,10
t-ooshiro0125,2
InformedChoice,6
cb-117,1
BenjaminFrazer,5
nicolasaigner,6
irsyadadl,7
jiminc77,2
Emiller00,2
xiekai-github,1
izzul210,4
TiagoPiccinatto,1
LeandroOrnelas,4
gogollst,15
tommy15zhang,1
DanielPicciau,7
a1exevs,12
LrnvAyAnA,1
Xabieriribar,1
elliottscott774,3
GiovaniLosper,2
UnaiSuarez,3
martinovzky,1
AlexW00,6
arturadams,8
MatteVesna,1
rodrigoniskier,9
nalostta,2
aaronmrosenthal,1
matancha,16
nirajan,13
Tairesh,2
ibroom,2
Andres221r,8
mikaelhadler,5
UmerHA,3
bencmd88,2
eyalb181,2
andrw-r,6
sadakpramodh,17
MostlyClueless94,10
404R,2
t1l4n0,5
farooqza,1
hvivox,3
WynnD,2
DetailTrip,3
fairlight1337,8
reubenfrith,5
Huy8N,1
Pushistost,10
nathanakalish,1
joskoffel,7
Hoanganhvu123,3
dsmith111,1
zachattack323,2
Malaeu,4
conphong2k,3
Misasasasasaka,1
dev-com2020,4
dan-lee,1
zolwikC,2
niffyord,6
brimes,1
husinyusoff,5
Davidcba,20
Angelchev,1
Dxeg0o,11
Bodrato,5
jmke79,2
gtrusler,1
josemarluedke,8
SaiyanScripter,3
brunobertolini,1
JunSpring,2
uabogdev2,4
jtrecenti,1
haytakm,6
NathanL15,4
mathis-lambert,2
luke21wagner-bg,1
otostogan,3
TheDXport,13
ZeroForever-tech,1
mindswim,3
RekklesNA,5
jgameron,5
Schmaty,18
ERMFox,1
skulabuhov,9
MacManson98,5
SoumishDas,9
taker2224,3
LukaDut7,1
ravelox,8
rarivera14,1
SebastianAyala13,1
atulsmadhugiri,14
Wolbyworld,3
VatsalSy,1
yuma2004,1
sivanandakapu,5
ile85,9
ninecksee,2
Killian-Aidalinfo,9
AlvaroVidal21,5
thunderInfy,1
vannpacks,7
llljshlll,2
Antoniomotero3,8
cheregimihai,16
msouga,3
Kalyansundar27,3
TechTribalist,2
Fefedu973,3
SekiKentaro,2
PxPerfectMike,4
cryptozyu,1
shetautnetjer,2
cristianterec,1
JadnaSantos,1
djacobs,2
deeptshukla,5
Granas1234,11
DokaDev,6
naddicott-dtech,1
Appe6548,4
hamiltonrg,2
ShotaroTsuji,14
pavan-gsn-kgf,1
ebothegreat,1
simyci,2
Ronzosimone,2
theneuroxa,1
skykbw,3
Sam-Carter,1
simonlast,3
sdfgsdfgd,1
PlanckWang,2
wupingju,4
rfrossard,2
takuya514,3
gavinkalika,2
RamyDerouiche,2
grantjenks,6
fouad-openai,1
avsomgamer,4
ExNihiloX,4
holecekales,1
ainerhd,5
edelgzlez,3
aprajita-bhowal,2
luannfa,1
saltyiceteamaker,2
dano1066,2
giovannimancini00,4
shiosyakeyakini-info,5
atj393,6
confile,2
franciscomntll,2
spaeth,4
nikolivanov,4
Danisaxas,5
hutu-nohito,1
raulrafael,1
dunavynd2,2
anassabbou,4
tohaku,17
JangoFettus,4
kazuitox,1
jimmithbobbith,1
soul-io,20
Aftnos,10
arspesk,11
derens99,1
andrearidi,1
PyStructEng,5
himanshuteotia,1
c3rb3ru5d3d53c,2
Yedson54,2
NicolasSchkurko,4
kosukenomoto,2
ShockOfWave,1
afmire877,2
loo00r,3
justinpobrien,4
Rayo-Dev10,36
rquintino,1
brianbeergod,1
davidcrispell,21
TemurRust,20
Vvolen,1
MarcAiBTC,1
Asp777-ai,1
Abhinav-SU,5
celiksa,1
Joxarx,5
AlexTerzis,3
Villarley,3
JoeHowarth,2
kimdonghwi94,1
leansala2309,1
cyh2233,1
vinchinzu,5
Recentscorp27,4
no15438,4
rbrown101010,6
armaanrasheed,1
Humanmademovies,1
ola-seni,2
rblackman,3
patrickdappollonio,2
dh73,5
venkatkaza,1
osama1998H,14
hdqk,2
IldarRash,6
yuta4123,7
thedif,1
IvanRudyakov,2
debbie1505,1
alexturvy,11
rishair,1
gothout,5
NicolasTomasiDaSilva,1
jmoseley,9
Sodra,7
jrork,4
JRebertt,3
IdikisSin,2
MichalAFerber,2
pragan333,6
ChristopherPalloArias,20
derekburgess,5
Cmxu,8
hakunamta00700,1
issubrata,2
SebastianHendricks,2
patliden,1
stevegsax,9
AndreiPopescu21,6
JamieRintoul,7
Sudhanshugtm,10
OnkelGPT,2
camronh,1
callum-mayhook,5
zgrbykdr,1
altaras6353,1
joaovitorcbueno,2
hamza00111,1
jacobsdean,2
WilliamsPS,1
CodeWithCharles,7
costRider,2
kelindi,1
wiigg,3
NiklasSkulll,4
Vitorrrrgit,2
Tanmaymundra,4
topasiaedu,1
nonyma,4
lanzoninicola,2
AcidicSoil,8
hamaup,1
GALLERO1ES,5
jacopo713,2
MattHalloran,4
scrpti,1
yuto-0910,8
ppms-ai,3
ladisalves,9
BillRaymond,1
kuborro123,1
fraga,1
mahmoudashraf,1
sinansade,1
Emerzit,1
DarioBranco94,24
gabime,1
okkimus,6
grolu,3
zaveri10,1
RolandoRobles12,6
emin-ahmed,8
coffey44,1
sumonahmedjubayer121997,1
jbenjoseph,1
brunopedrosa,8
fleshin,1
nantoka-el,3
QuestoM,12
evgobmm,4
amihalik,16
impulsamarket,1
Dungewar,9
akmenon1996,2
eranstrul34,2
emsilva,5
kiodji,1
liammchugh,1
thiagojramos,2
butts136,5
narunbabu,3
superslashback,3
Poornachandar30,1
Yusuke0018,1
antonshcherbyna,2
charliec98,1
Atlast79,1
tolgaaraboglu,3
Bluenot3,1
manishp1089,1
Mazen9920,1
alexchase32,3
ittooo66,4
MohammedAbid79,1
vpetersson,10
lawal002,1
olafbado,1
dempe,30
Node2Tree,8
lin61302,6
dubs3c,4
CHTTCH,2
tharun-reddy-ice,1
jcarloswg264,6
biosmanager,1
syifan,2
KingHaim,6
ambrowas,4
Pranavdec,2
GurpinderSinghooo1,11
dltn,2
SergioCarboFerreiro,2
Themodernwar,9
Hebert-Riaz,1
GoetschiM,15
josrp172,3
NirajCodes,1
vilaskumkar,4
noznice,1
Croccu,1
LassaLek,3
tonylampada,1
dafyddthomas,2
domattioli,4
MGV11,1
Munsik-Park,11
kamiyamanaohiro,1
agyat4,1
javierdiegof,1
FindusHH,5
Aman8080-hue,1
robinson-vidva,2
Theoverflow,1
iAmKoldyn,1
LayerDynamics,1
ColdByDefault,2
hsdarestani,2
stshf,3
ramirokro,3
kingwill101,6
a11to1n3,7
wooihaw,1
lang96,2
mcronberg,2
wtthornton,8
csenn,11
jdoorman11,6
hiyakake,1
The1Anubis,2
inc2734,2
siddharthchauhan,11
ccisnedev,2
420coding,1
learnnshare,1
ddm19,1
e-li10,2
sflaherty2009,5
SilvioLRedondo,19
pdeblanc,2
rachfop,10
melihgoz,4
MikelUrr,5
dicacid,6
nemtiax,13
Mansstromer,7
panovark,2
keroro900,2
bajpainaman,3
kotiroyal011,1
dev-chienhwa,1
giovanacattaneo,1
leandrobosaipo,1
AndewOh,1
adaihappyjan,1
imi1993,2
imnotsureyet21,1
basudevaimplify,3
michael-a-hastings,1
cristidragomir97,1
narasimha4929,1
Taigairisa,3
dahras,5
ShreySavsani,1
sportyspice7,1
SuryaDaiv,2
jrul03,1
Dujaydis,4
saeedrrt,2
svennuyk,1
zdzislaw,13
oo1991,3
Gurio1,1
apur27,6
bklassen3434,2
benhar-dev,4
lawbosch,4
cyoussef1,1
GiovanniM-maker,1
hookerco,4
selectqoma,8
mustafaemresahin,2
jungmin991,1
JUANR18S,1
jessesanford,1
0xd669,1
byteom,1
thanatath,1
ashphy,1
Aquib-PI,10
sanjayav,3
Kevin545545,15
pushthebutton,3
Jalez,2
usulkies,3
MinhThuaneiu,3
pabloruano,4
pazzazzo,7
Quetzalquatl,1
ninjafredde,2
RHCDEVTOOLS,17
socotaxi,4
jbdistro,11
sakurasaku1213,6
xexx12345,2
slavashvets,6
Otimpt,3
mizonsylvain,2
Marco-Mori,1
heyross,10
emrepehlivan-git,6
M2K3K5,5
tawek,5
silaspressplay,2
mngapps,2
ethantphillips,1
bimaste,8
mikaelcharbonneau,7
ck4445,4
GunnarDearringer,6
sebastianpicon,3
marcelofinamorvieira,2
binbyte0,1
shanville,3
mohamedmomen1,1
janvanderzwan123,2
TeamMuellerConsulting,1
MaxKless,8
Soulless-indigo,1
ishigen425,8
leeca,1
robertdshaw,4
eysteinn,1
hsahovic,2
BorgersDev,7
DunaSpice,6
aero-oli,1
kunhtml,2
gurvann,3
Jarczk,1
lucasnorruva,9
aptsrunner,7
blanxii,2
takusaotome,16
interstellar-soft,2
boodmi,2
avatar25,9
esinecan,3
GraysonWills,6
purdelhi,2
pawel-walaszek,12
KulAnkur,3
edubraqd,1
logstown,2
LucaJanken,3
abujafari,2
youngwoo86,14
kresuberid,22
PierreDillard,2
Seandc001,3
Violetadot,5
troelslethpetersen,1
jackmgaller,5
yassenshopov,1
mysticaltech,1
AndriiKulakovskyi,2
mabvanaartrijk,2
kaoyeoshiro,10
fabieu,2
codepharmer,3
quemasandy,4
strawberryCheeseCake2,2
evgjohnmorris,2
kayama3,1
fcostudios,1
GianiStatie,2
azizsayfullayev,1
p4trunjel,1
tanvirss13,1
cane-p,1
xDin,2
yzyydev,5
michaelandrewt,1
effanaudikhalif,1
vrspi,3
reflow-automations,1
Gabrielpossasb,2
jgdevelopment,1
PierreDenaes,2
yana-resha,1
minmin123conl,5
Tim-Roeckemann,2
thepriyanshpal,1
stantaov,1
CooperStansbury,7
TheLemonPig,2
erickbp,2
Yona544,2
gfish-git,2
john7rho,8
marcel2215,3
martinginsburg,2
yuto612,3
sawa0103,2
vaibhavsunkaria97,6
Stikurt,1
alakh8653,5
kievaughn,7
henrheie,7
shulses90,1
gamover321,2
BURAKKU1XD,5
FPOscar,1
FaustYKKN,3
JuanMa7310,5
freakwinsea,2
juanpablobaez1992,9
lethalguru,1
hades217,23
santik555,1
diefrompain1993,2
estebancordoba,4
KevinGliewe,7
davidinouye,5
RishaRi11,5
thewspl,2
jrmartin,9
Rick84444,2
Dartanyan01,1
alangowski,4
Ataulla56,1
admin-noosphere,4
dik3608,1
rlnasuti,4
joegulloso,3
ab29316,3
JMoraVestel,5
jonathanvkeller,2
lewisflude,9
YehHisnFu,1
itsababseh,6
khazidhea,1
Detin-tech,6
samuraiexx,2
rmanzoku,3
exgota,2
itschendai,3
SantAlessandro17,11
JoseRicoK,6
jrea,7
lnasser11,1
Degortunger,1
hoseinrafiei,1
yigitda,5
totalAldo,2
wyrdalak,1
lancegoyke,5
wobbob89,3
cademo48,1
riskerdruid,2
IzalithSky,1
vaqueraoscar0,1
johancar99,17
sababashir26,1
aaditey932,1
ThizzyAsar,5
lofibrainwav,6
officialsttro,1
aiusage118,1
BenoitGreenberg,1
askwma,2
matiasgibbons,1
kojeomstudio,2
chrstnklb,5
ALI-SKAN,3
ilhanwon,1
MatthewJohn92,1
tjareson,4
bradysalz,7
bwgoudey,3
mmandlate01,4
b6428259,2
mageroni,1
gordonkoehn,9
ilcann,1
aline-jesse,3
sawsanders,1
watorutart,1
fafa888351,1
Tahactw,1
paullizer,3
IraBond,3
Indom-hub,5
xolin,1
danmoseley,1
mufeedz,1
Rainier-MSFT,1
jona2333,2
yuhattor,1
Hybridhash,1
tjsaintthomas,1
tosuke,1
diswarin,1
athipan1,3
barreiroleo,1
tomsp05,1
copilot-developer-agent,2
OzDuys,1
Hexxr,1
JHogenboom,1
Kellyjunior6387,1
BlaBla0909zx,1
mscrnt,9
tarazum,1
jhorman9,7
nachehab,1
fcialfi,10
shivasena,1
Aquino0,1
glglak,4
freastro,1
HwangSeokHwan98,1
DIZZY2410,1
marasiwtis,2
cocoa5191,1
imshahab,1
FledgeJerry,5
luprzybyl,3
treeart1013,2
bonkersGER,7
iliran11,1
ostryhub,6
maw1132,1
ainightshift,6
aidanmclaughlin,1
DanmerCC,2
kino14n,1
delekils,4
cyberzzhhss,8
biosimoo,2
YMIRUUUUU,5
Riki926,1
jcdoll,2
fnaufalh,2
aidantorrence2,7
dd221198,1
benleejr,1
CedricDC17,11
DweskZ,2
adisakshya,6
Chemo04,5
ttarsi,3
AyberkAhmet,3
domikolo,1
schickerly,5
trevor050,7
ruben-de-koning,2
symeRobinson,4
aimpast,2
AbhinavMoturu,1
RakshitJoydeep,2
dorangao,1
Ecaks25,1
jlmcnamara,7
aisolori,5
KeplerC,1
jasny,3
pshen44,1
DanielJandric,2
mukund-dh,1
Outlashed,1
mzaidand,4
ziqiang0501,1
thomascamminady,1
iRahulGaur,3
stewicca,2
Jagjeetgulati,1
scvandenbraak,1
orkhanibrahim,6
typeconta01,1
MrBartek2012,1
Sakshamnayyar,2
mfpx,2
tunebuilder,5
IOrlandoni,8
abdelkarimhamd,1
Berat0013,1
EP2-Git,9
CedricBorko,4
PCDSandwichMan,1
pouriamoosavi,4
peter-olom,4
DominicDJC,2
slyapustin,4
atroutt,1
ijoel,1
beehwong,1
giveri,5
Antoww,2
JimmyJr77,6
LazarJesic,2
icellm,3
ih,5
keiichiro-sonoda,3
stomx,2
rkt34cornell,1
namealoneman,1
asosam91,5
fpresta0607,3
TViniciusI,2
cursor[bot],2395
Travorobeka,1
DaniilMusin,58
Tomlyne-Tech,5
mikeldking,13
nitesh2307,1
Brighton100,1
maresb,1
mengsig,6
richlander,9
armandori36965,1
NET9532,2
Anonymousinsaan,3
yiyuanjuhua,7
Vanny2048,24
Digixcimon,1
Rahamat-prog,1
scrollDynasty,2
pranayj02,2
ShiftD3l,6
mdroidian,8
bjesuiter,1
kirtank02,5
giogimic,2
nandkapadia,1
tempest2023,8
hoodsky,1
Mopphie,7
ahmedzayed901,1
w0936501449,2
norwaiw,37
clayauld,2
victor048,2
Liud7777,2
bobac,3
kohr2,4
pc-style,8
hitcklife,3
MadeWithStone,1
varunpandey0502,4
freddystrata,3
NathanBurtnett,4
3bdoredaa2244,1
apocaliss92,1
khush2808,1
Stressica1,4
stelarow,1
Kotakageyama,12
ilhamrachmadhani,2
Manoranjan-0C,7
Axxhit,1
hparreao,1
joeroffey,4
heey100,1
kaminijatav,1
harryvik990,3
YYXZHL,1
AbhijeetMishra369,1
taco429,33
iamdhileep,40
myap2,6
oginoshikibu,15
Akshita-5,3
ianandbodh,1
personal2305,1
brayanj4y,1
macedogeniy,3
shridharbhandiwad,55
applexd123,1
FRBCAPL,4
vitordesouza,7
IreinStark,24
wolfohgiraffers,3
R44VC0RP,11
landbuoy,10
dommurphy155,21
cellier,3
arduia,7
TicoHUN,6
socheatit1995,2
Shiv13angi,1
prataprai7,3
sebastiavillalobos,2
rheome-dev,7
fr4nk3nst1ner,1
Ignaciojeria,5
Mur-Law,2
wangdefaf,1
kcschocks,1
Wanilyatasnim,1
keshamoyo,1
Danielskauge,3
tomelliot,3
bcentner,2
amiraliol,2
PeterKarinbit,1
CherepinRO,1
srivatsan256,4
rodolVargasdev,1
AyedAlmudarra,1
fellanH,6
jiwon-0321,5
rmpacheco,10
AnthoEnge,1
mxxx3,1
Fitzgerald-3,1
Sofiasaikou,1
x0ntss,4
eneflorian1,1
Him-khati,1
MikeCrowne,3
srinivasg887,1
eemax,6
aoeldeeb,1
danyvassily,1
larisswx,1
pratikjadhav2726,6
clenio77,7
AhmedElbatrawyDEV,1
Alice1313z,1
humberto1307,1
rodneybusiness,5
TKWebSE,6
toojannarong,1
BetrixDev,5
dsavy4,1
Guimawa,1
PolarFusion,1
Yusuftas2535,1
dionren,7
aarnphm,3
nimeshmora,1
huype1,2
guzman26,9
vahaah,1
hulohot,2
saimrani,1
niconielsen32,1
benborgers,3
Dillonu,1
owengretzinger,3
bmcpc,18
yashwanthmk11,1
Olanrewajuemmanuelabiodun,5
gledebur,6
zhengheyang1,1
1mono2,2
konard,9
chesagailad,12
Muh-Adib,15
JiahaoLi-creator,1
bawse,3
swaminath8358,2
zaturday,1
arthasrail,1
Aryannaik570,1
anilcy,1
abody97,1
paul-pham-157,1
mag-rock,1
sgortaisNC,1
CopyPasteHero,1
baonguyen1776,3
suryadevsinhp,10
Seok-Hyun-Ann,2
mulkymalikuldhrtech,1
Spectra010s,9
EunjuYang,5
13nosui,32
MikilFoss,7
MrTwister96,2
diegoakel,1
vallabh13,1
cjbell,1
danieltibaquira,2
emirkocSU,2
paradox-cm,1
HaymayndzUltra,16
maksoodmohiuddin,1
Gibral081202,1
mugeoo,1
bhattjithegamer,4
misafir1970,4
mediahpv,1
PRAJWALPSHENOY,1
Hus169,2
felix-dolderer,5
adriangohjw,5
Skullybutcher,7
MachoDrone,20
reshmasrijyothi,1
andrey-kobelev,1
aidanlbailey,2
likasrolo,1
Gonglitian,3
jidnyesh23,2
MulletGiraffe,2
Aniket4168,1
orhanai,1
drmilli,11
Riddhi921,1
larbra,1
ArsenyFirst,1
xavierjflanagan,3
alywheng27,4
Jonathannzy,1
AbdurRazzak01,19
auxmoney-tbarcala,3
mbsoft,7
Ezra2121-et,2
adithya976,1
R41CY,6
vicjuan,7
yashdarji3,1
danielfree19,1
lunariavanzetti,10
Guilmon-Macicame,1
Detherapist03,1
Freitassync,1
moleqnap,5
ishimul59,2
hatayeco,3
perrinomatias,10
AZIZOUELHAZI35zz,1
jameslewellyn,8
mustafazaman200,1
codybmenefee,17
dxa4481,13
vishol,3
ChenReuven,2
shinngirl,1
aramisentreri,3
bertv07,1
springtap774,1
paultaki,2
anton-prosterity,1
ramiAbdou,1
MohamedMustafa86,2
soyeb-salar,8
LANDO916,4
frutisbett,1
AbhiPrasad,38
kessler-frost,18
eymenalpat,1
andypande,1
penandlim,3
hulrap,2
IanPhilips,4
Aaron-212,46
YasuYasuonFire,4
darkrequiems,2
TheKingAde,12
BoomBox09,2
aviisekh,1
stefanosiano,1
AlexisGoument,1
ForrestDevs,2
Mats-Dodd,1
sgardoll,2
lezorich,1
pawelwessel,5
macjavs,2
delelin,1
sanchitram1,4
n8allan,7
born2vin,2
HardlyDifficult,3
IlyasGarayev,4
nazilarai,3
NoraizRana,2
koiakoia,1
basavaraj-FL,2
Mzmansoor11,1
justjimmypy,1
Ensustiat,1
LukeRouleau,5
andrewnaumann,1
xiaozhouzhoua,6
brifyai,1
SW1MD,2
Wolfr,1
nikeu69,1
sukhdevr898,3
jwsls-dev,2
Neon01602,1
Devithan005,1
samoht625,3
yogimardilah,3
bl5ck,2
Prince302004,10
harshakatta83,2
lisakorolyov,4
Ayush-byte-1203,1
afrancoe89,1
claudioed,39
luc-pimentel,3
VelarisVixen,1
josuehernandeztapia,25
csi515,3
afaruk18,8
CamiloBytes,6
Fernoxx,9
gaurav9219,1
wahibonae,1
bblockwood,4
alecf,10
majkel24030,5
hooddxwd,2
marcos1233839,2
saroeuntola,1
Ronnie434,1
tonmoy10ms,1
shcheklein,1
JakeSchmitz,1
shaneauerbach,6
vanshika-sharma02,2
AndreMashukov,6
debajitr,1
anagonama704,5
dong-won-shin,9
mattstratton,2
brianbest,3
cdotlock,3
srrm99,1
jinyuchen6768,1
ursisterbtw,1
Manyruumpus,2
who-sam,5
romtsn,3
thelitchman,4
Landkittipak,2
mtrunkat,1
dangng2004,1
oguramanabu,1
hashmined,1
ay-rod,3
mcumam,1
KONTA2019,1
cculb,1
Jothipriyan,1
onchange,8
harish-371,1
loserofeverything,2
vulcanoperu,1
booysej,2
Azdoit,2
alexxxpo,1
thisisRoy7,1
ddai2014,1
engrusman80,1
inspirehuge,4
Melikizedeki,1
ferdiejamesnervida,2
MuhammadTalhaJoiya9,5
Omar-mz,2
henryxcodes,2
spacely,1
Jogendra4,1
rohitsaluja1,1
IsaacMelo,4
wesbos,1
talboren,4
yawarinti,1
PTA-Avenger,3
ahameddrubo,4
toki-su,1
augustoamaro,1
MasatoshiSano,6
CemRoot,1
Dewi131q,1
EMCEMC2,1
xXJV10Xx,9
halc8312,5
keen-wugui,2
s4ndit,6
vjonas,2
Justinkingbella,1
abhishekbhowal06,1
elmehdiayad,1
jfaict,3
haybnzz,2
Faheem-Musthafa,2
liushili0319,1
btfGermany,2
JayKataria23,6
Vaibhav1992,1
tomaj,3
Orchid7csy,4
WeMozjpg,1
CTNicholas,4
TheLaughingGod1986,4
jefferyxu91,6
ivan1704,1
v1v3k0,1
jfschwarz,2
zodgen77,1
mikeallisonJS,5
jfuginay,2
JJDetail,1
spashii,2
luciengeorge,1
Moobiai101,1
manojpoudel9256,4
junsulee,1
baxy5,3
marjorietirza,1
nourhen33,1
KyriakosDrou,1
Chemist988,1
hit19design,1
Sadra138456,4
alexjameslittle,1
israelhalfon,1
Richcammunity,4
DenisPalnitsky,4
mtzjon,12
tsutaj,7
starrynight-web,2
oluwafemi02,5
abinet22,2
Narehood,1
nasu196,1
tryinhard1080,2
fauzankhanak,1
wanz-1,1
devcomfort,1
SabinGopali,6
msameel1028,1
Gowshik-S,2
AR-Rahman123,3
qnoox,1
mervearzakci,1
thiagocbarreto,2
richie305,7
ApsiV11,2
isakb,1
Dafmulder,1
ckduy,2
bilal492-pitb,3
hari8g,1
S-Choudhary1,2
doyao,1
chadgcribbins,1
ddikman,3
a00012025,1
Sajjjaddd,7
dreadl0ck,10
wilterw,2
YeswanthB011,1
akhilkuriancognizant,2
AssPYJ,4
Kanantorn,5
pylxyhome,2
scttcper,1
v0id-user,3
khojiakbargofurov,1
yhattav,2
lroolle,1
dtacci,2
jon-spaeth,1
sehyunc,1
soak5101,3
invalidedst,2
dzbyr,1
lubomirqa,2
RedStar071,1
mmj05,1
jfblocks,2
H0924cc,1
ashuthakur1605,1
saketh1607,13
oreo91,1
Abdelrahman-azzab,2
francisnext,1
MasterPandaa,1
BlakeASmith,2
n1k060m3z,2
drtyjung,3
ASHURASINGLE,1
prasenjeet066,1
Emilialandgrebe,1
zprial,2
devjohxylon,3
betasecond,1
Tonyk91,1
Imhermes1,3
StasGOt,1
Zeeshier,2
pavlovatlgroup-cloud,1
rohan-uiuc,2
Travsingletary,3
khorsandi2014,1
YazJarrar,1
PodJamz,1
megaloman22,1
ymzkd,4
milkpie123,1
Aryan5738,1
irieike,1
LopRam25,1
kautilya-1124,2
sam-huckaby,1
Bishnubug612,1
ayushdangwal29,2
sanele001,1
MagMueller,5
devbyahmed,2
Chocksy,1
FrankLucs84,1
ostfor,1
flixzf,2
thepKz,2
jasonkopacz,1
duoyuncloud,1
john-quesada-buklo,1
devasishtv-max,1
jaeman2034-debug,2
bilel-hk,3
pratheek-25,2
senghai-ly,1
bikramsinghlearner,1
Mohamed-Nour-Bechedli,1
Ramanidharan-01,1
eridhobffry,2
githardikp,1
skmtrd,1
Elcapitanoe,8
reajuria,8
garethwham,2
1461640,1
subam01,1
HarryVoker,1
koduki,1
hirofumi-fukuda,1
roderik,6
jacobschweitzer,2
nollium,1
timmatsam,2
WestonVoglesonger,1
pierrebrunelle,2
finbarrtimbers,3
jordynintech,1
Nevio83,1
agurses,2
bullsbears682,2
NayanikaChoudhury2004codes,1
tuandongoc291196,1
rgarciade,2
AICodingMaestro,1
weerasak44,2
poojasreek,1
amitabhmanish13,2
Jefflai0315,3
odertrangbang,1
anitej-11,3
lbutler,2
ayubsoft254,1
digitalboostplus,3
sampatai,1
dammdeol,4
aliimusavii,1
NiKitler,3
Aryn-Lokare,1
burhanuddin20,2
zkz515,1
Michaelrobins938,1
laerdon,1
levatc,8
RadioVa,1
DivijH,3
wendellmedina,1
rajasekarankrishna,1
dfranusic,6
getmygrapher,3
mostafa2000eg,1
alexpate,3
Eronred,1
vncne,2
gbroseo,1
b0ho,2
protyayrd,1
iseki0,3
gramanoid,1
imbjdd,1
manatea25,2
Shubham-Upadhyay01,1
pmcilvenna,3
Bfira,1
PopularAtacarejo,3
millitarget,1
komondor,1
TomKaltz,1
cdzombak,1
dannyschot,1
MrManVan2,3
MuhammetOzcan34,1
kailash14,1
shauryapatel1,1
krzysztofzylka,2
TrucGiang204,2
powerhouse1997,2
safwan-ms,1
heguoping1021,1
wo1991yxc,1
var-dhairya,1
ASTRO-crypto,1
jeremiahw12310,3
adminEfaci,1
erenalpaslan,1
himanshupal24,1
SambhajiShinde13,1
rekoonads,1
ykiprov,1
ChhayankGarg,1
ndn8144,1
MForemxn,1
Rohanpatel08,1
KrishnamAbhina,2
dwij3,1
miguelsuredasuau,3
VATAKATru61,2
SilverBlackHoney,3
YeudaBy,6
LGT09,2
IisKomkom,2
dsowsy,3
dylanTruffle,3
joyji,1
Blanchable,1
khan0200,1
ahmeterenokur9,4
Vadiom,1
WeZZard,2
clement-dotcom,1
P1104,1
prince1rcb,2
RANANCX53,1
Awake-s,1
JosipCunko,1
stevenmoks,1
mdlindsey,1
odedahay,1
Kabilroy,1
Voltus-wave,1
cashmelek,1
Berry7028,1
zintaen,1
YukkiiBot,1
danielrocha1,3
cfluo,2
Rach-Ad,1
Sharpy077,1
8bit-wraith,3
ecchanger,2
byrondray,1
bentbrain,1
stefantapescu,2
RezaEbadi78,2
Karamelishe,4
WajeehaAslam,1
FriedCerebrum,6
rafade31,1
jamesmurphyjr123,1
yonnnxr,1
Ban619,1
lyIlyakov,3
filmizi,2
LeonidYasin,2
vasudvy,5
Platon-7,1
thichcode,1
adamsardo,3
alfe,2
mrcaoduc,1
NAZYMM1,2
paxjz7,2
niksh06,3
Rishpraveen,1
Twigman12,6
abdelkarimbaya66,1
kcorey,1
jonahtaxt,1
BlockchainMD,7
bdsqqq,2
sungik-choi,1
asyncawaitpromise,4
ASG-art,1
Mineter4gret,1
atsuyamaru,1
blobshebah,1
jhosscy,1
001vamp,1
aydo-89,1
DIodide,1
rf223x,1
Sherin-SEF-AI,1
shnai0,2
MannuVilasara,2
nikmlnkr,9
jaydeep1305,3
Cre8TonicsTech,1
anardelli,2
Twixes,1
Hund45,1
SurajGajula,2
sodiq-code,1
mukehdeveloper,1
Kaylane-Guarino,1
Yashtech21,1
EmreSelcuk1492,1
Joshchris21,1
santoshtechwiz,1
HarshitaKirar,1
Tharun-bot,2
Antony662,1
Magicianhax,2
onelasha,1
learnaiforlife,1
Mineishere,2
Sudais-Jan222,1
HayatoToyoda,3
pramebt,1
samphillips38,3
park-limerence,1
alin-o,1
carlosgalego,1
ALFONSOVM13,2
Test1oqqoqq,3
retro70,4
OneWay2Go,5
Jhoubu,2
Venky656,1
TechyDEVEnginner,2
liuwwang,1
ArshiaTalwar,2
mishushakov,2
bruno7591,1
samuu,5
fabean,1
Parag2705,1
viralarchitect,2
MLKaufman,1
gichigi,3
mcamarketing,1
Gibbbyt,2
edgarpavlovsky,2
Vorak-Tong,3
prs1378,1
AhmetFaruk41,1
HelmholtzW,2
Swaraj-bits,1
sohanfernando,1
itstetriser,1
bautistaaa,2
abdirahman-moh,1
RaigingHearts,1
1lyasam,1
DivyanshMauryaaa,1
mainecleaningco,4
chengliang-git,1
KittituchTun,1
imr-a,1
RoshanDewmina,1
FlintSH,8
PaperStrange,1
Areeb297,2
mnashed13,1
vgrozdanic,1
yarosssssss-wed,1
codentTech,1
tamo2918,1
gashok13193,4
GenryHamilton,2
RonFed,1
twistedogic,2
siga442,3
Takase0917,1
djsavvy,4
ZeroHawkeye,1
Abmichael01,1
ldearmond1209,1
zomux,1
gandhisagar92,1
jensenmiers,1
wenbinye,1
kpfariz,1
LukeHolmessba23038,3
DavidAucancela,1
Vishnu-Das,1
InWithLost,1
NancyEmanuel,3
awebisam,1
Achilnos47,1
buckshotdigital,1
thor4,1
Naqqashkhalid,1
EverytimeAomsin,3
x-sdy-code,2
gofenix,1
famz,1
FelixMalfait,4
dockdockdock,1
issmirnov,1
onndd,2
eajr,1
johnhaofu,1
diegolara31,1
rustinpartow,1
pixelsbysakshi,1
bronsonhill,2
addnaaf,1
komsy1,2
NaziaRiasat,1
khgon,1
rex209,2
atgonza18,1
Advenaa,2
mustefa,1
moodykhalif23,2
cesar-brandon,2
Scottnan,1
lilyth-y,3
MohamedAbdelmoula,1
sympasic,1
stackingrockss,2
amazingrando,1
ShivamAnand26,1
CosmicSlothOracle,1
mochshultan,1
JoeS51,2
lyl-610520,1
gabrielagilfx,5
Dexter-Raza,1
jasminelong,8
Shange-Fagan,1
Riaz9543,4
JenPaints,1
Riakmawut68,1
ashutoshkumar11192,1
MgServify,1
mert478,2
sfihbevjhs,3
ELLIE5TC3,1
Deni29,1
Probored1,1
harrydoan,2
samkerr-dev,1
prawat79,1
NIHAL-PM,1
ahdriel,1
alacret,1
ramdhanhdy,3
cuzimmicah,2
Babu8stark,1
sealland,4
dsaslb,1
Manoj260290,2
bell-akh,1
Mjereza93,1
brunao97,1
drichar,1
zaidishaad,1
swarajJavaDev,1
xiaocaiqq,1
bogarrenato,1
Tylarcam,2
Nat1anWasTaken,1
oumingyuan,2
kaleab-kali,1
pkchwy,1
Kamal9890,2
ZigaoWang,1
mutsuda,1
Mihir-Rabari,2
kurrkabin,1
thaoltfv,1
PietervdWerk,1
SevdeAltunkose,1
awsdevopsaravind,1
GWnbsp,1
keithkgx,4
AnthonyS051105,1
Sakshi-KJadhav,3
aubertlucas,2
gnrtech,2
Agadoe,1
MiguelR0drigues,1
yigitcukuren,1
lambiengcode,1
kahofu3,1
kushagraTandon2609,1
lotusborn,1
hercialvitalis21,1
DevendraPPatil,1
mattiulhasnain,1
lennarddaw,1
geleego,1
alielsheikh777,1
Lihua2048,1
manjudr,1
Ahmedelshkhwy,3
shunkakinoki,8
yu010101,1
lgallard,1
Astrodynamic,12
constantinidan,1
YutaroOgura,3
akromicc,1
metraw2,1
liuhuan22,1
artisticabhishek,2
marsonautqp,1
edu-ap,1
GIFONOT,1
vovakrilov,2
walu22,1
11612x,1
rordan-ai,1
0xTrxz,1
ZhanKunLiAuto,1
naga-vardhan-nali,1
Rickyvicky,2
agaru1201,1
asma019,1
monuit,4
proxy0knight,1
samiulhasansiam556,2
amitvalecha7,2
smtrtp,1
Pixelflow-Studio,1
Jusnote,2
Jaishree-sdet,2
wahron31,2
Vikashram2004,1
DuongD0,1
gujjumohitreddy,1
FranciscoImanolSuarez,1
ssubhadra,1
SrinivasanNikhil,1
cooldudenow,1
xCarter93,1
Superman845,3
OrfKilian,3
utkarshx,2
ranjiths-17904,1
raghul0610,1
yb432134,2
imdbut,1
PavelAIM,1
archie-mckenzie,1
xiangys0134,1
otouristas,1
ZBY2025shift,1
mosessifuna20,1
DennisForge,1
Lucasand7,1
NetanelAlbert,1
mahea2,1
abrahamola,1
GASHIRA-E,1
timuryener,1
angfdzr,1
Adari-Harsha,1
Shreesammat,1
HyperlordOG,1
LuizGustavoVJ,1
Malvadnigh,1
Briden92,1
AVOiD3D,1
Zodarc,1
aakritiomar,1
theonewithdesire,2
amirabedinii,3
tb-repo,1
MrCause2u,1
AnirudhS3110,1
coolDad7777,1
justin-gurtz,1
henno,1
SobanRasheed,1
dev-lake,1
nicholastan2810,4
Acebuggin,1
ali-abdullah,1
ikerege,1
rajyaabhishek,1
josuebatey,1
aajunior43,2
DhyFernandos,1
Who-oss,1
mohammadkhanjani,1
fouadfo24,1
Sandeep3084,1
Siddheshdewalekar21,1
swarajcul,1
manassahu24,2
Sathwik11-hub,1
ankitraw2,1
colinnielsen,1
dtaylor34,1
macbraughton,2
Kishore-86,1
pokediger1209132,1
muumuu8181,4
calvinf,1
Hassan-Shaikh20,1
Vibhor-fineye,1
Lym20120924,1
martinmuron,1
Miladili,1
nufaizzzz147,2
Danish2op,1
WSK1110,1
ridersaying,1
poopsmax2,1
MuhammadUsman56000,1
WillieOng-HK,1
tkondamuru,1
Baighasan,1
ayan2424,2
Natax01,1
zhaozfgzsendi,1
limichange,1
liyupi,1
CoderX-andromeda,1
tkwsnb,1
vinhltt,1
Speedyk-005,1
kevinbayter,1
mhdirfa007,1
ferraroroberto,2
bkuchsdoa4554,4
godsdefi,1
MHasanudin,1
kaeawc,1
grp06,1
Varun-syd,1
tnpak28,1
sonald,2
Wolibokim,1
Muhammad7226Ammar,1
viba98,1
603627730,1
Anish2454,2
apex34676566,1
Midora465,1
twohammers,1
dagjomar,1
Justin322322,5
MartinPTielemans,1
nayakqche,1
neelashish,1
remast,1
MAH-7,4
Scarjit,2
Maurosg78,1
weideyong123,1
altohami360,1
OfficiallySp,1
ABDULLAH-BARI-ASIF,2
mary671373,1
michavie,1
nasim23ea,1
ericandrianavalonaEA,1
ibfcrypto037,1
A1anMc,1
Slashbull,1
ikerpqpapaa,1
anishahkandachar2002,1
AiCBC,1
mrknight-45,1
phanisravan27,1
tiwari3408,2
iamdrewfortini,1
phodal,1
AnkitRaj2705,1
m2windham,1
akarbahir9,1
qionghuang6,1
FaizanAli-io,1
AttarKashif,1
sohrowardi,1
BaraBro,1
Willystrange,1
Chenchuan03,2
Dalyramy,1
MudassirSafi,1
uxiscool,1
yourimerad,1
anurag4DSB,1
krossoy,1
kyraara,1
danyi1212,1
jacob-moore22,1
THE-STARSOUL,1
dragons96,1
Het2239,1
Manjuladevi-K,1
DigitalFils,1
sxw0508,1
mengjian-github,1
oceangbr,1
bubundas17,1
rebelchris,2
NeoZhouCHN,1
snoglobe,1
fksociety3000,1
byteshiva,2
bagdadhruv,1
shumarkq,2
hasibnadim,1
Jemishhh,1
AKBoles,1
geeth24,1
RemyLoveLogicAI,1
Shivang731,1
VxpeZy,1
serkandev,2
nnoby95,3
monilpat,1
n3wth,1
bipuboy,1
pengqiAngus,1
xiamx,1
soyalejandrolopez,1
james-wang-sage,1
chaseisbetter,1
mdzafar8707276097,1
aditrathour,1
thedebugger,1
David23412,1
samuelmeseret,12
Animesh404,1
ashkumarptl,1
araeht,1
Mosseh254,1
eternalcoder12,1
strivedi4u,1
tech-realmer,1
nirupamgpta,1
Noname414,1
AndersGerner,1
hatemragab,1
leesugano,1
nomad-dormouse,1
chikalaka,1
sparkeh9,1
ZenXen7,1
Subhankr12,1
RonRayvon,1
hassnainsyed,1
abhinavgohighlvel,1
comfortdesignszw,1
dmarkel,1
DexterLagan,1
ninenox,13
MendzTeus,5
0xcryp70,1
PapaJoeu,15
nyanhan,1
olly524,2
techbrainpt,2
kosoi93,4
m-rokas,1
OlsiXhindoli,1
astras69,1
fynnth,4
MartinPascale,2
ThenGB,1
GradyJean,1
chrisgelhaus,6
clintKunz,2
samkoesnadi,6
guiga1112,2
Luis1992maldo,1
tarmann,4
FabiozZz,1
taguilar,1
MMZaini,4
sophiessa,1
villawolfpy,9
heshanperera95,1
ooshimakenji,4
markoth123,4
dks50217,2
yoshita-g1t,1
pranshurastogi,1
armine-fliplet,1
rgbweston,1
raiderfan,1
rishsriv,5
Vitaliy-arm,1
kzorluoglu,2
ssdavidai,4
jiashengmatteo,1
NervousNullPtr,1
jsungmin6,2
pneumatic-seidler,6
Nenkkyou,1
KikoTs,1
thiagolopes-dev,1
VitorLopesW,2
AgustinGonzalez1,4
jaceguay,2
KamiloitoVocaloito34,1
FranLeclanche,1
dferrari,2
Dougfisica,1
BreuerChristian,4
frankstop,1
Nchotie-cliford,1
samrogers-com,1
Ian-Tharp,2
adamcasson,3
hmottestad,24
girassoisdevangogh,2
nicoaldi95,2
almaziphone,8
shayshankr,1
alewieland,5
izeespace,1
lovelaceapps,4
ugurturkeli,2
RaF75region,3
svrdoljak123,1
joaquinista,1
josenrique6,5
Kimgyoomin,2
oyasovsky,5
aqiroz,9
VASEN999,1
SakonChankhachon,2
zokirovjavokhir,1
nirav-tukadiya,1
recepselli,1
gaurav-aryal,9
Goga345345,1
fdaugan,2
boryasbora,2
Albinzr,1
naufalso,12
zeallat,4
Voidbroexec,4
McoreD,3
atorrrr,9
AshkanHovold,2
emchristiansen,1
FADIcheikh,1
MitPete,9
brennanmanion,8
matejmaricIA,2
pasovacoin,2
Sandvma,1
Blandskron,2
yskuem,1
paramasivan27,5
b-nasreddine,1
ahmedmaherpasha1,1
Szyoo,3
Sidhaarth-Murali,1
imridulagarwal,1
bercium,4
Dadaam,2
ajithksenthil,11
awagoner2019,1
undo76,11
joelnishanth,3
PBA77,3
Talq8,1
aaronmunoz,9
shadynafie,5
darrengordon91,6
EMUNULL,1
xarsdegil,1
rdleonhard,11
moraisdemelo,1
EmilianoRosico,1
brunercs,1
sshaghayeghs,1
Chiquinhobjj,4
Bertolazi,4
LukasStu,2
anilinsharma,5
VichRo2005,2
akesson,6
ak56ankit,2
Itsokay-co,5
keithmcgreggor,1
LucianoXu,4
tribal2,12
lutzerb,2
rkttu,3
farnood,1
ziez,4
gmontana,1
Tekhed44,4
faridhash26,1
joelosiris11,4
ErickRosete,4
pietrondo,9
ThePurplePigeon,2
nfriedrich00,1
shimond,6
Pakiboy23,4
ALuiell,1
fateh1609,1
stealthymonkey,7
carlosgq2020,4
mbsebada,9
sudoxnym,2
Jhoelber,1
Horia73,2
XylitolJ,4
eulogep,1
omaghraoui21,1
dev-suarez,2
JechielvanDijk,2
felixbaumgartner,1
Akashpeter3,1
vkamma,1
Kant1-uperDev,1
patrickgtwalker,5
esqu1re3,5
PaulLaux,2
jcohoon,2
kayhaowu,3
yuokada,8
dcmcshan,1
akim-muto,5
JCETools-Petra,5
James-Baloyi,2
ITTV-tools,2
agat-dev,9
xxopenxx,5
mosesmakaka,5
gaby-entropia,1
Afro-actu,1
hartleyscales,1
happyf-weallareeuropean,6
snbby,6
daniel-graham-amplitude,3
hanstcs,4
calofonseca,1
VojtaMi,1
iasnoor2025,1
3sanket3,1
DarshilShah0602,1
Bizzehill,2
MrWong99,4
galenelijah,1
alishivani666,2
Buggy1111,1
epictz06,1
Stoic31,1
madedon,1
ObliviousOdin,1
dusen0528,7
CTolenk,1
mobmobhask,3
pm430,1
ayansiddiqui,2
efacsen,1
Snake6678,1
marble414,6
xxjx2004,2
ghwallis,1
RoseOfficial,3
GuilhermeAquino92,10
bastosmichael,7
timosarkka,1
ThomasVaughns,2
Ashley4734,8
NinkiDoi,1
phamhungd,4
jasomtubratu,5
Jamon1405,5
daurmax,6
Beakhyang,1
harrisonharris-di,1
Chxpz,1
Printemilio,1
Aste21,1
Felipeleii,1
alvaroGuerreroM,2
phantumblade,4
mbmaciel,5
RanulfoBezerra,1
gokhanbuz,1
mistevanescent,1
joelmg19,4
GustavAkaMeGusta,6
acike,1
johnhringiv,2
RichardShibi,3
HaymanLiron,1
Xelap24,11
Beauld,1
Philipid3s,1
weimin-liu,2
RajashekarRaju,2
okash1n,1
zachprunierpriv,2
SahaphapM,3
srikonreddy,1
mrichard91,1
Plaifully,3
jjzm0521,4
bailalayoub,3
m-shiono,3
mirzalliyev,1
Noname2201,1
gjn92,1
yasseen116,2
rakeshcr91,3
sebaignacioo,4
davidespino19,4
samrosenbaum,3
SavyoAl,1
Dielectric-i,1
vicvalentim,7
DavePenn,2
meringue5,6
OimoGeneral,2
lion7,1
kaiser971,2
whenz7,2
VaporingPrism24,1
joelferris,1
ComputationalCoder,1
anilcanatik,4
AshiraLOL,1
rililinx,3
pg2455,1
mushfikur-dwip,1
techlock77,7
ronihdzz,3
wikedzit,2
alecap92,1
karelHonsig21,1
jsbase,3
druidub,1
tom-toupence,1
SebastianSzturo,2
Adhyyan1252,1
rshvsh,1
jmbejar,1
ronnyromero2,1
Kaiso45,1
njordenautomotive,8
manoflearning,5
S0N-0F-A-S0N,9
derneuere,3
kanarikanaru,10
lfaletti,1
teja5751,1
pvelleleth,2
shashikant-prabhu,9
fujidaiti,1
nadavc2c,2
angel-mora,3
swthewhite,1
hykhhijk,1
bahax321,1
manashee,2
tocvieira,2
DictaDank,5
SalvatoreB98,1
antoniopozzi,1
ryancox,1
sberan,1
Kieron-vB,1
barhi-ram,1
sumeetbajaj9,6
uknfire,5
jayakiran,1
lingfei-w,1
rus024,1
nelcopilot,1
OHanabusa,10
MSharizal,1
ilMuRli,1
SirGwun,4
harry9268,3
MaiRat,3
koldrak,8
samodovdi,1
robertjh17,1
codelasak,2
HoangDuong-DH,1
bryancdaly,2
bosskorn,1
jules2m1998,1
samsungapore,6
LAMANTUN,4
SenpaiAkatsuki,5
benzrgk,1
leemosupreemo,3
iKhunsa,3
CarlosVF2003,3
alisabetx,1
wardhively,2
PalWorks,3
Athos1972,1
theocat0,4
jeon3029,1
MatuxGG,1
Francesco6332,3
fu3fi,7
leosfer,4
nesimtunc,4
LotusZadok,3
jasonwoodard,8
dombovari-balazs,1
Sclxr,1
jproffitt8,3
nAvi-rd,1
H4CK3RG0D,2
TheDoctorTTV,2
mtrojnar,9
stephen-youn,3
ilikevibecoding,1
BabaScience,2
slixz0123,1
thiruisme,7
cagdas03,4
mariomaly,1
justsomehumanbeing,10
Linkaan,1
pavletto,1
cypark-conalog,1
Radurty-tu,68
gellasangameshgupta,1
VONHALLER1999,2
chayapat09,2
Mohammad-Hameedat,1
Byli13,1
cfobel,3
hulloanson,1
huiyang-yi,3
DovaDev,2
WildWolfBang,1
jelsayyid,1
xnoname79,7
diegobit,1
apshenichniy,2
JingDuJingDu,1
sergejschorcht,3
harley,3
watcharap0n,1
bettis007,6
jankod,1
CarlosMaundu,1
SamineniVentures,4
ruitao-edward-chen,1
Pabr2151,1
Osamaiqji89,3
angelor888,2
NiiyaDaiki,1
AbhishekBhave,2
Centraldasia,1
RudiRsBr,2
Colin0224,5
adithya-swipepages,2
gnirpaz,1
blackie1019,6
ravi5700a,1
Asilajan,1
01rabbit,1
JoBongGeun94,1
dominik-mukrecki,1
mikeytrw,1
DerilB,1
Jcristovao99,3
Phicks-debug,3
gino287,5
beatrizbcoutinho,1
arthurmaffre,8
mhchaveza,6
elhreda,3
AcostaCortesGM,1
nht1903,1
AugustoLiberti,2
JeKaQM,1
Datnguyen020205,1
NaorHL1,1
TheThirdRail,2
paulettecb,7
ALQUDAH,1
foxconngpt,1
nkirley,5
ibomash,2
mwarger,1
gizatt,3
appleater7,1
mrdemonbkgit,2
Bigf00tBoycott,2
antonsten,12
Aashay98,11
zchn,1
dq-aem-manojkumar,2
dkustec,1
lady1211christy,1
ran2yo,6
noostrata,4
shayank-dev,3
cyberswami,2
damienlaine,1
ahierro,4
mrrobot1795,6
jcstotomas,1
Austinho007,1
wesllenalves,4
ktech6993,1
lockowl,1
oskarijarvelin,5
Emberr,1
mandicri,7
seug,1
vodnok,1
eklectik,1
ryunosuke-ai,1
AhmedAbdEllatifMazeed,4
zhivotnoya,1
bpopovych,6
jonasyr,4
TelesticXP,3
noack-digital,1
ashauro,1
Tylor-Tian,3
v4mp-exe777,2
alejandrocordon,2
thebruddy,3
jonnychn,11
John-Curcio,1
jessica-prochazka,3
dkurokhtin,1
faizalfakhri0001,3
LuYomayel,1
Gvives15,9
biswasguptaMBW,1
artimath,1
cazbyu,17
XoxRumbleLorexoX,3
Ibuki-Narukawa,2
dmcbee1,1
HansF,6
dwpark77,1
vnihub,1
jerome-create,1
ytydt,6
evolvewithevan,4
Mooman1134,1
navanchauhan,1
GasparMCS,2
jeffheaton,2
ksingla-GL,2
MichielDeVr,1
keggit,1
nwalters512,1
romanoalmazan,1
Georgepon,4
jobvancreij,6
Memu007,1
yabets,7
vanilla-lab,1
nimaiparifard,1
Aronvision,2
seojeahyean,1
YouLin-0509,1
Pedroltz,3
gilliorem,1
Ashokmani1,1
reniercloete,4
adambuilds,3
mbAKSAN,1
QuentinDus,2
phenixita,3
gemini86,3
fvalexp,1
jmf42,4
koiralaprijun00,4
mrtdurdenthe2,1
MrMaxie,4
noelpilled,2
curieeCuria,5
AskiiK,11
shortstaysoftware,5
drkpxl,4
rishi-krishna,1
radioblahaj,1
andrewmaspero,4
tac0de,10
bericontraster,1
shikuto3194,1
RoniErdem,1
ebrahimvandi,3
f1ssh,8
laukaho,3
yoiaidev,1
raghusivan,2
agarciab,2
Rwatana,1
denjiqqq,1
kruemel74,3
namitamathew,1
wilx,8
Andreazagato,4
KantaHayashiAI,1
MilliganCo,6
JordanS19,3
AidenNovak,1
mthiel74,10
Pepit-o,9
BSler,1
MaxPrimeAERY,1
andreloboteixeira,4
Dilyannn,1
igor469,1
waptug,1
SiliconAnalysts,1
lxzyuan,1
dvhoisel,3
sergiocolad,2
LennardZuendorf,1
yichao-liang,1
nilsgsn,2
bacobax,2
Shashank4516,1
aborruso,4
andomingos87,7
Pandaora12,1
ESPSA,3
eduardo-mtr47,2
socmind,1
MediaBlackout,23
cuervomaster,2
bequineper,1
bbcbear,1
sbryngelson,1
Gabriel-Lewis,8
Smajkan,3
carlosaruy,5
nlindmark,3
paulclindo,1
aiwahlabs,1
parlii,7
ArianKhalili2004,3
dustykeyboard1,2
gevann,3
DevDizzle,8
EmreKomsal,1
percywmc,6
nodevlfrb,1
tusssars11,8
mayank-jn,4
mpaffi,1
Bonzay993,5
4K4smol,7
Alpha4615,2
henkmorang,2
filo888,1
bschippers718,1
Mammux,7
phol232,1
lewgordon-amplitude,1
darccio,1
qich3n,1
jeffzwang,2
netsky-devel,2
erty765,1
maxbettinelli,1
ronbronstein,6
jrobinfo,1
miaoti,1
heavybullets8,9
HIshimmoo,8
jamalxcode,1
jhoanhu,1
BenTooToo,1
ayrtongenovesi,6
MANOROMAN,13
Uriopass,3
JoaoGChv,5
Tewapirat,6
Isynopoulos1,1
alymohamedhassan,1
cad3n123,3
thomlake,4
davidguerreromejias,9
YonderEspitia,1
ChrisG32123,8
pibulus,3
Albotech77,5
alanmosely,3
swinowz,2
Smoothkh,2
Reeki961,1
ramosbr38,1
Clepeco,1
highflyer-x,1
MMunManAIDev,4
johnnywalkerlf,1
Bonynew52,2
romain13190,1
Kauekz,2
xa4,1
Angelobrozzu,1
rtfdeamon,6
rubengt,3
skimzey,1
ivanstepanovftw,2
BalangaX,9
kisspa-source,6
haandol,3
dorukx1,2
danielBasgo,1
mondragon-developer,2
stu1292200,1
shoyameguro,7
schmurgel-tg,1
anthowest,1
josemariaato,1
JohnJBoren,2
olvarey,1
Kikk79,1
reinike96,1
justingeeslin,1
Anticope12,3
Duong-1309,1
Enadabuzaid,1
amrkurdi12027757,2
meet2akhil,1
ufxpri,6
LimAndre,1
freddysae0,4
AlperGuven,4
Schw-ai-ng,5
uraraka-two,3
pompos02,1
tednological,5
alexvz901,2
Exekekse,1
pablostellaris,3
bneidlinger,12
tomori-k,2
HangoiWarMonger,7
assistantai-labs,2
ciacon,1
galberz,6
chetan-ckapoor,2
mercyg,1
Shadow2ktyf,4
micromoleckula,5
FelipeSilvieri,7
rbenhaga,6
RemXmeR,1
valencia-jp,1
Schwarzerhase88,4
AppMuse314,1
paesdan,1
ferhatknd,3
avelinlicht,3
joakimhesselman,2
fadi-labib,5
JustSamuel,2
justustheis,5
Legobrah,1
InonGuetta,2
chunzha-cisco,3
Na9erPh,2
peterpech,4
marijohh,2
isamu,17
pperera,1
levonium,2
H0ARK,1
MalamOmer,1
rajveer-gill,1
kajeli7,1
felipcsousa,2
err53,1
princesss96,1
FatinChowdhury,1
raditia,1
driedsoba,1
tehoro,4
oxayavongsa,1
adityashukla8,1
hussain-mohammad0,1
MarvinJWendt,5
ymawur,1
Pedreiroo,1
alejandroopereellon,2
sea835,5
MarcosC2021,3
d-makogon,2
vishal210893,3
kevinhafr,1
marekruttner,1
Dorshitrit,1
Sanjana2070,2
paulsundays,1
dannyr-git,1
Oscardenas1000,4
RenatoAlkimin,1
makemespam,1
au6000,1
josegarciav,1
danielkhayat16,1
Chamieh,1
SPehlivanovDS,2
BrunoTBuasso,1
maxtechstudio,1
pseudope,1
reismax,3
takanori88,4
gkirkha,1
TsWty,1
jamesdesantiago,1
oakljen,3
justrawdata,4
weiming0410,1
Farhaan3007,5
hyapurasi,1
awietz,4
csupitytamas,1
munsifhayathd,2
brockp949,2
rdeetz,2
Srivatsan-20,1
mariotoffia,2
deathstrokedarksky,2
lcanady,2
lukewaehner,7
kelvinmenegasse,1
Luanhts,1
MrGolden1,1
athulmurali,1
TheOfficialCHEMICA,2
macaris64,1
Foxo10,1
chadmando,1
asdrubalbs01,1
nevilnazeer015,1
josevandermeulen,1
offreflix,3
ArcQ,4
wladilaw,1
haakanergun,2
sillunclejono,1
Dheeraj1301,3
binguo07,1
yurnam,4
PayamRohamSalar,1
ivo-toby,1
leodesca01,3
camauger,6
juanfran,1
marvell,1
Kevinswardh,1
Ares-wjd,2
erick-santillan,4
fabapp2,10
fyvz,6
Dldvlpr,6
krd-takahiro1226,1
szaher,3
JoesRobotics,1
Blondy9,1
Bilalmabrouk,1
athosguariza,15
Djrajeemaster,5
Pistus,2
imkanchwala,1
bradpenney,1
pirayan20,1
ThanhNg224,1
dromadi,3
websdew,3
dfredriksen,2
ilinevgeny,4
rodchristiansen,1
mikhailov-s,2
kumarsmit011,2
lenhoy,2
erikdson,3
mariaonz,3
mcirrus,1
kyonenya,1
Giuzntt,1
koshitake2m2,1
wustep,1
WintersICT,1
karaoulas,4
borland667,1
Ferhtbydr269,1
sachinjain2000,2
earningbeat,1
aquawill,1
AgustinVallejo,1
cfoster5,2
646826,1
joerucci,4
willschwarzer,1
shihabcsedu09,3
BAmato,3
helgithorskarp,3
georgeevil,2
Vanl1l1th,1
nsanth34,1
Jackson-Cooper,2
vswee,3
cautha1,1
UO276255,4
TomKaro3,6
DherikCamargo,1
YaphetS-jx,1
Obscure-Light,1
stevanusdk,2
frenchcomp,2
arjungautam1,1
alexkart,6
bsrachev,4
anandroid,5
d8d-p8p,3
HannahsCatCafe,3
ljuokr,1
BEtheLED,6
adr-1an,4
365assist,1
hatsu818,2
saaranshgarg,1
mauckc,2
krawo,3
sarjar,2
laminez84,5
wat97,2
bernshawcui,1
dailyatti,5
DevRodox,2
eduardodx,1
AbduboriyAhmadjonov,1
imownbey,1
meettilavat,2
macteo,2
NexusWhite,1
abdallahmuhammed-aegis,1
BinGamil,2
zestyitaliano,1
jay22610,1
mktinb25,1
tomohiroJin,6
kateeee557,3
atsessions,1
AShotkoski,1
Darker21,1
apurvsinghgautam,1
xasancodeb,1
newtonschool,1
prakashkagitha,1
yuzu00117,1
pakelley,5
MartinVelge,1
CokoIya,1
namheonkwon,1
ellatso,2
loadkpi,1
CristhianNY,6
Al3ssi03,4
ColinChester,1
Kowaulsky,1
josuedallagnese,1
SEMP,1
lcrellin,2
pongsatt,1
limonene213u,7
alexejwaser,1
Williamyichang,5
colehank,1
CyberPhoenix90,3
ishito-chal,4
JimWallace,1
SaeedShadkam,3
i-montes,1
chroniclesofmichaelj,1
beatcode,1
DanielMachado65,11
austinylin,3
davidson1418,8
mayank6136,1
Vercantez,3
joehenrique7,1
NaziClaus,11
beingsj,9
valeryn7,1
dr-bach,1
alexander-lebed,1
LucPalmieri,1
wosiak,1
WestiSick,1
imeLaci,2
Skya1Tushar,1
jcestevezc,16
pointtonull,8
talhadnmz,1
Ghost3nexus,3
moonshade9,1
JorenDryden,1
DJDamure,2
olufemifadipe,1
miffycs,2
ddaehling,2
jeremydw,4
mmonzer,2
ashokkumar27,1
goldsr09,3
josh-tracey,1
Somaxax,5
amirhossein-kz,1
50river,4
Snorlax2303,1
joaoadsantos,1
dls06783,1
venkatamaheshanala,1
Abtin76,1
ferkuellar,1
taikhoan1209,1
matinzx,1
ferchox920,1
miocat2876,2
Daiki007121,1
MohamedGouda99,5
ford-downer-robo,1
alvaropotter2,3
MoiCManu,10
ryun,1
goloio32,2
TNTStudiosn,1
KaseMaster,1
retronyu,1
MSHunter-IL,1
elofc,2
giulicrenna,1
rockyicer,2
KarrixLee,3
xiqi,3
schwaberdoodles,4
ddomekdev,1
tsheikhshab,1
leolindem,1
zing4zing,3
justin70809,1
DGeisz,2
EstebanEduardoCando,3
maurirosas,1
dushman391,2
Psychot75,3
Pavankumar-3,3
janhenrik,4
philipprueckert,1
Kaisarar123,1
mamunahmedraj,1
PurplePoet25,1
inputBrain,6
danlenny,3
khnychenkoav,3
simonecorsi,3
Hiiirad,1
AdhemarDeSenneville,3
miweru,7
it-baron,2
Saji-ar,5
airmaxdeveloper,3
DerDoktorAB,1
rwfaught,1
adam-blueoceanmts,3
ziadsawalha,7
MuhammedArsl,1
JorgeQZ,1
kenn1ld,2
badmagick329,1
richardzhux,1
guptasid32,1
martlets,2
ockhamlabs,3
fojtasd,1
wbonis,2
layzieshin,2
noTreeTeam,1
knaditas,1
goosull,1
reedrich12,3
i001962,2
chalotrakunal,8
billpottle,5
tinypoint,1
VellalaVineethKumar,7
9llmy,2
MiguelSanchezlo,1
GustavoCaruzoGoncalves,1
musa92,1
Debobiswas,5
aindy-eu,1
ZerXGIT,1
navasu9-jpg,3
jonborgkid,1
corteshvictor,1
Kazuglobal,1
aavetis,3
azbozzetto,4
AlfredEngstrand0401,1
kamileecher,1
vepifanio,3
Juanphealthcoach,1
woutervanranst,4
edgar-avetisyan-vay,2
WrWl,4
jr419,2
amahar,1
ricardo-david-francisco,1
biwasxyz,4
TheEmilz,1
pbot424,1
nsams,2
heidericklucas,3
dimaosipa,9
Tenneb0,1
YuChainWeng,2
marciocavi,1
ryannerby,4
ANIR13,5
draekath,1
kare-aikouka,1
mikey247,2
eldalex,2
nicks28051958,4
tom380,1
GalSened,1
didiwei-cpu,2
nileshlakra007,2
anandha2017,3
limbpuma,1
arnabsenapati,1
n-nguyen1337,1
Oluwasetemi,2
uspraveen,10
microfix,2
Aznatkoiny,1
nachmanharazi,3
JohnLo718,6
wise0191,1
nbanihasan,2
kkirti01,2
dcderidder,1
apshevchenko,1
MMM2000sa,2
Marco264,1
FabioVRocha,1
istallia,1
DesgerMadrigal,1
juaiglesias,5
Yuki1602,1
amir01mn,1
grishy,2
Sunaez,1
jonathan953,1
bottomline-afk,5
vsmjuetz,7
12Brk12,1
SSSS-q,1
Theekevinmorris,1
iam-veeramalla,1
WS-G,2
cbartel-sncr,10
carlosmazzei,3
Schallabear,3
kohaku-1111,13
tegorman13,1
debankurghosh2061,1
HavenDV,2
YanitzMike,1
fluxforgeai,1
fanguitocoder,2
tvolk131,8
AlexanderLiteplo,2
alexonab,4
Dillonhughes,1
dediudaniel1992,1
zwamr6aln,1
HShaebi11,2
Pylypko1021,1
mgbernal,1
binary-h0,2
Soumyadipmaity1,1
Kaspiks,1
martins0n,1
anil-equal,1
rickgemignani,1
Noor77Mustafa,4
imaher7,1
amelhonosh,1
Elrashid,3
kezekwem,1
dtenreiro,2
araujomelogno,2
mstka,3
PuffBear,1
Olrioll,3
onetwooz,1
byt3quester,2
miroslavpojer,1
samsepassi1,1
modadv,2
taintlesscupcake,1
vickysinghh,1
Duds,1
NolanKoblischke,1
Junibuni,3
phaupt,2
manuelarguelles,1
macrat,2
Spartan-117187,1
yafeng520,1
boomwhirr,1
visti,3
darkmime0314,1
digigamer04,4
cRhettiarachchi,7
sebastienheyd,2
MDKirst,4
cgstrom,1
kamome1108,2
feanil,3
astrrr,2
rajesh-gadre,2
Nicokrr,1
admiller007,1
AIasd,1
mikerosol,5
Vuxified,1
taemin-fp,1
Dexter-RND,1
Sokoliem,1
kboluk,7
KoPyae455,2
adrien-cotte,1
womenmoda,1
WongCodes,1
Rollin-Zhang,1
PikMak4,1
ashish-spext,1
atenreiro,6
hamedmiir,11
mejian1,1
NeoHikaru,4
AIdoesAIstuff,3
Soichiro-Nishio,1
muratbasaran1,1
d4not,1
cham207388,3
maxturazzini,1
sanis,3
protechtimenow,1
harshitk26,1
hushon,3
agiletodd,1
yasblha,3
kanenosu,1
BNBRMN,1
BobbyLin23,1
gulla0,1
jeanpedroni2,1
josehmaza,1
vsserra,1
bradheatyt,1
LarissaSch001,1
eddietisma,4
lmscracer,1
mathroc,2
little-world,1
njl808,1
arpit279,6
choldrim,1
uzro,1
shuzo57,7
shredder2342,1
Manuelgonza17,1
vaibhavb007,2
ghanatheyakash,1
saltbalente,1
chris9962,3
kurovu146,3
WackyGlow,3
tgadeliya,1
senola82,1
pratik90908,1
Sathishchary,4
tsmithcode,1
kaparray,1
bogobil,1
jackybrave7,2
DeepRatAI,1
rockyluous,4
Nugamoto,3
bigdudetheguy,4
huttyman,3
rkbraniff,1
oletiehen,1
cszhouwei,1
ecp4224,1
mrain1,1
julier7,2
Pyrand,3
AzuraNishio,3
Ramonnn30,1
valn1x,2
wakka810,1
cripsts,2
Kaiketay,3
LeeMatthewHiggins,1
SChoish,1
kyouyap,2
Vanklow,1
PereZzZzZ580,2
zonblade,1
saradhisravan,2
Ataraxicat-777,5
johnsulf,1
XFGRASS,1
VinodVermaVR,1
the-muel-git,2
adhamkhwaldeh,1
codeaicamp,1
abdlkahmad,1
Pengi99,2
emil-e,4
AlessandroVentisei,2
DaniPantea99,3
avzaran,1
Phytaghoras,4
brunoaduarte,1
AxisMuse,3
adnrewc,10
vinaykiranG,4
Jack-Patterson,1
KlrShaK,2
forPelevin,1
ChaosTh3ori3,5
Mindmaster-code,4
Rizul-droid,4
HugoHazelDom,4
kut,4
mappy4ever,4
ktarafder,3
swoiow,2
trynn-tech,1
barcklay,2
arthursedrakyan24,1
joshsolman1993,1
adrianolaselva,1
samyak0510,3
keyvankianian,4
remibwa,1
Namyujeong,1
rmvangun,1
bkatusic,1
totouncle,2
koirah-tech,1
Shakeelnasafian,8
sack0809,1
sk8crazyman,1
Daisyhu668,1
ayoubtrabelsitr,1
womri1998,3
msharara1998,1
dodobing,4
sujaysreedhar,8
BareTread,1
AtharvaMahamuni,1
santiagovelezf,3
JC-SoftEng,4
Krumil,2
necronomican,3
suchintan,2
i3oot,8
vncntt,1
Svelekongen,8
utyvert,1
Daratsianos,1
saadlywilde,2
Iamywh,1
robholland,1
damjan1996,2
Dylontech,5
rafapokasc,2
hassanaslam631,1
Shuralexx,1
BiscuitPositive,1
camathieu,3
Smilo-dev2022,2
ayoubleb,1
Calvingr8n,3
fayaebeb,1
Momojr004,1
mandcony,1
PetMatejda,1
muditgoel135,1
rodrigeo1355,1
jeancarlos-dev84,1
webtilians,4
venture21,1
mohamahdimp,2
robbie-c,1
enesaks,1
EngineerDanny,5
marcio,3
johnlokerse,1
paulotorres-tech,1
munila,1
Dijaime,1
SwatiK425,1
dlramos10,1
bean007007007,1
jlmnrc,3
po-sen,2
dudantas,1
gustavo-sotero,3
hongyun888,1
godofentropy,1
GreennWolf,1
Franzi-4,1
asztyber,1
dilshan34,5
germainPoloudenny,4
Daniil11ru,1
ptrst102,6
sean-nicholas,1
john1506,2
maciejpa,2
alessandro-jr,9
hainguyen1303,1
masj3107,1
ngdat110490,1
billdwalters9,1
AlfG71,2
Aravind291,1
smarttoken101,1
devsupport-tech,1
davor-ibarra,2
shaneconwell,1
vbp1,2
ZetoOfficial,4
jaamulberry,2
Mayv3,1
asenhadj,1
astrologiaindiana,1
rusj05,1
Cristian-Haka,3
AshwinKoppayi,1
Euronymousx,1
nothtl,1
Ryder-Jones-8,6
fjorka,4
coltonbatts,4
juanlurbe,1
QubitSage,1
felix4132,1
flankerfishbed,4
VincentLorrain,5
IPXSdev,4
djlee1,1
Alex-Tideman,1
jaaydenh,1
kimseungdae,1
Chrystale75,1
pacrob,2
Nupy,1
mubashirsidiki,3
BurkeBomb,3
SAS-Sasao,3
alicialitrtwe,2
Tmoc75,1
ksayash,2
zephr1213,1
MichaelMW,1
emilianoNM,2
jmsfltchr,1
sohm13,1
lucaslopezpuerta,6
wjslu,1
SeanJuice,1
AlexLamper,4
R7038XX,2
shengxiong233,3
atomeslabs,1
bagasta,7
kirilsgekiss,1
joshuanantroup,2
AzrDll,2
darkfrango90,1
abhitsahota,2
Tuan24455,1
gptatit,1
trung-k3c,3
AFKFelix,1
husodrn46,1
lonnyhuff,2
Pluggentipsar,1
alynch-code,1
ashishdevdocs,1
cassieforbes,1
gitayam,1
cherubicXN,2
pumpdotfud,3
michaelportale,2
LocoTrace,3
David-Alves-Santos,4
vinivinci,2
toniopoggi,1
wky-ll,1
MateAKD,2
fbellame,1
luapking,1
vielhuber,1
NFT-CID,1
kacoulib,2
yuchenzh,2
JesusArcasCarrera,1
arive123e,1
dgallagher33,3
vans163,5
cDataPusher,1
halimb,1
Thackshanaramana18,1
cloudgray,1
rkwm713,2
Neethus7722,1
DeepakEz,1
Dev-Kawshalya,1
Diazelda,2
flickleafy,2
mashh-labs,2
secureconnectdemo,1
tim-tom-88,3
tuncel3,1
brynary,2
getmetut,2
mac8005,1
0xThiagoAmaral,1
khiavit,3
elcuervo171234,1
LEON202304,1
accessd,6
EnriqueIrazoqui,1
Visionz73,8
EliaStein,1
4ashutosh98,1
Oncent1,2
gospowered,1
KrishMehta,2
keyton-weissinger,3
grsurgeon001,1
conditionyellow,1
israahmila,1
skib799,1
KokisQuintero,4
Marko-Mario-Strassl,1
Liones22,1
STRMZR,1
hiroinie,2
brenoppr,1
smthomas,4
Roberto-Peres-Neto,3
jolous,5
HaiderUX101,3
yiweishe,1
M-Appenteng,1
iveymatt,2
gabe565,1
JZJS,2
amin75t,1
JavierAldea,1
tbailey1712,3
BillelMidouni,2
Papashanskiy,1
gonos2k,16
webNeat,1
alturkestani,2
omalleyandy,1
AhnSoo-yeon,2
zzlb0224,1
Massimo07,2
Taki21,2
tejamah,1
MaximeMace,3
santigec,1
Einn2534,4
MichelHollands,2
KEYTRON,5
hakanhnt,1
philk,1
oztug,1
akiastyle,1
junta-m,1
tkshitij16,3
gmoreiraDEV,2
Qosi-Alqasrawe,3
jk-olaoluwa,3
ozkeisar,2
halbtuerke,2
Casperitus,2
MiglenaD-tech,1
exegii,1
akshar-dave,4
jdon,4
garapati33,1
richeeta,1
TikiTDO,1
simoninos,1
jamesondh,6
kanishkg,3
YuvalShafriri,1
XXXws,1
AxelStallknecht,1
filiplzrvc,1
tamaraMalysh,1
david-joaquin-corredera-de-colsa,1
amhunt,1
fresher-unnamed-0b,1
hoganSean99,1
chemonke,1
LeoAndo,4
ziggyplayedguitar,4
jcabal007,1
alvarowops,1
fatihtanriverdii,2
shakayami,1
cristiansavaria,2
Fionaliu007,4
Joemarcus,7
wanghonghua666,1
tinotendanyashanu,1
ricardofrantz,1
dclamage,2
RMTTyszka,2
tooronja2,2
RadiatorTwo,5
shenjoung,1
AlexeySergeyev,2
onotakuy,1
oatakan,5
aldrinooow,1
VaibhavTechie,1
fennec01,2
KSLEE-ALIASM,1
sweelam,1
martinamps,1
phillipb,1
zamderax,1
overflood,2
patelsagar1508,1
LiaIv,1
doomster73,2
MaxIsOntoSomething,3
Entropy030,7
deyvinz,8
Snehiths19,4
imuradevelopment,2
sumit-ai-ml,1
longla,1
Dantes487,1
gilberto-santana,1
trismei,1
jon-trust,2
straykat914,1
nicsaiart1,2
Pierre-Louis-Boutruche,1
wanikhawar,1
KEYY-JEONG,1
xyzluca,3
ElDuartte,1
SKLemon,5
anchildress1,1
kkjh0723,1
astropi-b,1
AdvancedImagingUTSW,4
benjavicente,1
MiguelAbril97,1
rapzodo,5
AlanSouza-19,1
riyathtc,1
bounce18,2
neufcentonze,1
timottowitz,2
brcolby,1
jshin49,1
hyrumsdolan,2
nahrun1682,1
smith2007,1
cgjh93,1
Ceddan,4
carlosschmoller,1
martim98,1
devk-op,1
ricky45684,1
Nekros0day,1
ShivanshDX,1
MarcosPereira97,1
HelTi,1
Jubashishaan,2
harshddes,2
pyprasad,6
LB-dev99,2
shivakgp,2
rrouzbeh,1
PEZ,1
Sixeight,2
markgodiy,1
happynori3,1
philb75,3
PedroNexus00,5
ghagl,2
raywil1,6
AdiSivaruban,1
ALFHEIM2024,1
Mohassoun,3
negipo,2
re1yun,4
LilDozi,3
Zombiefied7,1
starlightretailceo,1
MadSam08,3
umutgur,2
Foras-Arge,2
Mihaifv1,1
Hunter5Thompson,1
rafin11572,1
jeffery-martin,4
danangjune,3
necirabdallah,1
Flamess123,2
abhi2095,1
juanparker,4
swondersalot,1
sagarsen8911,1
ruandejun,1
sup760,1
RajaSardar,1
MichaelAkridge-NOAA,1
AndrejLauper-EH,1
MatanYadaev,1
UYildiz12,1
SweetLoou,1
tvedtorama,1
ExposedCat,1
santoshks2017,2
KshitijNdev,2
ahmethantalha,1
PatrickFustiMolnar,1
therealnemethmate,1
marccammillwork,2
Soryapanha-Kosal,1
Denosdesign,2
ShahrOZe69,1
bernd-wiswedel,3
AmrithHike,3
Raspberryfruitcake,1
mdilovar,1
laken11,1
Sowerjo,1
adibirzu,1
mathiisk,2
1SrGhost,3
NoflexGit,1
komarh,1
mountain,2
QuantumNavigator42,1
pacheco-hub,1
GMSHappy,1
jorgeteixe,3
0xc3u,1
DAICHI-ITO-jfcc,5
tsecon,1
yunusemrekrc,2
hearstalexandria,1
arybud,1
sinyayadynya,3
Metal079,2
MrArnoldi,2
RitaChang5527,1
Nishant-Magppie,2
antwonjones02,1
luannguyenicsc,2
SulaymanB2024,1
C4PT41N4545,2
LeoRigasaki,1
RafaelDe-Leon,2
MarlovOne,1
ericnakagawa,3
michelrp,1
albertoescobar27,1
dtype2100,1
rappdw,4
marcelojpaiva,1
Necusic,1
ProfePollo,1
ollz272,3
LucGamesYT,2
pwestrick,2
tthuwng,1
Elido,3
Lumieregyn,3
codemac,2
jrcassorielo,1
sivanok,3
pingvinnen,1
gitty1824,1
erich001auto,1
amaldev07,1
Khasa91,1
Tasslehoffs,1
IvanEFibiger,1
MagnaWaveActual,4
tokudai-vs,3
eloiJhn,4
castilhera,3
Reinaldocouto,2
lamininA1,6
mustafabugraokurer,3
smdahlen,1
NotYagyan,1
berdnikovartem,1
ganondorofu,1
Prasad-kulkarni24,3
Baka-Nekoz,1
KushagraSikka,5
irmantas,1
mananton,2
imjacobclark,1
aa3372m,1
KrishnaKumarSoni,1
takhlesbh,3
C1-Moreno,2
mangasparini,1
ayanopt,1
kissingherDullass,1
anshukg,1
choddenbach,8
guillaumelfn,4
TheConnMan,3
avocadowebservices,1
gustavolimam,1
Cassio-automate,2
Yveske77,2
ryu-hp,1
Ruidozo,3
KaueGomes,2
welovekiteboarding,1
omaribrahim3,1
Zagato27,2
andreionoie,1
shuvomahamud,2
Mukomari12,2
Carlos1111112,4
behnawwm,1
Pipa-stack,1
Teeksss,1
ConceptDigvijay,1
AmOmar98,2
andreasklae,1
bearsyankees,1
rjanjic,1
natolambert,2
doublenhan,1
tomMoulard,1
peterbrogowski,2
sniesler08,1
gustavofullstack,1
gevinfaza1702,2
timwatts80,1
ArunNarayan,1
Definitely-Ai,3
Benellit,1
sfn101,5
marcchew,2
michaelfried-dev,2
arutkowski00,3
pschmager,1
sharan01,1
baduda,1
dalio8,1
amritanjali123,1
lmlearning,2
more-codes,1
daksh-arch,1
al-macleod,3
miklosparrag,1
desmedtandreas,3
teriyakki-jin,1
carlosr01,2
Dankelas10,1
Ahilkannan,1
Harshak1,2
dragun1234,1
skand3r,1
jomko,4
Techietal,1
asg58,1
PresidaCVBM,1
thpadmin3063,1
kanto1384,1
raymondlhh,2
MrMaus13,1
MichaelAng3,1
dknappBluebolt,2
javad10170,1
SPalacioAhun,1
TechDevJosh,3
jlmalone,3
JeremyKiwiki,1
A3ed,1
JeronimoKarasek,2
rrafaelc,2
vnoblega,1
radinat,1
Pkalysto,1
bobbybrill,1
smrynaleia,4
alienzhou,1
mxk77,1
ElysiumGSS,1
vermanurag,1
ggorman,1
HS0055,1
jniebuhr,4
oria-ai,1
Jaswanthhh,1
MakenRosa,1
nkeneng,3
mateoneira,2
tatsuyuki-morishita,1
Vitvor-ua,1
TatsunoriMarumo,2
Bastian897,2
ZiaRahim8,1
iitiansujal,1
Odi123422,1
eberley,1
gmansims,1
flyingsriracha,1
Davidrieca,1
VanshK123,4
APITestUser1,1
aroldolanderos,2
abhicin,6
haidsh2,1
Dexin-Huang,3
krulykovskyi,1
Luminator97,2
yaharu711,1
alepe03,1
steven91007,1
playerdzm,1
imtiazrayhan,1
dagi2002,1
giulioaugustocesare,1
Sugar-pack,3
geison20,1
JoosungPark,2
luizferrete,2
juhodufva,5
JosoDevOps,1
xdiLLx,3
lievenlemiengre,2
gonzaloTripoli,1
Mk-Chan,4
maxiannunziata,1
fagnertakeshi,1
Behnamatefi,1
ms-omori,1
PhanTienDung-BIT230111,1
Vitor-VarelAI,3
saeedece,1
stratcreations,1
kpeiruza,1
MuhammadShafeeque,6
zntdv,2
JohnBMint,1
ChamodKalupahana,1
vysr2939,2
xDerApfelx,4
EliotHoyos,2
EmanuelCasta,2
orensegall,2
aeusteixeira,1
EleazarHouston,1
minivillalba4,1
fraolx,1
alexardishev,1
aoyama-ai,1
Nick-Mur,1
Nomekuma,4
namo5758,1
geekboy5,2
eliassbaranovs,1
ayaponzu2525,2
RamiElsayed,2
albin-engholm,2
Kimsschrift,1
Space-Paragon1,2
nyom3,1
wangbiaouestc,1
phredi2,1
sulivan22,1
solotreason,3
NotMarketablePlayer123,1
hellomyworld123,1
Omkevadiya,1
Se9uencer,4
Edo-Hachi,2
mrm8488,1
jakobatgithub,1
h2co32,1
RFImpressionador,2
KGlitch,1
edududs,1
aryasaatvik,1
Jtroman,3
suzu150191,1
AbcITAndrzej,2
john-alliai,1
cloudscale44,2
seresdaniel,1
AngeloCastilloPerez,2
ltfy4,1
moshiv1212,4
juanserratos,3
legezt01,1
DEvILSG007,1
Vneder,1
ginger-engine-owner,8
iVortexx,1
k3rn3ld3v,1
Ochoginobili-Ballad,1
groele,1
enkr1,2
LLapsus,1
frances200,1
bonny-art,1
SergeDubovsky,1
Ppetip,1
Bluhs-44,1
Nickiritz,1
banteg,1
sean2121,1
gerra,2
Tjommern84,2
nobuhiroomasa,2
PedroCamargoLINCE,1
EdgarRCarrera,3
AgustinIbanez00,1
chchun,1
revivalsoft,1
christian-tocco,1
Suleman1qa,2
ken-100,2
Mamadsho,1
dscreator,2
arshsyee,1
dmussaku,5
OsirisTerje,3
blokhut,1
Chlodomer,1
comercial253,1
sharonkohen,1
RumiDesigns,1
VolPark,1
thev1ndu,2
Radstake,1
milosdimi,1
haladz,7
AnirudhRahul,1
LynSiden,3
giacomopiva,1
TTatuIntel,1
MahmoudNassarEGY,1
eigenP,4
anandpreshob,1
javilivra,1
Aniket-kr1030,2
dophicial,2
AustinTruvideo,1
lucavd,1
RickyDash,1
valdzera,1
julienlcx7,1
dauberside,4
TylerBarnes,4
clarissalittler,3
eliaswillnat,1
tba76,3
misterminaya,1
gollumeo,1
nghednh,1
JeanFore,1
iixrcns,2
FranEFabrello,1
Voldrop,2
mekanhan,1
OverDlive,2
dryanguasr,2
hargun28,2
ErdemUnal222,2
ruthwikaki,2
pavlee,1
LivBenCa,1
reyjosias,1
csandun,1
apolonut,1
protodevan,1
sachiniyer,1
iwehrman,2
x-hasan,3
AbrahimWizard,1
fernandestor,1
FernandoArnold87,1
xnoodlexboyx,3
BredeBorhaug,1
SethDanford,1
pavelszr,1
ShawnDuLowe,1
bb1,1
edkempe,4
nchristowitz,2
Redrock912,2
Foysal87,7
taituo,2
DavidCks,1
shomzy,1
s-zankalony,2
themoonlitknight,2
osushizm,1
adamcaron,2
jliobarreto,1
inlightdecorations1012,3
1cco,1
Abhinav-Alexander,1
Krimik,1
JulienCr,1
tur11ng,1
suprithk,1
NeverAskWhy,2
kburke8,1
VicenzoScavino,1
Andersonlimahw,1
Muhidin90,1
deluan,1
AraujoAI,1
sudoish,2
dpschen,3
carlosgr1992,2
Zaki-1052,4
Blink1822222,2
Gimenez0999,1
NadaAzzzam,1
Cator197,3
jbmendonca,1
wptw-app,1
pwrsergio,1
MiguelMF-Coder,1
JH3lou,1
kalty13,3
rgpsico,2
akshit7654,1
county-source,1
SzuHannah,1
aepkolol,2
davideasaf,3
Akkbar618,2
baochig,2
TopFirmino,2
NagyGeorge,1
mghashim,1
ttabernacki,1
colleybrb,1
JoeyManicotti,1
tt60905andy,1
cc-source,1
akaDRJ,4
CodexVeritas,1
DarickBrokaw,2
ashonting,3
Oljensen,1
IzunaUchiwa,2
Demetri65,1
BrianMichell,2
7Downzy,4
dgooch5200,4
coreyward,2
Sangbbgg,1
IlyaSharafeev,1
zlicez,1
khoalaibr,1
Biplab1992,1
thoughtleaderonthoughts,1
nitro807,3
TamrielWanderer,3
fotolagoalpha,1
VincentBai-dotcom,1
mathieukohl,1
ink1ing,1
kohki-hotta,1
shrapnle,2
jackgif09,1
Kor-XCoder,2
igalwini,4
kautukade,1
lfeq,4
lindibeetge,1
MolkaPetr,1
joselobelo,5
GelatoBaboom,1
wannasaynone,2
lostleaf,2
guxuerui,1
Eng-Ammar-Hussein,1
redaksjsj,1
cesarmrsousa1,1
luis-profissional,1
LeonardoPimentaIt,1
WebStar-Studio,1
TAGGCreative,2
nkta,2
Nico-Mansilla,1
matthewcuevas97,2
MRBUYANDHOLD,1
HongLeongYong,1
MARCCHERGGI,1
TylerCarberry,1
SAK-124,1
MatheusKindrazki,2
MatthewTang,1
ChrisMissal,1
galasso27,1
Muhich123,1
CZhakshylykova,1
qhbzssbx,2
sTVG,1
joshua-bailey,1
BasementPilot,1
stefanomainardi,1
SashaRX,2
elknosave,3
lawliet8886,1
tsaduranga,1
Nekosis,1
drugoi,1
mashingaan,3
birdforword,1
dlutscher,1
birgitta410,1
shubhodeep786,3
zhitya,2
dieletzteprimzahl,1
okanacer332,4
stubobis1,1
pablopapes,2
karstenevers,1
saichand003,1
ill1da,1
jagadeesh70,1
glusicmarko1,1
morganmcg1,4
catapopa,1
JoseGarciaM,2
Sistema2D,2
scorpionjoao,1
ShankWilliams,1
juan345ot,1
SebFox2011,1
dramalin,1
chevastian666,5
GianlucaCelante,1
celidur,1
Razano26,1
allseen-com,2
Rohitjoshi9023,2
frodepmc,1
Masterain98,3
franciscorichter,1
VitaliyR,1
KENG85,1
jrodrigogonzalezv,1
pdelmr,1
Masterlog123,1
tuananh1006,1
kamilfaruk,1
Haqbani,1
vigdernet,1
dant4ick,1
lovelymod,1
Vtorrealba,1
cstockton1986,1
IIIFours,1
jaromeflamand,3
infinitySoftBo,3
Juli124911,1
loonloon,3
lukkascost,2
XTerroroX,1
ugnoguchigxp,1
romain-koenig,1
TommyGBazin,1
fodortm,2
abdumuslim,4
itsbergomy,2
speedplane,2
BrianVia,4
Shayancx,2
joaovmundel,1
ben196888,1
backrat13,1
skchow03,2
DrTheteSigma,1
rajeunoia,1
dKolesnikov2003,1
Amir23156,2
arenaly,1
JimTriangle,2
gblongiu,1
Julio-Ardila-ESG,1
ksmuvva,1
bodhabhargav,1
bubbletea93,1
Darwin033,1
karthikeyan-se,2
angelo-iumatti,1
jsampieri,1
hairy147,3
evanahlers,1
gdfilippo,1
confidential-nt,2
Jhoffman04,7
Lenitra,1
PatMorolong,1
sreevathsagolla,1
KEVINDELAMORA,1
alepsio,1
receitailustrada,1
cameroncooke,1
robertokovalev,1
akhenathen0,1
ArnaudDionne,1
NathanZaldivar,2
noobosaurus-r3x,1
danbenba,1
tggo,1
bhunter64,1
undsoft,1
smjh950315,1
ideassci-test,1
nvtrung-2000,1
paul-phan,3
mapachefede,3
epiphanyalpha,1
AndersBD,1
AleksiAleksiev,2
giomise,1
tuplescompany,1
LarsBoecking,1
mariyamolkk,2
manuj90,1
eazy504,1
AntonTupikin,1
mike200326,1
Valer407,2
misgender,1
karolow,2
Probiwinz,4
MrHYDRA-6469,1
ammarfarooqi,3
boaventura-bit,1
danielbnavia,1
andrewreid,1
croquete1,1
EscapeHub,1
Kjegla,1
N00BSLAYER1234,3
xuanloc25,1
tapnicom,5
Evirgen88,1
peterdo415,1
abdupattaev,1
bclonan,2
cwawak,2
monaam,1
caron14,3
mchlggr,4
BlackNapalm1988,6
agusmachado,1
ed-marquez,2
ShalevHak,1
Ambroisedu21,1
annaerdi,1
JuanTBZA,2
EmployeeNo427,1
andriisedniev,1
amitpaz25,2
JulienP24,1
nommu-moose,3
Adroit-hadjor,1
MatiNivin,1
haizhouyuan,1
DevOps3830,2
ilovelumo,1
malh,1
dikshithreddym,1
nivanrs,1
ashutosh8021,1
tedelcopp,1
chiarorosa,2
RobertTate,2
Mokshit06,1
propertyprinciples,3
peteb4ker,3
pabhakara,2
mesmerizingwaft,1
KyleIsDork,1
rootkaus,1
zhukeev,1
Josch01,1
Maeelk,1
mwilkowski80,1
IDCVERSE,1
AImakerextraordinaire,1
alfie-ns,1
Layerd-Studio,1
Asaf-Greenfield-2,1
raysandeep,1
GTACAus,2
allenhutchison,1
sgim87554,1
maxim58r,2
ilia-maslakov,1
iamserjo,3
jaymosley07,4
arbitraryarea,1
terrafabricio,1
Metoraf007,1
OSMeteor,1
Ilay3,1
dovaM99,3
decentration,1
CF25CF,1
Tingstveit,1
alsiddegmohmmed,1
HwWobbe,1
JeremieAlcaraz,1
dancik,1
Allenwang214,1
abhiram177,2
kasmide,2
Nithinrarmia,1
dudutwizer,2
ibeltechnology,4
nivedhbot,1
rosajsx,2
kanabar,1
xpander-moriel,1
yutybass,1
dabit1,2
rilindn,1
VictorMunoz-DataImpacta,2
mgalex13,1
wayne930242,2
qualitypartner,1
erttvsd,1
ScottTMConnors,1
Moeed47,4
DanielBaronMoveo,1
bioshawna,1
benabdteam,1
kg51548,1
scottmysliwy,1
malikdraz,1
AvaxArrogant,1
TacTosT,2
Brilleupdates,1
rohilla-aditya,1
Juanflu,1
alejandro-feo,2
pyarya,1
roman-dotsenko,1
thefirans,1
sargis56,1
Hectorasesio,1
OssyCA,1
sthiruthikad,1
KangWoner,2
Kernalsmelly,1
justinrivera47,1
niklasstich,1
readytodiv,1
Keno2903,2
sensei-zenabi,1
AntonioJordan,2
codermanz,1
pavelpisakov,1
AniketRaj314,1
genyklemberg,1
ExploringTheWilderness,1
t41372,1
TEMPODISALDI,1
ratjar110,1
mauridesion,1
YanYuary,1
arnoni,1
esapetri,2
theigniteai,1
AllexxT,2
BigCav,1
kyliecalpha1,1
ComansServices,1
winnsterx,1
chemimartinez77,1
rasnerafa,1
Greg-CLD,2
DiegoiSaavedra,1
usmanshahid86,1
Chieu-AI,2
wintor123,1
DilanUludag,1
LF-RoGu,1
vryzhikh,2
apesteguia,1
piotraf,1
joshuatc1701,2
moustacheful,1
Stewinjo,3
EmiEmi609,1
dbcrypton,1
Bahikka,1
toreleon,1
UASRobotic,1
Biel777,1
luk37692,1
anonomi-og,2
wh1t3-r0s3,1
feel2174,1
monicatrial01,1
RobinLmn,1
franzsilva,1
nikhilchadha28,2
eduerrusso,2
xogusrns123,2
nspyke,2
colinfrederickson,3
SaqerMunther,2
Thalasklaras,1
Zeyad-Abderahman,1
AldomarAssolin,1
Pleyades12,1
hakantapan,1
rakkooo,2
kolykoly82,5
keigom,1
ducanetalha,1
sander7070,1
liesse65,1
ThiagoSchumann,1
DeeSNguyen,2
abbyviral,1
stavyadatta,1
Habni-Carvalho,1
sharipovjonibek,1
princechouhan19,1
pre,1
likedrinkmilk,1
praveenbt2004,1
YoSiem,1
nguyen-van-phuong-19,3
TokyoBoy-VS,1
ShubhanKamat,1
lassesofus,2
Amit-Dagan,1
md-nobir-hasan,1
softclone,2
gepetier,1
guus6457,1
SohaibRaoufy,1
sebapersson,1
Sue566,1
Koetbullar-Droide,1
Bremiller42,1
aloproducao2,1
Azichi,1
ElmiraMirzabeigi,1
ghdtjdwn,1
zaidmeccai,1
ada-carter,1
DyerBruhMalcolm,4
EZappala,1
NYCesar,1
yzfly,2
AdielMag,1
Zerk4112,1
chris-w-gibson,1
gochoag,5
josephaven,1
PhilippeRigaux,1
readjfb,2
JMnITup,1
stablestar,2
iRashedK,2
LBB2005,1
KristoveNohy,1
rugvedhiwarkar,1
Thestartofyou,1
Samiaum,1
janrubik,1
JonferJmz,1
bilalsedeff,5
novaticstar,2
sabasssssssss,1
tchau412,5
Sebidev,1
shalawomer,1
barc0d3,2
lucentrains,1
AndreeMarkefors,1
behicof,2
edenede2,1
jessyfal04,1
sjsmurcia,1
reneantonio,1
snklpee,1
austinch3ng0521,1
Jake-Pittman,1
jvkan,1
ozanneli,1
yongsik1,2
OrthelT,1
Daniyal0100101,3
ebenshi,2
lpestov,1
patrickelectric,1
timurkupaev,1
Trung1812,1
asgeirtj,1
mathematicalmichael,1
mdicki513,2
Somebodyhere101,1
jaleco8,2
jagmevada,1
kickflippingduck,1
Aweesam,1
nis0420,2
poopoothegorilla,1
yuky2100,1
dagdson,1
germardones,1
adrianjiga,1
Kuroiryujin,1
PrashantiSharma,2
baudouinken,1
helloosas,1
mohit-zumasys,1
Daacad44,1
hildes,2
Digitalbricks-ai,1
buildtestlearn,1
gustmacena,1
BehomaznAkikito,1
unixgroove,1
uigctaw,3
AI-IAN,1
Fontanapink,1
minothegreat881,1
mattdot,3
jamiehdev,2
llorracc,1
gmaisuradze-adm,1
authur-pendragon,1
naman594,1
opZywl,2
j-j-m,1
lt-brlara,2
navidhasanzadeh,1
kennymkl,4
Horse-MA00,1
RabikClabbt,3
longhao1213,1
beingprince,1
esatiyev,1
bummyYoo,1
kdbock,1
vrodriguezf,1
omergoldstein1,2
efecnblt,2
Playerrrrr,1
k1o0b1a9,1
jftmames,1
fonsp,1
sozezzo,1
SHDigitalStarten,1
skrim,1
Ives101,1
rafael-nicoletti,1
Lukas401,2
ryankyrillos,1
Zae-pro,1
Tushar1729-k,1
SDTheising,2
afedynitch,2
pyq,1
sergiundr,1
melike35,1
YanchiHuang,1
FrederickOB,5
devnish23,3
POB-LAB,3
antigremlin,2
Cliveburr,1
esanlidag,1
ketan92229,2
dias-zhanabayev,1
Larius87,1
maxabba,1
SvenVT,1
AiNet5g,1
joor241,1
ankitpoudel1,1
stuart-clark-45,1
Kbhat1,1
HaseeburRehma,1
caffeinum,2
alex47ST3,1
jonathanciapetti,1
Pierre63628,2
sculleywr1,5
DrSchomburg,1
monsdar,1
erkinalp,2
Papayazz,1
fbokane10,1
BG23-bit,1
marcusvramos,1
JackB-4,1
masa-massara,1
hugojr14,1
podo,1
shahidhussainsoomro,2
IsraelDev560,2
davs20,1
roveneliah,1
Jung0x12,1
neerpatel,1
jhonwix,1
oseitutu90,1
erickv,1
ardov,1
rederickbarbosa,1
Jadebat79,1
NektoNeo,1
EmilRosberg,1
whoskite,1
hassanhabib,1
masa-kunikata,1
lolplayeru,1
stitot,3
Martinroynelli,1
hathach,2
jamesjscully,4
mehdikord,3
maballesteros,1
tslegacy25,1
jordicore,1
Raj619-pict,1
rezabanitaba,1
ravi2390,1
ShrimpOnABoat,1
FortisWarden,1
daniyarmukhanov,1
akash230997,1
aprabh96,1
Litone11,1
Lauti-Tapia,1
kazaneza,1
Brute-Technical,1
gtejasvarma,1
Hydronautica,1
dupremathieu,1
aberendsen-informatica,2
christianbrendel,2
henricjansson,1
adhrit1,1
MMWa,1
sebastianmiras,1
dergeratwirniemude,2
PaulDePodesta,1
eshaanmathakari,1
kwanman2,1
Kaniel-Chani-1,1
jpsbdm,1
pn74870,1
cancinc,1
jiabug,1
anoushm,1
just-sudo-it,1
Moredy,1
barakooda,1
AdamMady,1
GnomesLittleGarden,1
seojcarlos,2
joaoribeiro-controlink,1
schappim,1
jinhae8971,1
just-code-in,3
TrueV1sion,1
Harmanny,2
narlei,1
c25696,1
green600,1
guri-coffee,1
Macorreag,1
HirofumiZempo,1
lucaspimentaa,1
FaridRzi,1
horihorihoriho,2
advait881,1
hagch,1
shangobashi,1
TATAXIMU,1
sherman0769,2
AllanAviana,1
tejima,1
programmerX37,1
abd-als,1
skuldug12,2
beelol,2
amol-narkhede,1
yuvaldromi1,2
Stebin-berly,1
grmc1999,2
n8carr,1
Kokotinar123082,1
sami24191,1
JulesB40,1
ofminneapolis,1
BDGuthrie,1
nechks,1
vitorpontobarbosa,3
0xMatthieu,2
Eyupamayok,1
mcd77,1
sidrin,1
blaizethelaw,2
choi-ce3l,1
coolindye,1
diegotormes,6
messplay,3
vml645,1
Griseham,1
heyarviind,3
nimay-1,1
jperezde85,1
king-deamon,1
k-teshima,1
NexusAI-AX,2
Raha111,1
rafmiqgus,1
lcyang77,1
OdivalPereira,1
Mirkulix,1
IMinChiu,1
mivan202120,2
mendezvfj,5
amema42,1
RobelEs,1
iharc-jordan,1
andersonodev,1
kbb306,1
omidpan,3
jrpalacio,1
NominalTrajectory,1
twinprime19,1
Tolovaj,1
TianjiaoShen,1
Itebashi,2
justfinethanku,1
ksylvan,1
mr-desilva,3
ermendg,2
zekeriyakoca,2
MouSimper,1
mlragland,1
bbnso94,1
BachNguyenn,1
souvikmaiti00,1
shirokuma0011,1
m7142yosuke,1
nswood,1
SonPM888,1
saraivadev,1
LightbrotherX,1
danilobortoli,1
BartoszBezyk,1
yagee,4
necatisozer,1
andersholt,1
nicochunger,1
blupp,2
PedroH183,2
GeorgLegato,1
jadenshirkey,1
ashraja941,1
vinilana,1
lucasoeth,1
deandevz,1
lucaslondon8,1
sergioopuente,4
Tsutomu-Ikeda,1
gnjfgnjf,1
isava361,1
DevelopedByDev,1
ErickEtManuelNew,1
just-live28,2
asafmatan,3
Oban-Oliver,1
moos-w,1
j2g-sie,1
Cengizism,1
doucol,1
partibrejker2,1
Techneaux-Kmayeux,1
kenan73,1
reefmetrics,1
t1meofmy3nd,1
ikicc,1
pavangmore,1
Dackss,2
yoldas06,1
raanruuster,1
Jahandad-Baloch,1
AspirinCode,1
gurno,1
pixumi,1
technomango,1
shadowtheme2,1
zkbaig,1
lzhou1110,2
Ohaluquin,1
EgorZobkov,1
wer310,2
IoTeacher,1
fulfly,1
Golvi1124,1
AviROY21,1
maauso,1
derrickquinn,1
Srandee,1
TiTiviapp,1
StoppingBuck,1
Likithreddy18,1
Noordles,1
g360qsasidhar,2
choiuhana,1
patil-suraj,1
santosderek,1
StefanoBertaccini1998,1
Codekob,3
pkoch,1
laithnas,1
xllap,1
brettulin,1
Mazenosamaa,1
zzk1228,1
doominkim,1
vgiri2015,1
lyfar,1
jordanschalm,1
siva-sub,1
engineerasf2727,1
marcantonioschulz,1
xwpedram,1
YYLYRO,1
neoalabs,1
Gh3tt0b0y,1
Dhruvil-Rangani,1
hamo0od,1
Fuhrey,1
WashingtonCoutinho,1
Sedose,1
patrick91,1
j4ui,1
epischel,1
chain11207,1
GyodaiDDA,1
felipeadeildo,1
cococry,1
natalia-hh,1
g-t-tobin,1
cavdarfr,1
OsmanSefaOzdemirr,1
wibeeworks,1
promaxone,1
kelpalmas,1
solomongs,1
gdbaskara,1
nurusanwe,1
Glikomannan,1
aykalux,1
momonong,1
Kotelnikovekb,1
yceruto,1
jdrusso,1
mtaylansahin,1
BillBanned,1
marcomobar,1
Tonihabeeb,2
aragacalledpat,1
joelhooks,1
ErhanOnaldi,1
iggcdev,2
GakuSempai,2
zipmatheus,1
Alexius-Huang,1
yay5a,1
ozzielove,1
resc863,1
Viiruzz,1
yilunlu1021,1
dperezc1,1
Freemlen,1
MuiscYY,1
jkmills,1
shiiiinkd,1
tawapnas,2
denniswalker,1
wegfawefgawefg,1
harikrishnanpu,1
Noxious1222,2
CarlosCarrascal,1
tjtanjin,2
batgnome,1
mateuscrocha,1
taylorsegell,1
vietnga20081,1
ConnorDarghaoui,1
AnishPimpley,1
Boernsman,1
Noc-t,1
lucasns97,1
ulyssestenn,1
nablosos,1
nataondev,1
suhasprasad89,1
dvirarielsh,1
anasjaber,1
ahmeterenyasar,1
anishchelliahcr,1
adityawdubey,1
rodriveracr,1
flunkscommunity,1
Conde86Projects,1
saulmrto,1
reos-rcrozier,2
kimdaeyoung12,1
truebizon,1
Sudareff,2
Notoes,1
NeuralForestViz,2
MatheusSegalotto,1
pedrii6969,1
alexor87,1
juanpst99,1
tariat,1
Saikiranmdv,1
imhyeonuk,1
zivbam,1
sandeshapparala,1
hawimmer,1
Ocapus,1
pburtoncmb,1
jhoang304,1
tanakatsu,1
akkaz,1
senbilalsenn,1
1987diegog,1
vinitkr123,1
AlizadeM,1
PillProductions,1
fruitsamurai97,1
EKOISH,1
mamura,1
kdot-og,3
brian-nunez,2
SihenZhang,1
arturogsaiza,1
ssabbi,1
HectorOCH,1
AboALhasanx,1
Dokatrade,1
meaguirre3,1
dthiagarajan,1
mcgeld,1
Hasashi121,1
gauravgosainleo,1
ankitnagarsheth,2
CarlosFaccelli26,1
p4w4n,1
blitd,4
davi1381,1
faelgabriel,1
YaoS-Code,1
peteryxu,1
austinio7116,1
chemiyamada,1
RedOpsCyberIntel,1
Ilyamim,1
mynameismyna,1
Bruno-Ghiberto,2
neobobkrause,1
Grex322,1
alexbelens,1
ibleedicare,1
propower1712,1
Uzere,1
Zeeff00,1
Amraneyoussouf,1
murchelon,1
kayvane1,1
VovaStelmashchuk,2
DagfinnHafnor,1
darasoba,1
alxcy,1
anuragr3295,1
script-gunaseelan,1
Rashoooodi,1
breakAIDev,1
Venkateshprasad0303,1
ARarsenic,1
subhojeet-roy,1
Gustavo-Henrique-Souza,1
fenoh3ry,1
nizmogr,1
ElgAtoAi,1
andreidima,1
libaum,1
bindiim,1
DanyR13,1
realidad-matrix,1
aianman4823,1
Regiski,1
PiotrBuda91,1
taignajorgen,1
DAE2025web,1
tanwuttisakdanon,1
mormontx,1
MadeByAdem,1
Grandizas,1
muliang0711,2
pazussa,1
Mondlak1,1
Javendean,2
classicrob,1
Waly-de,1
povli,1
harryila,1
CodeHeroMP,1
pijon,1
BTONY92,1
iSaaMz,1
gabogth,2
adejdeji,1
rutabagaj,1
Gora92AI,1
maxistar,1
Mosko160,1
EngrAdewale,1
serdargulmez,1
Naves61,2
piyusharama,2
Sushisource,1
katsuyatanaka1994,1
mirai-toto,1
mlft9,2
k4lii,1
issamohamad,2
IndexM33,1
rguleryuz,1
kliu128,1
TrustViking,1
herman9339,1
merquis,1
SalahNassar0,1
moycrz,1
marukitano,1
mandemisgood,1
paulgurinovich,1
OREYH,1
Daahmed91,1
cddxwfl,1
ivanWu38,1
AngeloArias97,1
Zyron,1
ductai199x,2
austinkimchi,1
Thomas410gone,1
therealdandecker,2
anirudhadasgupta,1
aakar,2
Gwenillia,1
fi-co,1
ankrgyl,1
gentle-shao,2
daddydog0001,1
VIPO777,1
TotzkePaul,2
kotchaparn-w,1
punei123andrei,2
noppakao,1
rinnemunch,1
AdamCSmithh,1
felippe11,1
AnthonyLanceRacomaNieves,1
kol-di,1
labbe15,1
jairoCO10,1
JcAmela,2
salvii,1
matiasscovotti,2
AlperTheKing,1
undertakker116,1
JoseF02,1
lfnovo,1
fdjkgh580,1
gudleyd,1
amank3125,1
SMentasti,1
K20Ol,1
ccpfoye,1
MrTinoMeit,1
ltgbao04,1
Hodutuandat,1
KamilWojas,1
azammarchi,1
justfollow-co,1
grandorr,1
SatiNotaDev,1
smorande,1
sandeepgsv2025,1
jianyq,1
bittubro,1
quogentconsulting,1
JanekMic,2
dustinbyrne,1
Kaimul24,1
juonjang,1
vaso0130,1
SantiagoXOR,1
Jairoj88,1
cbr67,1
davideperozzi,1
yazanshanaa,1
zegueri,1
Willxd123,1
TOOL2U,1
xgedev,1
gujjufication,1
fabriziofonseca,1
entretenimento-sexual,1
aipyth,1
Fijalkowska,1
berserker,1
tdhckmn,1
Gnani1918,1
kr8s,1
vitorpavani,1
ach2ashes,1
rsmithlal,1
pon01095,1
maks-okhmatenko,1
phillipod,1
defidaddydavid,2
josueramir08,1
michaelmarxx,1
Silv3rcrowss,1
bnap00,2
waileg,1
cesarberci,1
samuel052,1
braintek-david,1
ahmed-gelemli,1
Schniz,2
tassanai001,1
elvelu,1
rirrgang,1
ekremasc,1
TheBossWP,1
Cristhianrg1,1
SayakGH,1
amont065,1
aposadasn,1
willwang-openai,1
MisterTwister-gpt,1
SaltedConB,1
nhafairi,2
JuanCJR,1
joa-byte,1
tintor,2
Mu6a9922,1
dp12-34,2
genesups,1
mtriggiano,1
repobat,1
shopidndd,1
Alani25,1
hellojags,1
dannyplace,1
evanjholt,1
luismiquel,1
pooyanazad,1
surajpatel0611,1
shoyrock,1
sebastiandiaz21,1
abrenna,2
ioan02,1
jasonsalcedo1,2
utikpuhlik,1
gyaanantia,2
trinity-cloud,1
JadeDomasVasserot,1
Antoniomrx,1
kcdodd,1
nevikaja,1
josephmangmang,1
NyckoRBC1996,1
MUFDevDex,1
pasindu-pr,1
chaiyong0401,1
shubhamattri,1
ryu-thakahashi,1
chian-chen,1
haodarohh,2
adebenedictis2020,1
dogukanozcan,1
mbabari,1
andrewseddon,1
anomalous-prime,1
patrick-wbots,1
shoh90,1
houseboy-prodigy,2
JaiDoubleU,1
kyleknighted,1
kaushallodd62,2
mafeth,1
Chill1312,1
kfabiszak5159,1
MPiontkowske,1
DonFlat,1
AdrianPMiro,1
neilnorthrop,1
hali,2
dadone75,1
fomun,1
RAJKIRAN-GITHUB,1
MathLottar,1
Sprengmeister-dev,1
SouphianeJ,1
rokytnice,1
loisakilla,2
jwildig,1
WhiteAssassins,1
TadaoYamaoka,1
roshkhatri,2
Romi-Walker,1
mortenjust,1
carlofelipe-hub,1
dkevinscalf,1
Jersk,1
antyo-system,1
MzaKhn,1
vergewissert,1
jrodr995,1
jerpdev9,1
Lapott8,1
lebronisbest,1
Vattikuti-Manideep-Sitaram,2
israelmeirwi,1
revanza-git,1
pjpmarques,1
BachErik,1
MohannadAreed,1
idrive72,1
newts7,1
CrassPip,1
bouncycurls,1
ilia-nayakshin-oshensail,1
AhmedSalihNOV,1
Maksiska,1
tomasiten,1
ugurtheiron,1
tomerqodo,1
yusufdiyebir,1
thekaasking,1
zhangzhiyu321,1
yasieck,2
ppapishe,1
subu0212p,1
kankinku,1
Askja,1
kaliuzhnyi,1
paulisdataviz,1
alanlivio,1
andytrigent,1
mattias800,1
silviateca,1
lesenvoisdejc,1
sarthakjha889,2
srcnxylmz,1
sugaith,1
kathestos,1
ihuzaifashoukat,1
vladop12,1
vdionisopoulos,1
abenedi,1
TheBoxCoder,1
daley28,1
jialuoZhangdev,1
pipwilson,1
marceloGreenn,1
ethantuc12,1
egekocabas,1
vkas0812,1
Xistaminose,1
seanblatter,1
JvAndra,4
chiragpatel269,1
dumindu2041329,1
MarcBlattmann,1
sopedal,1
ForYourEyesOnlyyy,2
gimlichael,1
FuzyonTD,1
ilelkes,1
soadevopsai,1
cathiem123,1
Ubaidb936,1
KalleBylin,1
lrbob,1
nonlin,1
eamaldonado01,1
CodeDeJustin,1
MahanVeisi8,1
farrokhi,1
DaTT2001,1
bioShaun,1
Jihooni97,1
Voldemort09,1
ldh019,1
shallowdream2,1
shtrkwn,1
Tiburon78,1
VTBre-14,1
tooniz,1
Daniel-418,1
RafGonzatto,2
aaroncarlock,1
MICHUKFC,1
z-fujimori,1
hizmetai,1
JamesLau0088,1
soliwalker,1
edwinkennedy,1
Yurhaparro,1
DavidSilvaProg,1
jmyueng,1
DrMarchand,1
HobbyLesss,1
ovosignature,1
mjadala,1
Praveen12Z,1
xfmrexpert,1
ramirobrugnoli,1
ypwcharles,1
readwalkerchang,1
vortexdeeptube2,1
KenshoTakizawa,1
benjaminbelaga,1
jahau,1
joelallara,1
gozman,1
pwnz22,3
pixelsizes,1
GIGABAIT93,1
glittering-universe,1
sumpeanut,1
nikolaevra,1
MrFruitDude,1
Shinobabu97,1
bassam92,1
yoyin60,1
1kuna,1
conor0072,1
mahmoudotaku,1
Kevinouio,1
blueysnow,1
akash-git-online,2
Abdelrahmansameh,1
chinmayn,1
truemf,1
DanielAraqueStudios,1
talberry,1
MG9797,1
SamySalamy87x,1
dnclem3,1
unwaveringotaku,1
soyvural,1
oisanchezp,1
jhm1909,1
sandiren,1
SHAY5555-gif,1
XDimmersed,1
gbmatos,1
gjaskula99,1
joe-sims,1
jeremycalcarian,1
mehmetsevri,1
leandrojo,1
JonasBouchard,1
venkywonka,2
Alain-Rostomyan,1
kkaan,1
mocha98-cymk,1
Moradillo91,1
TheMessiah24,2
rapperpd,1
rasha-rahman123,1
b14ckPanther,1
EGDongAn,2
amancheno1,1
samurzl,1
ranjeetthakur,1
Balays,1
AfonsoBuarque,1
scottkwong,1
marutilai,1
denbezrukov,1
JELAH-JABRANE,1
xpuria,1
26medias,1
ShengrenHou,4
squallzell2212,1
Zombieliu,16
rass4k,1
staubracing,1
jorisayivi,1
HSchlagi,1
gabrr,2
hours76,1
drthomas246,1
clocky,1
Gad9889,1
RafaCopyvara,1
Samira812,1
igor-zatiti,1
namtran2525,1
hmeister10,1
dbdaryl,1
milas-melt,1
gunbladeii,1
Stephan2728,1
shobhana550,1
scasal5,1
Jorgelmh,1
ruleskenny,1
kaisbachraoui,2
kaublezw,1
sbutton123,1
ShaneNZ,1
crjaensch,1
rowan-baker,1
oliveira903,2
ilyakar,1
AyanamizZ,1
libishm1,1
MarcosdeBrea,1
kirilchristov,1
clmikestone,1
Morgana-01,1
davidmh0203,1
tzp-smo2,1
4thTomost,1
usame-algan,1
mareksybilak,1
gero-gero,1
jaeholee2212,1
jenstangen1,1
dot-Justin,2
Swimhack,1
Phanuwat2828,1
maclordaj,1
Aasishmuchala,1
BeckF4,1
DenDen047,1
yashGupta566,1
majernik-slac-stanford-edu,1
hauwa-dalhatu,1
muzzymoneymarkets,1
vERKE,1
raphamoral,1
Riccvita,1
epoeck,1
Spartoons,1
vstandera,1
jeffreychery009,1
tomfanhm,1
Daytons,1
jgross,1
idontnowwat,1
MagikMalik,1
cadleta,3
Kayky4,1
zubairg254,1
nborwankar,1
Alfahan,1
k-keyes,1
pavlosuperhero,1
rttqzdqzddz,2
santiagozevallosq,1
YeknomStun,1
mtzdgtlab,1
msanchezgrice,1
makoncline,1
suguind,1
NightlightZ,1
jjsanchezc,1
victorsalesa,1
ManuelJimena,1
behagoras,1
Whauu,1
Graphicassassin520,1
jsphyg,1
lukas3482,1
GSeyfried,1
Yosamy,1
philipprobin,1
JacobBratcher,1
noopy-li,1
yavuzbeyy,1
mariobarretta,1
csunijena,1
smk762,1
abdothetruk2,1
BeholdPL,1
vaglino,1
leinelissen,1
bca-vibe,1
Chackal099,1
davidcantidio,1
emanuel1025,1
AbdulMoizKhan,1
medhedtech,1
phantoslayer21,1
angus945,1
pengujoa,1
rkandhi,1
alfianakbar,1
johnnnyyyd,1
e1ch,1
ModernMan-n,1
osec0606,1
joseph724-Fk,1
qzconnor,1
oali619,1
Mglaubert,1
apresmoi,1
chung-chu,1
Flightworks,1
Geraldki94,1
dende1896,1
mPhin87,1
tommytornreloadet,1
JanaRamal,1
hofmannsven,1
HemHem07,1
Vanderbiller,1
steven12138,1
TiancLD,1
umutgolgeli,1
mhe8mah,1
CodeHalwell,1
joeyenfield,1
MOLOZISE,3
Mahade000,1
Black1151,447
CybotTM,126
amplice,23
netmin,92
ArthurCalvi,16
fourohfournotfound,20
IlyaEdelshtein,20
shiba4life,248
naoto-aoki-fy,59
tinystork,1006
danlukic01,134
lucsailor,7
eputnam77,253
dankrr,616
F286,124
eraste-dev,88
brycedrennan,77
revathiest,549
metebalci,22
JVCarmich0959,94
DouglasCantao,1
this-is-me-123,41
Aias,50
ilge,1
TrololoBird,123
nm-z,95
abdogr44,64
agari0919,1
naturae-syria,172
luckydizzier,1104
MiguelRipoll23,260
ayush-1610,20
Ladvien,1927
Distortions81,825
KevinA2505,414
kashbur,328
cat8806,50
GAZKV,124
Alkass,138
griffithac,27
multiplex55,616
DerGamer009,68
n3m351d4,38
prabhuvajjiram,60
nozomi-hiragi,6
carlostoek,634
mazzuccoda,6
Septimus4,4
baptistaw,32
mufflyt,143
Iharry-marques,3
Mizontresh,43
zymlnlp,5
dripstaltd,4
salcatoreone,1
shachafemanoel,3
jhandley,31
Abaaza,124
QualitySushi,259
Drakonis96,403
iamfelipeS,1
Gse74,19
WolfOP,32
Charelk2,1421
costantinoai,17
R3D-R4V3N,215
Z3MP1,9
360innovator,19
Krealer,778
denuoweb,328
habib13352,138
iniakponode,88
SBNovaScript,31
PhantomExMachina,65
MiasTheImperial,99
muhammadaufa123,55
Bootj05,112
Cosmo697,16
wboxxx,1007
mhasanince,1
DaddioTime,6
erkamd,12
Eito-Kubota,1
JakeLevere,221
sabbadino,7
JUJU-technopedago,1
victor31657513,177
russs95,124
swerb420,249
JereSalguero30,3
Gh0stbreaker,159
161sam,512
yangdongsheng,21
lambworks,3
Tonyyagami139,1
samadvalipour,12
Zonar1994,8
Franc4sso,1
6ba3i,21
kenfus,6
sslinkyy,46
NikaKiknadze1,13
L0ks,1
JIeCoRyI3,86
shanibpatel,1
tw1que,28
Fodel2,238
madeforyalo,6
matt-warrington,9
L0C8,27
srgvg,91
Bruzzknock,64
eshita01,49
motomaniahn1212,22
Stippes,76
mbaetiong,684
gordonwatts,22
m0neZ,749
Valithron,79
kristoffer-tungland,79
Juu164,46
josemar9993,67
jthet,168
KallokTherok1994,2
tqbf,31
JohnDataAnalyst,1
aolson078,66
miguelGerez,5
RaptorEfini,15
Pazneria,38
alexwoolford,108
nykytatalysman,1
NewYaroslav,55
BikerViking,360
Freddyslim,228
iamramakanthreddyk,385
carmelslam,78
Jds-23,10
MohaSharif,83
asadrizv,4
CretinousCap,11
gagankumar82,11
deividaaas,49
tgpetrie,4
facussc24,898
ZahoorCodes,1
miguelsanchezvelo,97
sreekaratla81,163
leducl,20
iarunsaragadam,17
PMantix,123
mwelde01,4
JohnnyLawDGB,76
tomymaritano,224
ML-flash,52
scottfalconer,630
Akxlarre,129
AlexVM02,1
nfcampos,14
zbsedefian,31
kilxnix,13
jashvira,7
Ruffdraft,23
YieldingData,4
dangerberg,31
lucasgabrielba,9
timurgilfanov,3
yourlastnamesoundslikeatypeofpasta,666
govert,35
MelkorBalrog,481
JakeChrist,187
geoff-maddock,54
mattymattmattmatt,20
bakar-bkr-studio,37
Calatias7,42
flourishing1337,59
pardeike,9
DestinyleSnowy,31
MILGSONIC,9
CyborgsDream,325
shaunmcn2001,83
harmenhilversalten,27
johannes-kratz,3
kleidilamka11,64
varunswarup0,147
revanapriyandi,17
tndor,2
outsprt,30
immanuelweber,10
JG21243,26
foodiemonster,37
prophet-a,1
shirohir0,1
inan3,406
MehrdadMiri,8
fol2,83
lewisbrown-uk,14
okamotomiak,119
clayprod,35
JosueHuashuayo,1
AntGod6123,55
matdev83,132
angr1it,68
sk1zzovsmx,84
psychedelanon,117
harish-kunta,142
AntonioIndindoli,10
warnedar,38
tintungtang,34
GitHubKing23,28
bennyhartnett,166
GurdeepSwain,1
KTB-14,5
CircusHan,45
yuzusour0220,7
YazdocApp,3
Jean-LucTch,10
rafaelgonnect,5
Vesias,27
psymon263,3
hdahhaoui,72
novaeco,54
dbastias37,310
amritrajpaul,80
xniconicox,100
BONJOUR2025,85
jangsh124,5
IMS-Tunis,115
Flexiblefabric,329
Zacharyjs23,143
mbmb20000,13
gwaagg,10
zawadman,2
jamesjordan06,148
MrFlounder,4
Gilblasse,170
0xbenc,151
stephanmh,238
cpautist,49
haideralmesaody,27
ColinDuf,22
coen22,39
cz-codex,4
Mrunmoy,27
SoliDeoGloria000,27
tomydp,2
kvmani,55
ChangeinX,405
VishnuVahanDas,111
knoksen,111
Savitarx7,40
Zhgong,37
cornhundred,48
fastlayne,1
EmirhanSergen,162
sir306,63
BorisSolomonia,17
Dr-rer-nat-Who,142
Mahmoud-ElNatour,37
axyl-casc,217
lindnjoe,9
dainei-makino,254
slugger9066,5
Ghostkey316,325
cjcoax,6
925PRESSUREGLASS,48
caunt,119
maksym-arutyunyan,70
Edu2566,108
IsM1ku,66
accelero42,24
martinobettucci,103
Anheledir,6
Ente,1
NotNexx,1
eruelkeroglu,1
gabriel93140,1
faeld1,59
renzohillmann,3
agrosoftmanofti,28
valen-tino,4
ahomescu,20
srgeddes,7
richardkauli,22
ntzaprev,4
preetham7cs,52
imkacarlson,55
Pikkeno,11
saltman80,1093
benjamin1160,51
pkamp-de,4
kiff82,108
TheChristopher21,113
Tishleric,36
Gianfranco555,232
zk-xyz,45
diemano,2
Akzuwo,22
BibleChorus,112
mateusoliveiradev1,233
copyleftdev,4
enznear,114
MrMeetrich,4
Utkarshbhimte,6
dpan,7
mmoayyed,55
LeonHartmann,2
yanchuk,6
franccesco,11
plantimals,11
gaolay,22
lhl,30
siddharthshah87,107
amolchavan777,64
LeoMercorelli,4
edwindominicjoseph,122
giftedloser,133
vviseguy,27
danielroot,1
tim-a-davis,17
toonnix-github,172
Howhow22,1
teniscarmen,127
MeechYourGoals,109
jcsullivan216,2
bykkcs,57
AbeedKhalil,222
trismegisto78,9
dstebnev,117
roflc0pter,1
ryclark,50
itsmasad,65
rajneeshrana0,127
ytpl65,1
chunRam,37
takashi-hash,22
happy-3,130
KATILUV,1
luxquant,4
Chemaclass,54
monological,22
sjw07,70
KoenigWX,43
wipodev,7
artuuuu777,1
CarlosJChileS,220
jblomberg,7
achantavy,11
saikrishnarallabandi,14
phellipeandrade,87
jorgemuc,153
yakir1991,101
rob-blasetti,53
crosse1,158
rcortese,26
bvweerd,141
msmvprasad,3
Modellfan,93
pqyu,1
janithPriyankara,1
FatemehFN,1
sonu84it,63
Smurph123452zq,36
darinkishore,44
chrislydick,23
AraMyst,89
D3Brooksster,78
genchev,10
jricica,75
attgitmain,216
estebanaraoz,148
Micah-L,17
jpavonabian,1
JamesBread,12
Jubagral,5
brettdewoody,11
BennyGinger,1
anshuls235,10
toyamarinyon,93
mashr9980,2
iwarp,4
0xFuckTheFeds,214
apiasak,4
alphabin-01,2
fi2cc,1
ThiagoLira,16
sode0417,3
asr319,272
zaufi,18
CesarPetrescu,29
JackH23,110
ChenxuKwok,19
eliastsoukatos,105
voidexpr,2
mariompv,6
euisang214,121
Admiral4828,267
tentwinkle,76
hache183,4
ehgus8,2
FCMSStudent,152
Drscq,5
HitomiChyan,27
leonx15,11
angon-akash,7
philosophynote,12
tosolevsky,1
jyarling,120
daniel-libanori,2
BrunoRochaBelo,354
JuliusMage,5
shroominic,32
cteqeu,1
richieclose,16
txm296,74
zapabob,5
PaulBodelot15,26
galaxysoldier97,15
bartoszbogacz,73
johnzerola,20
sirbvcket,1
EphraiemSarabamoun,3
talverber,2
tomoyk,3
dansan566,1
Se-Gu,35
luiz5432fds,5
andrehebben,5
gpihl,63
stuv1983,1
MarcArmy2003,30
ArletteB,7
terrafeu,2
BaochaiXue,66
udvabon-tech,14
lokeshpaduchuri,58
AlekseiLiu,1
bernatfp,6
phya-williams,1
ltnalsxl,197
klappy,59
rpx01,246
johnnyclem,9
Wasgehtab97,178
provoware,163
eddyarriaga00,1
jepl1-ua,23
REZAMAMOD,2
richarddun,24
Tijn-code,1
keikuma,17
lawdataANDotorita,34
iGhoulzz,16
SavaSova,12
valentinsg,28
derneder,111
sfboss,1
felipeeeeeeee123,66
shanelindsay,67
samheelangstrom,24
Primzark,13
Dnyanesh1999,8
Andersgoliversen,97
nrdvana,4
dicnunz,17
herman-ba,11
super3,54
chance-wnb,1
DakshBeep,33
rwill-trust,2
gitosaurus,10
takasaki376,1
loyfus,23
welder60,299
iiRedPanda,9
Nasry9,6
CraftedQuery,136
efrainmpp1,50
xny0115,26
Nkspl,59
Otzel,11
alialsaffarcodexals,19
LYGGGGG,2
hanzvertuhay,11
selazr,166
dot-gabriel-ferrer,142
Aero123421,33
Debtrise,73
creol,20
VScode831,4
cyanmishra92,28
jasonlryan,163
guc1,120
rftngy10,7
al-hamadani,10
AMBNNJ1,131
acedusse,46
twothe,15
paulprojectp,25
ascender1729,4
jakekinchen,48
YerayAR,69
ahaan-parmar,5
sooneecheah,3
TCOL2024,18
fgolshan,1
umutozd,7
AntonioCancemi,44
LiuChangKing,40
CRYPTOSKY168,3
revans04,90
mrpanda-bamboo,1
kibalcioglu,37
matthewfurnari,46
JS1240,56
renanserpa,123
AlexeySavelyev27,41
mmarfinetz,4
rgdonohue,7
kaiKyutech,15
Larz1881,36
loboczss,271
WhyLev,67
addictional,4
merlintxu,41
SaidTorres3,69
prostak402,24
Urmanga,8
Grefendor,9
NinjagoJaden1,4
Niabag,127
MariuszJanowiak,1
chris-alexiuk,5
686f6c61,4
XAYND,11
smonier,53
tom21100227,6
AtotheG,78
zxvxl,25
lazan9,1
Seijas,3
joaovitormessias,1
fdb,6
pierporz,36
bacemhlabba,3
cbCielblanc,57
signalrandom,189
ludox808,86
Salnika,5
RayaneZ,53
stevengoossensB,6
limitedcoffeetime,9
Rbaladi7,1
andorthehood,2
Maxougit,7
emilio-oropeza,1
billmetangmo,2
Fabriciodevbranch,6
rubengpr,6
nisbus,5
MC770,1
yannage,111
DebelToni,71
aziz13-coder,37
mattb3113,170
nczempin,80
FranciscoEmmanuel1998,12
IngeniousIdiocy,27
gogoiaba,9
gotirahul96,2
moruklabs,4
ChrisKeeleyGitHub,14
SalahAlkhameri,2
drewcleaverdotcomadmin,49
cohinteractive,33
RStrinati,72
1047lakewood,25
emgycreativo,31
pooravdhingra,90
AlinariC,171
DrTekno,79
zwanski2019,111
austinphillipps,49
enemycrow,80
torslan,8
Mark-AImagineers,45
matsubo,4
damianhaase,55
Lexan92,1
buildwithjeremy,5
topvlad,18
AshwinVishwanath,14
LiLBly,1
sitaurs,49
warrenwhipple,11
AlAlNi,31
compmonks,56
Mickey-snow,11
JavierSerranoAlvarado,4
giokok-test,97
jscarle,69
MRTIBBETS,4
nodefather,8
sangyeons57,8
TheZedxD,38
anayy09,11
Tubbster-UX,20
livemzhrn,11
aleksandar-radev,29
sfox123,26
trevyn,62
chahal-neema,18
J-Rosales,23
wlzerd,99
jcampbell9724,31
satyampurwar,49
mcmespana,78
EJE2025,28
xtrasmal,5
sampledev-eng,69
KfirHashay,114
lucaschoeneberg,24
santi753,5
APiTJLillo,82
jcval94,145
makhin,153
493583,1
ziling,3
KytesVI,27
japa86,2
radhika-athenian,27
nerdmonkey,5
DiogoRibeiro7,60
pedroluizmm,67
NetSysFX,5
Narion2025,60
freakingjesus,106
YujingGao96,2
Andgloza,1
Patrick14314,162
hiramekun,2
maxkipila,2
HavenlyECO,513
Yonsn76,15
NathanNeurotic,252
bincyan,11
plunkydev,1
NBO2001,15
Lilcooldoode,4
sombresito,98
itsAR-VR,79
lsd-cat,17
shortsalecrisp,34
mldangelo,71
chuyii,34
mayankkashyap879,15
Thoemel42,6
willmpls,1
chaw1,4
iius-rcox,51
ferozem,34
faridani,20
MatisseAD,17
akshayaxv,6
lalalilalalai,1
jhulio435m,52
jamorosino,7
andr6,15
LordOfCraft,11
jamesvandyke,4
Pepengas,129
Kote87,107
beakbreader,19
DustCoron,6
rkonow,1
kjarisk,27
aidicardo,30
ajayadav09,10
mehurtado,3
gribeiros,10
ankur-JA,14
SteveRyherd,35
AstroU66,7
daniloamendola,4
AutomationOptimization,134
R-Bowes,95
Wilson0279737,1
zzFernando,6
b4uharsha,39
Aleksandre-Beruashvili,50
cakson,17
budcribar,75
Corsud,259
OLMORBRI,9
lienchien,5
yaugenst,18
FumikiYOHENA,4
moshemery,59
lopillo,69
mdanshin,5
lukejl246,4
dglass710,12
LightChang,35
JamesDeRaja,2
talibd,13
bramluiken,56
Nervoload,36
Kecki92,2
Lochy2000,18
CORE-IQ,46
mariorfdez97,1
cheesedongjin,80
MoeFxx,16
pmboutet,41
makstaks,2
Planqton,104
OEvortex,20
zoom2408,37
jezek,55
romero-gator,2
kubusus1,1
FranPiBe,14
Virtuel21,33
Muskhoops,2
uspiritwolf,2
coco-world,3
carlosmavel,44
tituslaxajr,5
GradleGandalf,11
tdgao,3
aliertunc,2
ArthurOnWeb,18
yahyabakleh12,122
SheepTester,12
firuz-backend,1
TuxHood,5
ScottCoffin,18
pma1999,25
jeanyves7,9
codingPractIO,9
vanbako,96
Ant0w,2
Marie86-alt,4
PhantomRoland,2
steven-pushed-to-main,16
morganhunterbuitendag,117
imbowen1973,18
bernardobap21,3
Habdel-Edenfield,30
Elmontag,15
Tao-pyth,35
Efurber,1
aprilrushh,101
Iaaronk,15
kjosaas,9
stuartffh,209
Bjarnp,52
IFAKeV,19
miketui,15
vitorlimadf,8
sokratesalpha,1
tblakex01,28
nightwolfcem,15
tylerdurden4285,41
fxi,24
taylorelley,65
MaxGhenis,7
pkp24,19
Vinipurcinelli-hub,19
castdevbr,11
jacques234,3
ingitom99,6
Constantiner,5
benjamin-leifer,85
asmed0,3
fumiya-kume,45
webmas52,1
damienneimad,6
VitorEltz,5
qquan2108,41
samuelrobson4,4
entirelyalive,10
edstace,9
Entropicsky,1
meal,7
sai11101989,1
YichuanZhangthemostHANDSOMEone,28
dtohma,7
RAKSHIT1998,46
Peihang-Hank-Luo,13
YA-666,6
viberl,3
AgishevDm,5
G-lacier,15
futuro48,33
zexry619,9
yojedesign,10
guy16510,6
Sowishi,30
mgwillison,21
smcconoughey,44
dibu28,39
Calvickauer,61
47Ali,23
dshivendra,22
AKSHAT126734,1
bmanikan,1
kirfan3638,11
eagledofc,1
rmatlak99,2
ChFxPro,20
rajkumar160798,7
donbigode,23
lucasrod,1
vgcman16,119
MsStar04,1
ntindle,5
pyramation,8
JAYSIN122,1
jnooij-visionplanner,9
KolossalKode,3
jakeiscool222,3
mariano,32
busio,5
PranavReja,71
chiyonn,10
dartsolarpunk,5
gjpelayo,3
vasutra,11
sliterok,43
bhanuprakashvangala,28
gabrieltemtsen,48
derekwins88,4
mirella-vorsprach,1
Jose0305ja,22
mktcenter,2
Chriss-bit,1
mystafe,216
jpspGitHub,13
festimii,98
OhmBoyz,62
UncommonDLL,5
DaniSF1,5
jonathanprocter,59
alexian-dev,41
bryandebourbon,98
mcstempel,10
kofron,1
holaymolay,31
MalenboimLior,45
watahiki0102,10
azmusgb,272
NancyCu,49
arwinwijaya,37
RDM3DC,81
Hyper-Duck,24
matheus-rech,7
Squelch85,10
bcdannyboy,34
3rjoselu,8
DylanDalal,5
baricev,47
shawnmclean,28
ryanfowler,15
AllenGSimpson,61
danila-mamontov,22
liamkernan,18
bmparent,34
arieldaniely,43
sda-p,26
TiRizvanov,7
bs-alt,10
subhan-uf,3
louispaulet,112
mohammed9038,24
baldurlogi,1
codycfreeman,21
LocalSymmetry,53
davegpt3009,21
YASSERRMD,20
noajshu,25
dcuche,5
Ali-Parsaee,1
luizof,152
jColeChanged,16
kylewoodruff,19
ifis98,80
Elwis28,3
Jakub3628800,12
alshifan,2
gratefuljay,1
CarterBesson,4
pouriamrt,2
christopher0331,14
dj-oyu,18
kim-aforce,2
ykikuchii,5
Ignemia,21
KKamJi98,12
crisluongo,5
Pedro-Moran,39
mirage335,16
danstis,25
retrage,8
mikecoburn,3
NeruoDissident,6
testai223,13
manhbi18112005,1
j0x62,1
git03-Nguyen,12
zain-codes,5
Likio3000,163
Shymon1994,14
GameMolaMola,62
jpn-hnai,37
Rashedx0,3
Peptide90,38
Alexandernys168,11
anaelrobson,39
haggisswap,18
avinash-kan,1
moleh13,2
BorisBrock,16
JorgeBeserra,5
ravibansal1,3
4stm4,4
heorhii-makoveckyi,2
Princeparis,6
ecav22,4
EmzarGu,46
consistorioAI,36
jordanjw404,7
louistrue,170
starghoost,1
DouglasFilho,7
NikolasBerntsen,4
FarDust,21
ragallardom,128
soyrochus,33
TSGCFO,15
mariusandra,1
kwabena-offei,36
Shaus12,4
bankarohit,147
ekroon,30
SaptaDey,84
TeamSPoon,7
syukoGit,5
biscuit314,9
danielendler,23
qmorozov,2
dmd,4
awlondon,27
Jacobious52,9
lavonnepatoir,3
xandrio,28
xytoxyto,15
SupaflyFPV,21
Mikiish,35
Bessaq,7
SimonMonnier,15
trister95,6
dustinbroussard,91
dewgenenny,79
marinafarias25,1
darkmullac,33
mhmtktkt,6
alexisjbaptiste,13
valentina-kim11,128
Syded74,30
Shuppen,19
Arash-s,4
benjaminvatterj,5
thelordofdino4,9
michielhdoteth,18
Dave-Meloncelli,24
mikegoat1,2
nicolasb49,32
kevon-vems,46
DaHoo521,6
scottmclellan,6
shepherdvovkes,100
iccredman,1
dvreno,11
turnono,20
emre-unlu,3
elvinagam,5
willcarlson1,2
trignomtry,3
sonac,2
HX-GCAMEY,1
khalilhimura,9
mjohnson139,1
gongotar,3
phishin,1
juposada93,17
FarzamHejaziK,1
jdguggs10,4
kmmehedihassan,2
arynshimmy,44
EricLBuehler,26
praveen2288,8
artk-code,1
billyxd3,5
adamd9,60
adamalix,5
srcjp,139
vivianxu0424,28
JackGod7,2
tea-earlgreyhot,51
Christian103103,11
lukassmetana,2
rbuccigrossi,14
nospicyplease,5
wolvever,130
kyarminrox,5
Vcm00,7
laisee,25
ATsu148,59
VacBanYT,5
fjammes,6
pgosko,2
boydvde,1
Akshaytho,11
Sagotua,46
amitlisha,18
TeoFilaX,1
alvaroSaavedraCalero,7
BROKENISTXD,3
breschio,5
Helvaris,5
bradtumy,15
jagneservices,44
Armond-Guze,4
thebigflowbee,5
shyam-DSA,16
Wenlin-AI,28
Taron686,7
Hylje5000,2
HekmatSuha,6
abdut7,18
sydneyrenee,105
MohammadaminKafi,33
VladimirLevadnij,37
porcherface,20
VictorLuna42,1
cjtrowbridge,157
mesutKoc77,4
tantan628,5
mnsko,2
JMLegere,24
GPT-Design,9
marsrakete,13
Grossculptor,38
Jaureguy760,16
vikasbril,8
mr-cto,30
FutureMUD,48
asigdel29,4
danosito,3
LuisRevillaM,24
glide-the,15
AdirBlajwas,16
B0ss-M,124
ENKI-420,2
areckster,25
fivepoint-0,1
deneref,25
flippergo,2
Ritwik-Shandilya,73
LPDWB,4
metwallusion,24
nimit-27,94
Shuheidev,8
GS1Ned,12
naseraliomran,7
cdelmas34,5
ecscioni,35
mamungtg,9
vantaloomin,5
juliusgutierrez,1
zephyrgoose,6
ryotaro-ikeda0,1
RchGrav,11
timboGithubMan,10
The3seus,4
hodagi,11
BigLittleSpaceman,1
SebV77170,29
AdamHede,31
Lenenba,3
PierreTrehet,58
catalinakarinip,12
codex-binaural,13
AliKhajegiliM,7
georgewfraser,34
PedroRgz,1
Flansi,62
fmaillar,43
rational-craft,26
pablojavier,34
NursingMyKD,5
realr4an,2
NucleoLudico,8
emcd,2
vinaykudari,13
mifm,8
NguyenTrungNghia1996,131
cperales,63
Homer-1234,1
jazbogross,5
aaronkopplin,25
rsazid99,20
RobThePCGuy,5
walln,4
joonsooyoo,11
merulbaddatalks,45
Markov7322,12
himanshugaikwad17,10
Mourex99,3
ZankDev,1
ZachariusSousa,28
soapproject,2
joaopedroAnelli,49
mtahle,14
mgero,1
amineaissaoui,1
Extiriority,2
joshharbaugh,7
Riccardo-Vecchi,3
alparo,11
liebero3,11
99williamsdav,39
likrant,11
MarketingLimited,71
Raphi-2Code,10
FraPochetti,5
LovingArtandCompany,1
doug4987,10
ErtasBunyamin,30
Burak-Diner,4
isaacreign97,11
ravilodhi,10
mytimmay,24
eesanoble,1
harritaito,17
DominikGolebiewski,3
Chloe1229,1
luomaohao,2
Ahmethulusi,3
EmilMrsic,31
adv0cat,7
deepaucksharma,243
kalliduz,18
evandempsey,13
xorza,18
lcharleslaing,16
johncotter3,20
dirkenglund,5
ia03,11
l0lsec,81
joelyoder,55
Archov,12
hiro259,9
gyulababa,6
trimad,3
Stnmendel,11
blocher,7
nabildhiba,3
tylertyza,6
DINGIRABZU,5
raulmalagarriga,31
guardiansphere,3
Yenya030,76
HawkEyeTheRapper,6
anishreddyd,14
svallamsetti,1
gitxstudent,23
TylerDaGeorge,9
ultros,4
allogolden,11
danieldiashub,5
abniki1212,12
3vanII,21
ZonG0D,3
kamekingdom,3
aibrahim-oai,19
h1ddenpr0cess20,48
Rsclub22,3
ddauber,4
y-kisse,2
wielandb,51
cwywilson,8
stocabbo,10
oumar-abakar,1
cat2code,10
vagnerhf,2
RSamaium,11
davidmoser,19
heyalchang,5
marict,56
Karthik0809,6
lancepounds,36
RuedigerVoigt,3
FranklinCoding,2
PaulCutcliffe,15
FONGKA2,8
dusek2,3
fname00,78
VayunChugh9,1
nehemiah313,44
KPSTprog2024,65
notgro03,1
thomasbonr,1
abhimanyusk13,4
krsion,4
dmibod,10
alexlovelltroy,1
SeppeHannen,8
SassytheSasCodetch,2
RafaelPompeu,1
GTamilSelvan07,2
Gurukaelaiarasu,1
henceenterprise,21
braiansilva7,16
nicolasgti,1
richbodo,9
antoine1anthony,6
viniciusbuscacio,4
VicVM,1
SavenkovIgor,23
peng1999,2
theultimatemusicapp,11
pm-pmaas,5
nsajan,4
h-albert-lee,6
tedsteinmann,11
hunterd,12
streesmos,17
TizianoGuell,24
ShakyPizza,8
Cammisuli,1
JasonMKurtz,22
abdullahsai,50
kyleclarktech,11
fhnetgain,7
ipusiron,11
metrobox,1
the-mahdi,13
craftybot-brr,4
jcbmcn,13
parthfloyd,22
maxbbraun,2
dsuth10,16
DavidTJGriffin,9
geraldo72,1
kuraop-side,2
caremao,9
raphaelmarra,4
c4nc,10
benregnier,22
Knusperhexe,2
Sir-Ian,19
DavidMelamed,7
wjweng,4
DatRush,8
felixclack,6
hoyoung13,14
Maxnights,9
picatz,13
noelsaw1,38
DungeonFox,13
thahrim,7
xiangyu-sun,10
pigeon,16
xtmms,2
luis-cogniaxiom,18
Udhul,36
omerfcinoglu,7
oteroweb,2
loganadison44-beep,4
zilinwang617,31
dioo1461,5
yarik1988,1
sunerpy,2
deymosko,13
JindrichSusen,3
anghellp,4
reddysteady,154
solrey3,27
hlydecker,7
MediaJohnD,31
swistaczek,4
mustafaakben,15
Aa-Lockett,1
darionewton7,1
torinescudo,1
FoundersCFO,3
fare98,2
stevehansen,24
TheBoatyMcBoatFace,2
ehawked,4
EricWangFE,5
chrisjob1021,15
ddann,1
tmenguy,4
mkanchwala,1
greatSumini,2
TheRacBW,64
poojithaBandar,61
beav1982,11
Valorith,3
Lorenzo2002-cmd,1
raspybd,1
kb-uipath,8
yasser0769,2
TechNektar,1
JimmyUA,19
mojwinter,6
at10ti0n,16
DevSolto,14
ultrapjg,11
jgr80,1
0xARCOS,55
peeles,23
crkdown,1
bydolg,12
Schwerti09,2
Sam-T-G,4
issnobody,7
yossi-weinberger,11
AvacynLab,56
MuddySheep,49
Gorkowski,34
ayililili,10
ShogoSasaki,1
MarkoUrbanistic,16
juandiegocardona,3
hoelzro,36
piyush-181099,3
nstoddard17,10
piker0925,7
MohammadHoukan,18
bugparty,23
samif0,14
GCalebe,4
marko-durasic,12
yesthisischris,45
CaioRodrigoCEVDEV,39
itsnahuel,3
cfireborn,27
felipemacedo1,7
BBBoring2025,1
DrewGilpin,41
wnsfuf70,2
minhsimple,32
robinweser,2
Bassem16,1
wenrolland,4
Herdy721,2
JeanDupont1234567,2
MHolmes91,22
DemonGiggle,14
Enel0,26
be-ns,25
0xantman,10
Jiinwon,37
Ugur85,1
albertocabasvidani,9
PoongalOO,7
tsvb,64
DeclanKim1004,25
jingiru,1
Alvie40,29
s76354m,8
iesodias,1
Inanoky,1
pezzos,23
danielhamen,4
htg1616,6
FransVanEk,13
alongd,1
denifilatoff,1
carlos-nexans,3
avichal16,14
wang301208,27
takahish,4
Nehemimosqueda520,24
Haller125,3
sentimental37,11
BeerBear85,47
renatgalimov,22
dfkcm,9
BritishFalcon,34
vaivanov95,8
fourpartswater,1
MeeraOmar22,10
ConfusedRebel,15
heysep,6
FriarAletheus,18
cesarbrizio,16
kevinburkett,11
MaarksN,4
Lats7,4
VitorRandrade,2
hiro877,4
FaresDG,40
buresjan,24
ChadRoyer,44
rowantrollope,6
jaisal1024,1
TheSecondComing123,56
DayVilla,40
immnlshn,3
Stephen-Hearthware,21
UpFlow-ios,2
visualizeq,12
raghv-m,3
vishaltolani8,2
yylai,8
ehallford11714,3
salvanight,10
Nikomika,1
ChabanovX,7
forworkQAQ,7
GaiaPuravex,2
F-Wer,5
liuchienhung,23
DP-Original-Games,6
awun8191,17
Github904868699,8
behaghel,16
BigDanTheOne,14
wyattphillips-philips,28
andre-lmarinho,38
BytesAndCoffee,28
viveklaks,3
chrnueve,1
COLOC-BOB,14
mmiguel40,7
kbellioum,12
DTTerastar,25
madspaaskesen,22
wfuentes35,26
ahmadien,41
Devilblader87,35
javiertorrecilla,9
WENOTFLY,43
ShiningSord,8
jramalho,4
teastin65,10
vanpelt,7
SwollEngineAF,7
kb131331,6
Jack2Spiece-nn,51
ramiefathy,4
Brahim2007,23
Max-Song-04,1
maxoushoot,18
yan-braslavsky,2
vraghavans1,8
ebrophy,1
juanmiguelar,23
ameena3,2
JayNightmare,13
Sjonesapps,27
Santalgo,25
kabirsinghchugh,2
Csabesz1130,12
rubenayla,56
Kenshelent,4
SofianeB06,42
andi1984,13
stss15,10
Qsuluqod,7
cat-a-flame,25
indigoshakti47,3
deaddisc,3
madeyexz,1
brygallo,18
rpbxbt,7
laey-ta,14
grnwood,26
BenediktWi,114
radosroka,3
zfsguy,2
Cal-ly,8
fwilhelmy,27
YalimTech,8
HelloTian0806,4
Shingiwoo,26
mihneamanolache,8
inov8tr,8
EnbangWu,7
nakashima2toshio,5
kibaekkim,6
Bobishe,22
sudoesnt,2
dotneet,1
ebbsleo,1
swiknaba,7
hunzzo,16
mosch,11
Urdemonlord,31
theholygrail-ai,36
nybblebytes,13
BreezDev,4
sagobaday,13
RPP1011,10
raymondzheranlei-github,14
RafoM,40
Toptennn,14
scottstewartt,1
nagadco,9
hottsoft,1
310-whtwht,8
graysurf,2
friendy21,7
ollivermc,46
Brahmrshi,11
annguyen115,5
KM0Lab-git-admin,2
radimspetlik,10
thierryall,5
InfinitumForm,5
aymengharbi1,6
diegoarnanz-maker,7
MeirBen,4
mmong-yoon,5
HikaruEgashira,7
khlee-lab,7
ChaokunHong,4
MantleOfResilientAgony,8
ichihara-3,10
Nopass0,19
goyamamoto,45
Elhouceine777,1
DiegoMoraLM,14
spakai,1
bogdan-lmk,8
NooruldeenTaffar,2
asaf92,1
labidi,28
a-you86,1
achavira112,2
asem187,4
agrianwahab,24
facundogarciaengel,1
thetylermoore,1
Nel31,6
dawid-woitaschek,5
quizbot88,1
harisapkota100,14
asdf1589,7
TrippyMagic,9
bendoyon,1
suiramdev,2
abdelmalekDandashy,2
tomgibara,7
kekko0908,1
attilagrynaeus,25
wintvue,2
InanSyed,10
kalininlive,2
Nagitch,5
cunningjames,6
quangtin131299,4
Sid-Diamond,8
ulises1211,13
chrisbigler,8
pawa80,14
piekenverdienen,10
brain-fuel,25
gabbieissachar,16
shikhar-srivastava,11
MeMyselfAndrew,2
5ayfu,10
JamesSmout,6
punishments,5
CCJ-0617,4
AshB4,29
oppai,2
torosys,67
ajevans99,17
michsu0927,8
pwd0kernel,12
movingparticle,5
antriksht,24
Gabszy10,22
ernadosmic,20
batasal,5
geeknik,13
jonatha1992,20
cmoore549,2
20204166,17
pwinskill,30
DrZebi,11
lemartins07,5
jjacobskind,5
victoramattosc,4
mjoist,21
aviggiano,16
nirorlev,1
marciosaraiva7,17
qdequele,5
toyoshun,20
luisvictoro,3
retr0devops,16
bynbb,11
mkingmking,8
himxg,1
0xJhinkz,15
Thomatoketch,19
samchensd,4
paradoxxe,1
Eineeeuq,1
3ba2ii,4
andrefarzat,1
arechavarria,2
TuomoKareoja,2
LUXORANOVA9,3
MarloGreene,1
yakirgeffen,2
streamlinesystems,1
ironavt,3
acfran16,10
alexander-freelance,25
uosakana,5
alqaisi42,3
justinwolbert,2
ohmbudsman,4
planetoftheweb,16
AkiEvansDev,24
Golde34,5
pasThal,6
Deekz-nz,30
takotime808,12
angelo2004-mateus,2
hubertecos,29
Trendmaker,6
Hassanmhk7777,1
Kigrath,8
tijnwoutersvdo,18
LunaTK,28
Caliciotti,3
Willientropia,1
MihanEntalpo,6
cjgunase,3
MargusS,5
jbstamp1,2
nknowlton,6
MansurPro,2
EgoExMortuis,3
53380,21
fschneider13,30
bidem66,1
iliaslkl,3
olesho,13
arcazj,25
gmercey,3
jonocreativo,1
imhiju7,32
tclare95,7
shadowdacode,2
sha1am,5
BankNatchapol,6
Jarza235,18
jules19,21
vantoozz,2
tessii,13
lidoctor,1
jordancolburn,10
dhchoi-lazy,5
Shahidali88,1
Azamat-new,7
hizenxyz,19
heyitsalina,6
Enteii,8
thenarrowgate,41
ggeerraarrddoo1,4
Kindjhali,50
eakubilo,14
rr1583,6
MateiMartin,1
UniverseCitiz3n,1
cmontilha,27
Trubador,8
richardfontana,4
HFMonteiro,2
KDLN,6
PecheritsaAleksey,2
HarunMbaabu,1
icck,6
Steff72,16
ManniOfficieux,11
haraheri,1
tosyno87,77
dylan-kwon,8
Anandshde,34
brianelkington,4
raphaelscholle,6
mozartilize,7
andreaskviby,8
Solus-sano,1
buecktobias,47
andrewyamamoto,48
maeyanes,3
Szymon5922,1
charlesmeeks,4
Fly-Marketing,12
jacky1777,1
fahied,4
jrcosta,7
Kastle1807,1
nesoms,2
MM-Japan,34
mneuronico,7
Alexsvensson99,1
rodrigotrk,4
Ale2k00,4
crow-1412,3
Thow76,4
twosems,1
gebert98,3
issufibadji,8
kibeom12901,8
pt2710,15
ak2i,43
sivasrinivasnarra,10
MagicWifiMoney,15
Dmitrij188,36
Zizafitz,2
zPlusERP2017,2
sentientpets,5
swapnil91,1
nocturnalknight,2
sargeras197,4
hamidwakili,6
Scionax,49
mz462,15
kasravnd,9
MichaelSVF,3
KoDesigns,1
NeuTroNBZh,11
maxidon8522,1
kdkiss,39
alexeirojas87,3
rifatsekerariot,1
westonsandland,2
alesierraalta,11
rodrigofmiranda,1
Alloysj,9
brandonaviram,1
wagnermontezuma,16
jorgekpedroso,2
jcordovilla,7
attaway,7
AlanFPS,9
MasterOfBinary,29
dskill,5
prashanthbala,1
Sefa314159,1
pedroeug,6
kirtansoni1,12
davidstoegmueller,43
kamishimoemon,4
mohyeeCT,7
realromanow,5
MitrofanovDm89,16
MT7720,15
EtienneBBeaulac,3
nn1k4,12
ihabsouey,17
evancorrea,2
pat-skipper,4
liampotts,7
Takatakatake,5
goodreau,2
equihomepartners,54
hjmolla,2
som4paul,2
hrcomazing,10
MaxKho,1
Jaaason30,3
neuroQuantu,2
luizjrlopes,28
TiegoSan,4
ibensourya,10
eli7382,26
javiss122,1
DriftClubAsia,1
JoaoNeto25,6
DadaYaArtem,8
parakhc4,3
Burak-jv,1
kizilcahmet98,4
calviq,1
secureXv1,14
ekowhinson,1
Rubenskoo,4
chinmaykunkikar,1
Samsamfin,1
ssl8,2
ZadBabaei,1
MrDEATH102,5
amerkur,1
Mendes113,2
escanut,3
biggleem,1
InsightZach,12
frankstallone,17
mmikhasenko,4
reganludwar,31
SiddhJoshi,1
Tudor42,1
Rabib13,2
chi11mo,8
SentioScale,3
Ba5ik7,3
fuzzybook,2
dvdwasibi,10
SamuelBernardDev,11
oshanpanditcommando360,27
chen3088,13
alexandrehsantos,7
paddy-shrp,2
JoseIngeneringDevelopment,6
abhimehro,15
AkhileshChaikam,3
StephanMeijer,16
nurkert,9
ysamejima-gh,4
omeinu,17
max313iq,13
umairshaikh45,1
alirezza,12
dazzaji,55
luigikings,25
xLucasGitHubx,4
Alexandr-Kravchuk,21
nicolasburtey,21
jfbosch,30
kimiasami1378,3
srirang60,1
lukevonbergen,9
djassoRaph,11
kelu2008,48
chreez,28
yunoversity,1
sebquintana,10
DasWeltall,5
Whitealbum0,3
soundaryacshcl,5
rory-hayes,19
marcjermaine-pontiveros,2
sidverma32,15
KingHacker9000,8
hesselbom,1
ocewers,3
caleb-var,11
brieyla1,1
bh-premnath-git,14
inkSense,5
zveasy,39
wildcard-ai-integration[bot],23
nepolBancolombiaSoft,8
Achref23illi,10
andinox,46
jedgarccoa,2
ChaChaChase,4
jsofii,1
hash02,35
dcdjr,1
rafaelsanti420,7
sungjeahyun100,5
benglewis,9
danilutkin,4
AlanHermoVontec,2
ao-39,3
lkn94,29
sa-sg24,1
s1rleblanc,8
PauloCatarino,3
ThatGuySam,5
jwp763,4
rob-luke,36
nating,4
deloreyj,42
ajanfahri,11
nekowasabi,3
onurodemis,5
EverettLloyd,3
Lucasleallopes,11
KTV02,7
Kai-Doh,16
Guillaume0402,1
Greenhara,1
Bryan-Roe,41
ghost,3
dominixz,1
juniorgerdet,6
danielraffel,3
Julian1503,1
Revach69,36
yadem01,15
mikuliv,9
MihaiHodis,3
616xold,15
MiguelRodriguezR,7
DaddarioLuigi,8
jwmcglynn,10
rsokhonn,8
SmokesBowls,35
leong918,6
keshgemstone,1
hshimo3116,20
LastEld,6
shyampathak22,7
NoorMuhammad1,18
mustafamagdy,4
darwin-xu,22
wdudokvanheel,10
KalilovM,5
diegopacheco,23
uxfreak,2
JayGhiya,1
Acoste616,12
ULDataProfessor,47
amnashouqi,1
marschen2007,2
m-romeo,4
P2Wdisabled,3
pedraza0981,47
leandromlmoreira,3
seanaryan1,1
Amirhani1382,2
Illyvia,9
jlayhue,3
dyeoman2,20
reiniergs,2
dcocchia,52
maliky,3
SammyEiei,12
Daemios,14
HawksMax1895,24
erikedu5,53
Toby-for,19
keithfkelly,2
migueluvieu,7
WillRegister,8
sunjiafu,3
qwsdcvghyu89,3
LiquidCats,1
Alexvozhak,12
roypushpak,5
TKMhub,10
adamking49169,19
KEXNARV,41
tropibyte,16
wagbr,1
mpmenne,9
rethenike,4
RoLBester,3
JuanferV21,15
AgustinOberg,28
elastra21,3
Deltros,1
increasinglyHuman,17
LaserDog80,7
LeonZhang20,7
GEKSS5289,2
SteveJonesDev,17
CandyTek,3
conghau594,3
jdamilaspmys,2
Noir01,6
watcharakan,3
ogrew,5
berenczeiricsi,2
qiblaqi,1
tomer-bdbd,6
manishym,24
yujihama,11
crowsyndrome,44
DCMHopper,10
slevel7,2
masp2004,1
n0rvyn,7
shadohead,32
nayeem-ahmad,23
fgawry,1
FelicianoMiguez,2
hekt,3
ddcsilva,1
Daveelopen,3
krokerdile,7
EliasAllan,10
jillesvangurp,21
turtle4512,3
rodchemist,4
hikaru122700,19
CoachPete86,6
Shiba-2-shiba,12
vgmello,7
1977-moh,1
ArturSchuetz,4
ravikiransrao,2
mkooiman,1
mpaulucci,3
nithou,4
Iwasherd,7
MKTBI,1
araxis07,3
xuda1979,37
joshyorko,5
joronadam3,8
constantinemaroulis,10
SuperShot3,3
felixge,1
Ish-El,18
Ma3str062,1
vaibhavvashishtha,11
lleon-at-navteca,2
NicolleLouis,35
danbao,2
erikotoz,1
Al-Muhandis,6
ME-Catalyst,3
pingitzern,8
alexhuang-berkeley,5
BittnerPierre,14
nahubn1,76
renaissance2005,2
DiegoGarzaro,2
C-kay,2
joshuaadamswaite,4
davnnis2003,4
hannah-ric,38
GuilhermeDuarte14511,8
MDCGP,5
fhoinaski,5
pereag,4
nandomaki,3
anishkarki,10
akv004,6
drinkyouroj,2
AbdouB,3
casabimba,3
TheDeFiQuant,2
RaulDeMaio,1
RazTurgeman97,11
AntonioPanuchi,7
gorelikroman,1
borkk85,1
seb-75020,1
tomboszko,2
4rash-4,37
Hazem-ElKanawati,2
nyny77,1
daxmawal,3
sabir15a,4
souerta,1
Massi17,1
davidalvin,6
DeepanjanKowar,37
savychev,2
phonchi,6
zwazel,9
Thiago-Zn,11
isusay,2
wdohoon,11
chessurisme,9
alexdavis10,6
inikiforov,1
teakb,2
MariaJoseDuarte29,1
Virtual16,20
xmlhead,5
ConceLabs,11
raydebug,3
Stevenz10,40
RB-QX,1
SWEaoq,1
GlT-ignore,13
adrocic,4
nsandeepiot,1
Mikusch,2
philippthun,5
ntnx0246,1
DamirZ7,4
gwho,6
fsandt,1
a0xAi,2
NeinWolf,10
mhemf14,38
lmccandless,3
agattone96,47
ttonych,3
marcCarnovale,1
kolaente,85
guichafy,10
AldaErwin,1
Paul200287,1
itaibak,4
Glaabo,1
technologygr,1
iomodo,26
dvdmchl,8
Abdalla-Eldoumani,2
metaphorz,13
Unai95,3
Tacuva22,1
kevinmickallister,5
Elidiof,2
arkev,2
areibman,16
DFan934,8
KevinLover19,2
ramonarroyo,10
oburstein,2
SCC-Dev-256,12
MrDerrios,9
gueco99,2
mikey-wang,1
pirkus,4
BountyHunter545,2
SimonMcCallum,11
AND73321,3
billndotnet,2
nigelnuique,21
aarumi8,1
Gillithe,4
Garbanzos-con-chorizo,24
k-e034,4
kbajrang,6
nswamy14,5
pziet,16
BastienCapel,4
geewit,7
yazidears,16
gabrielepaoletti,3
IsaacMendezEcheverria,6
ChrisHanTW,1
TakaMitsuGitHub,2
svdberg,18
Mario00111,2
fifthrace,5
Kinis2025,1
mikejhill,29
loni415,10
ToberoCat,6
i-serebryakov07,4
EvanL1,25
GunS82,9
LEGION-IS-MY-NAME,3
Ami777,1
calebcoatney,5
Bigel0w,5
IchaiWiz,11
saturnswampgames,2
khalidwah,1
patricktd,31
MichaelTj02,1
Craneyboy222,28
Gustavo-https,1
demorojao,3
plawanrath,15
archedark,6
michaelirey,11
kwzhao,1
Nastybastrd616,2
douglas-lyle-smith,2
pz824,7
samriddhamajumder,6
Kurill,19
2-ring,23
keenby,14
DamianRafferty,13
ainex,3
SjaakieChen,2
iutThomasLmre,12
superbandura,10
PeterFujiyu,18
wistone,4
tillschoenwetter,1
JosWigchert,2
arsidada,1
Jad-Taljabini,2
jsrobertso,17
Robertcego,19
haronxbelghit,1
abhishekaich27,1
treksavvysky,5
Komorebee,2
DisciplesofLove,5
j-AI-me,14
zsilverzweig,1
Nivvdiy,5
ugurbay,1
martincodeur,2
james-mcshinsky,11
smoky1337,4
adnan8474,22
tetraprod,26
SebVaGo,16
hadees,3
Raito-95,4
TakumaMiwa,14
takanori,16
danisinger10,21
themehunk,9
theoblondel,8
easton-hy,1
pkillops,2
leblanck137,4
yanglinfang,2
glulu4,16
kwasnick,16
steve-calvert-glean,4
silvamarcospaulo,9
tnakai11,43
bilalcinal,1
siriusiiaa,2
mariusz-kowalski,10
throbotaith,16
ghosh-ayush,3
MateuszZelent,13
kiaraab,21
CaioMS2000,1
ewaghabi,32
Fquico1999,4
pg-endokenta,8
a1ibekov,2
Henanff-Enguerrand,1
eusluer,2
bejoyas,2
L4guna,1
HelioMorais,4
padmarajkore,5
edoloughlin,26
tyusufc,5
Alexsis-mp3,6
Mapachesz,10
MasWag,3
tsubakichan-289,5
r4ficore,14
meniman98,1
stefanatanassov,3
jzwolak,3
MahmoudAbdElHamidHaggag,1
GreenPioneer,49
MichiMauch,4
BARZANGHATEA,22
tewebsolutions,5
s27x4,12
abobasel86,5
maximebe123,6
thatchakomP,1
justKherty,3
juandymc,2
CaioZamana,8
jonasssneto,2
rynist,9
Lichten1023,5
wofare,9
Floxolydian,15
LazyAssBeachBum,6
rokotyan,1
mhdundar,1
HandyAndyTobes,14
MahyarMoshiri,16
kuhsturm,1
GenesisBrito10,11
victordmp0911,8
jstuartp,2
oarcher,1
nicoland00,4
CyberBASSLord-666,14
jmorrell88,1
Tointer,45
bryanygan,41
Kjlovett3,1
amorey,4
betoquiroga,2
jacassidy,2
DirkSmeyers,2
juansuero,7
miquelblanch,1
ericalvarez,1
Gib-create,8
ilyavolodin,24
jaesparza,3
GibaTrindade,4
oh2sresearch,5
winston2016,49
kilzid,9
amirsariri,2
nozelb,2
MikhaelPetukhov,15
josieisnotarat,4
tminkows,1
cytadela8,4
RogerJhw,19
jackpmorgan,2
Kuonirad,10
yestalgia,14
jayala1,4
sitedata,1
tovi-fhe,3
Matthes404,28
kjw0612,1
Menschomat,12
Zaegan,10
drQuintilis,1
2-z-won,35
Henriettestroms,2
Nokrato,25
mdabrowski-eu,7
Ge0Da,6
rahulveeran,3
wirrockendigital,9
pedro-brigido,4
hohohot,1
devminchev,3
rstewart18,5
camilocalderont,1
Ollebolle22,21
yuangwei,1
saivaraprasad-avula,9
NarrativeEngineer,2
flipnoteman,2
V-Jayy,4
Michelhsn,2
tgonzales,3
Chrisdesmurger,34
drcharlesmiller,6
Younesdjebbouri,5
szeckirjr,17
SUSNationDiamond,8
russhoneycutt,1
kvBeta,4
amirvstorage1,6
shadohead55,9
TimProrok1990,12
manupor,25
CromerLogan,1
hey-tommy,10
AnonymousFatherAndInvestor,27
sehmon,10
KRIShark,13
hid3h,2
twardoch,7
shaunie2fly,5
Muratxsimsek,1
Taiki-Ishigaki,6
lucashtnguyen,11
JowiiProgrammer,1
jtayler,2
GamingMousie,1
Thorshin,1
basanovase,3
AbstractEyes,5
roneymatusp2,9
junejamohit13,19
JuanIgnacioSylvie,23
VraiBrujah,13
fkautz,3
nemui666,2
TonChan0828,1
gagansawhney,1
mykoreanjoe,1
mohamedzenatiofficiel,12
codeh00n,2
shivanandmn,1
NowBothWhiteAndRed,4
dhsgebf123,2
takyosh-1,1
AHannan,3
yom-net,1
namikazi25,2
holmescodex,4
flippantjester14,2
fastnetksa,9
jsugarelli,7
hwangzhun,1
claass,22
Rags-to-Robes,2
RB-QX-byte,8
ddddm,9
Teja18vk,1
JBGitHub11,3
npantelaios,7
moyolemakevin,6
robertoteto6,37
ynyeh0221,20
CHMALU,1
Donaim,7
lorisj,4
lfhillesheim,5
stevensudit,5
HeylowsVerse,44
syllabusadmin,8
Pressacco,5
olivierleteneur,2
Foxxikk,2
wogkszla,32
msk990,21
Carlosdanger96,1
StefanIliev545,3
Brazzo978,30
Merigss,1
pmckinstry,3
TTPlanetPig,2
craig-shenton,1
Daii31,14
DanDon01,4
MateoMazziniOngay,2
sujitashokdhumale,11
satourian,7
CatwalkTK,10
ganesh47,19
geeewhy,5
BitBodger,30
NoobWebDesigner,1
carlos04d1,10
mxmaese,7
Ronaldo-Kadenasty,2
AngelJanvier01,7
Naren1729,5
Laxmanan-Krishnapillai,3
Hylaean,14
muzo38,8
alexisvisco,20
maci0,39
BPForbes,17
DevGuyRash,23
gakutakimoto,1
frjr17,2
taro1025,2
ricardotorres89,3
buurner,2
Bergami,5
jhull,6
azurewithdanidu,4
tmcdowall,3
adirso,6
Brawndo-It-Has-Electrolytes,2
yedidiaSch,7
djgrant,5
alesbe,3
chrengen44,12
sqmichael,3
Girish-120,12
tmasdev,13
Haoranxu8415,10
jayco413,28
chrisaddy,30
codingchild2424,1
prof-schacht,7
vgonzalez9819,17
sagarhingal,17
gohrner,10
amiralikr79,1
CyMonkeyz,8
pshapiro,9
tempa37,18
bhhnjjd,8
mohfujulm,16
Slashmsu,14
yselvav,4
ERFFFFF,1
Rrock-k,6
KalYanOff,1
Ghoffret,10
isumenuka,19
miloswrath,1
orlenko,1
magoocas,4
maru-tk-dev,10
vincentk222,3
SidmoGoesBrrr,4
Asifbinsyed,5
mlpierce22,7
alfsen-create,6
DotcomOG,1
pauljunsukhan,23
paarthmiglani,9
manueldago,6
aochoaTG,1
DonCris2005,15
bruvv,9
Stogethel2,3
evanferrall,14
CoachDavid2022,27
AkhilRajSri,2
Sephandrius,1
charlineeeeee,3
abharatshankar,1
Thordadpool5413,3
razasaddiqi,2
Blawness,14
tyuok222,3
yoad-hordan4,21
rdpujari,4
Nicholas175,1
NikolaYK2,4
antbaena,8
washanhanzi,3
bruno-cabrera98,2
noordo,7
SankalpChopra7,14
amaurybrisou,7
Vater-v,3
PauGasull,2
markuryy,3
MedentzidisCharalampos,11
pukaa900,8
klaste,2
ValdasB,4
dsmy,5
alexpunct,6
Fem10da,5
manoamaro,6
ManiWizard,6
compojoom,1
jeffhaskin,28
msallin,4
Tevin0409,11
thinlines,4
ElectroVerse8,16
mayeulrougevin,3
halitdip,14
dadimah,6
Harshit-Dhundale,7
SaudTech,3
ctrl-alt-ai,3
KRFH,7
JaviLianes8,3
RaphaelRAY,4
daher928,1
flkcgn,4
ymariam1,1
VeronikkAhri,2
jander32,1
SebastianSchuetze,8
Frostube,23
SebastianSigvard,3
dgcnz,11
DavideGrieco,5
Tachikoma000,3
LeeorNahum,1
SamVisual,1
srob,10
BeteranoCode,7
wasipo,7
ShakeDewan,2
baocang,2
mike1226,5
Ivanx32,24
Jroyaldev,2
ncuskey,15
carolcrovinel,4
juan-m12i,9
ArvinJ-H,2
dazdarren,1
privacyplaybook,4
NikolasNeofytou,24
ZHYANG-2006,1
bellatrixnv,2
sirrio,5
heytcass,1
Skidaux,2
Prkdev,2
imaimai86,10
GabsBaquie,2
Nymeris-Bot,1
samylotmani,1
IdatGuy,3
d-baranowski,6
Chipui-Kasar,3
rizfahma,2
LeoNion2007,1
AyaLahlou,5
galdutro13,1
pentiminax,3
mertatmaca34,33
franfergarcia,1
gramcc,2
charislam,6
sktbrd,12
s-fontes,1
currypurin,7
tyhts0829,3
angeris,5
lucasdickey,17
Mohmmad-zh,1
raybrown1984,2
DCForce,6
Fellype2,1
Densuper,5
rahulbansod519,1
digplan,6
leomateo,1
offroadstudios,9
milanjethva-09,8
GerardoPerezArenas,12
DanielHaung36,3
jamesthchuang,3
AntoBuo-Dev,27
Engelnicolas,5
wdescamps,1
rkumpula78,5
barnes21bb,16
JeffersonAlvarez16,1
AnonymeExplorer,2
sosacrazy126,25
ajlane,7
Sevastian-Bahynskyi,3
Mo-259,1
piotrniepolak,1
pierreTh001,7
davidalexandru23,5
sadddge,1
publu,10
himanshumattoo,22
NonEntity,2
robheffo79,2
caioreigota,5
DjSapsan,1
rkyuragi,6
Indelible-1,6
wholesomebocaj,5
cris746,2
SynLocker,3
bacecek,5
vascodegraaff,1
vibhu-tripathi-at-appointy,1
km29-r,10
Trugira-ctrl,7
nicodealmirante,9
glennmatlin,3
Snb00,16
AhadKhan316,5
Northie,7
rodrigobprado,3
vamsilakshman999,17
ProfRandom92,6
IsmailBenotmane,9
sabbir-delowar,5
yohann-risso,2
Soroush20041383,13
gordillollera,8
henryblack01,1
qiangfoo,2
kevinLL22,3
milind92,4
Shadoku,4
fmblooop,2
wilhasse,4
abrielkarisma,5
abdoallah,6
logiscapedev,8
riha-petr,22
karlforshaw,8
locomotion2,7
Mattia-Rollo,12
Swiftyos,6
AndreiMarhatau,1
MotherofMachines,8
NandyPritid,9
Mohammedrafiq1983,1
AndreasInk,2
yolbvrs,7
sathyaaj,1
ricgagliardi,2
Samtar-The-Truck,1
zgz314159,1
sbakidi,33
KyleZeller02,3
2326m,9
mpopv,10
beast447,9
larssolo,1
luigisaetta,1
bentaex,5
tayglobal,5
OnurrDogan,7
kudakwashechikovo17,2
LEFICORP,1
Victordongy,1
ShaneDugas,1
werawoot,1
Feinst69,5
zhanyinx,2
devrugu,7
qaiserkhanfst,1
jrrdeshmukh-astro,2
Snopygit,1
6aligula,3
SamyakBhongade,1
llmlearning-x,1
jardstedt,1
MarcoTulioSoares,5
watamovie,26
WokeProgrammer7,1
Ododds44,1
Roberto-Rodriguez-01,5
Jamsheed-CS,3
KaushikThrn,2
HedgehogCode,2
DaniloPelusci,6
cdehaan,3
jonarnar77,6
jduranc,1
vgalin,8
icl00ud,7
dbish,15
junnnnny,4
Takahiro-maekawa00,24
Nafiz43,19
simonotto1711,1
MOAB1184,1
racoci,14
at6132,18
SeanTorres12,2
allgrit,14
azramusti0,1
kaankarakaas,1
FLABBS,19
tsotnebukiya,3
vlanviking,5
igoraccebas,1
marioalboy,1
iamserda,5
cheewaphat,2
atifiu,1
RurueruCloverforest,14
okeesh,1
davidsi02,1
f3n999,2
Hausmeistar,1
Phaired,16
mzet97,3
thiagoedson,11
inwaves,2
metehanpala,2
gitmasosuke,11
NextBoostPeru,3
fpachisa,15
Forknine,1
Tikitaka1984,1
MohonaD,1
CalebVicto,21
BitcoinCensus,1
amanuel-gturing,15
deepak-groove,20
tek-gen,8
alt-Link,1
aranyaone,4
shmily1012,3
ONEST-SHIN,10
gperdigao,9
dpointeck,2
brennovich,7
yasuhide0802,2
gf365,9
BekOsu,5
jsnanigans,8
egidijukas,1
karlb-dev,4
jeremywaller,2
aptma,11
z3300,3
auralshin,12
Echoavt,41
jholt1988,12
nurik12-py,1
azizlahmar2020,4
CodeMath,3
RodriMora,1
jfarid27,2
VirtualAstronaut,1
knull-reaper,4
rasaHosseinzadeh,2
forxbec,1
Andydiantu,1
dkuzn001,2
ThanhhDuongg,20
warengonzaga,1
johanvelthuis,9
alessandrodorigoYEC,6
amin-jalilzadeh-tu,22
megannguyen6898,12
leona-ha,1
Matej999,4
vado4137,3
jakeefr,11
fabiopinheirobatista,2
ml0dyepete,1
BCSBCSHUB,3
ljcooper54,4
stephenw310,1
darsen,2
brianluby,2
andrewkoumoudjian,1
Hicomputergames,1
Angel-Alvarez-Dev,1
pavijovi3,1
nsteve-one,4
roryp,8
ROGUEDSGNR,1
t-bieber,9
gerlanss,4
teotsukaip,1
Vakiloc,5
MyenergySPA,4
dydfuf,1
AshleyMush,6
SatoshinOnionBDBadDog,5
chetankerhalkar,2
Khaled4ahen,5
TheGalacticMonk,1
Rignesh-EWW,40
harkoy,1
AleThunder,3
ashicheeze,2
adriannieto-at-fortris,3
Hadar-Sug,14
madsmccaus,2
KahaanGandhi,1
johdcyber,1
MoisesArvelo,2
kallby,18
Growth-OS,1
nealriley,12
Trndsetter,6
marketinggs,6
stafsa,1
Mert18,2
Adi4727777,13
DavidBrower,3
sergio-santiago,19
reidwcoleman,2
arleyserna,1
leonrxy,2
babydjac,10
Gugzica3,4
SoulofSorrow,14
le000dv,1
gabrieldias159,3
ebami,5
emilianpr,1
tonytiratay,1
jeevanelton,2
ashish077,1
ingridesouza,4
lurenjia534,6
RV-3,13
ShawnOwen,16
muukii,9
khanglt-bitel,9
skassab17,2
jamesros161,8
PauloEler,1
tolgahan-tnk,5
RohanSai22,7
trexxak,7
Lurkrazy,1
sameeragarwal123,1
BenCully,1
AustinOrphan,26
PontoPe,1
ramramstudios,8
ritwesh-c,5
vekkna,2
kalana-code,1
ijingalls-vpsoftware,10
benzdriver,13
pablitxn,37
only1bibek,5
mlmrx,7
xieerduos,4
altaysimsek,2
mjordi,6
jamiegharrison24,3
brentmorweb,24
Ununp3ntium115,5
rickysoo,4
AngelCMartinez,1
ma2tak,6
RafeMcBeth,3
dogsbody-sysadmin,6
mpaschetto,3
yorhodes,3
FinnDevine,22
PiotrSocha97,2
unidentifiedchris,4
SteviDunn,12
KhaledElbalal,6
mirek001,30
hsk98,3
JackInSightsV2,28
jschillinger2,4
MuhdRayan10,2
LordTyberias,5
fsomoza,6
Kobrasadetin,10
OntogenyOfCode,1
robertdippolito,2
santiaghini,7
inech,3
dionysuzx,2
joelfuller2016,16
wsaborio,5
Medlkhl,1
Cybersecurity-solutions,1
xiaozhouwang,9
lucasborges24,5
sky1straw,1
ujLion,3
OliverWalters,4
Eliastorpoco,1
lordphone,7
godofbeep,3
fjespinosa92,4
danlrich5230,2
rfernandezfranco,8
NixSNz,1
edo1z,7
Ethanncnm,2
10Oskar,2
Anthorusse75,12
Optima-Web-jo,3
BieggerM,4
copilot-lover,1
dnlcorti,2
BennoLu,6
LeaRiglet,3
jokebroker,1
colrcheng,19
TaTaPuH69,5
Logan676,23
bournewang,1
alafleur-genetec,13
kirtionis,3
defryheryanto,7
horukomesu,12
ANCLOCE,2
rmyers66,40
AntonyBresolin,1
LuanBrant,2
PapaPodcast,1
Splown,5
dostonsuxrobov,4
facundocardilli,8
macmaniac77,4
t2an1s,3
devloper-gazi,2
maitlandmarshall,14
sasmith,1
Niezniszczalnik,3
JulioCesarPreciado,1
Bmifsud1,1
adrendon,1
diego9621,6
dstoc,5
zebeel,10
sn8k,5
infosec0485,3
Stoic-path,1
JJ-Coding-AI,3
chrisatom1998,6
kuwosaad,3
claudeai-v1[bot],223
learnednomad,3
nomoto-ars,1
crebo-t-yokoyama,1
jpequegn,1
ryanrozich,3
ayutaz,18
cheickmec,1
sog4be,41
goodbadwolf,15
connorads,1
harupy,7
termoshtt,8
wtfsayo,32
fsgeek,7
tanakalucky,1
danielseltzer,4
akiramei,10
twalichiewicz,1
perplext,1
shiropt,2
JunNakarai,1
manish,5
dhyansraj,11
shuntacurosu,2
wataru-maeda,2
yuukinakamura0925,3
IAmMonkeyBoy,2
tyabonil,9
mark14wu,1
Pablomonte,1
joshlevitre,1
syshen,1
umputun,1
VimalNagata,9
yukinakai,1
schalkneethling,1
manu72,1
hirorocky,1
jimeh,2
SuzumiyaAoba,5
lucaschallamel,1
nakagami-306,1
lmeyerov,7
fxmartin,4
dittops,10
ndcunningham,1
bx9900,1
jerseycheese,6
Craigboss,1
locotoki,6
xxxasdfghjk,1
jplfaria,1
xerial,8
choonkeat,1
maskin,1
dependabot[bot],4
YJSN180,6
avijeett007,1
yonghao2011,1
komei0727,1
mcollina,1
widmogrod,1
yumikokh,5
dg-cloud,1
obra,4
douglasnev3s,3
rihib,1
NiranjanNlc,3
mickdarling,16
frogr,4
democratize-technology-code-developer,1
Kalorie560,3
cklose2000,1
mkreyman,4
ZarichneyDevelopment,4
patrickespake,12
matoval,2
ShakaTry,1
matiasvillaverde,5
Babas10,3
dankimjw,5
stkr22,5
tokuhirom,4
zshannon,10
StevenWido,2
pj4533,1
baijum,5
pasoko,3
xyslope,1
yoshiko-pg,1
1genadam,1
trmquang93,4
btassone,1
bigdra50,1
yminsky,1
amery,1
KNChiu,2
leaanthony,1
sugijotaro,3
OPS-PIvers,3
pirapira,1
takutakahashi,1
shabegom,1
mczkzk,1
mnaser,3
ipvr9,1
jezweb,1
bannzai,5
fbraza,1
steinerkelvin,2
chrisbillows,1
afspies,1
Curator4,4
yshrsmz,2
czlonkowski,1
kajidog,2
jarred-sumner-bot,1
maxhniebergall,1
dsaluja,1
acedergren,2
DavideFerri,8
ccastrotrejo,1
rswisteria,3
Showichiro,1
magicalyak,2
flamaso,1
TexasCoding,5
RateteDev,1
DimitriGeelen,1
carmandale,12
cliu238,1
RyusukeMatsumoto7C9-B-2,1
joshualyon,1
rossry,3
moriokameda,2
spencer-rafada,1
Tattsum,1
herring101,6
hexylab,1
oso-jukumari,5
hakuturu583,1
zradlicz,1
claude-ai-assistant-for-hilltop[bot],1
nommmy,1
diaztunjano,1
nmelo,1
bryangoettsch,1
massan02,1
subotic,17
haludoll,1
ClaytonHunt,2
lanz-2024,1
samhwang,1
elitan,3
dfinster,3
prakharBDev,1
joshdholtz,2
john-craft,1
charlieoneill11,1
leonvian,1
rbastian,1
grantcampanelli,1
justaddcoffee,3
knyga,2
peteranny,1
stirby,1
jmanhype,1
motowo,4
jmshelby,1
dskvr,1
shivchander,1
Mr-akami,1
andhijeannot,1
robtaylor,1
sasdeployer,1
muhammad-ali-e,1
pranjbh,1
kenliao94,1
JulienTant,1
jasperlg,1
HenryThriver,1
cartmantft,4
he-be,2
nap4595,1
kennthhz,1
Mei0001,3
mcorrig4,2
nshalman,1
ruchernchong,1
jefking,1
PauloHInocencio,1
garywu,1
jvanmelckebeke,1
neilberkman,1
iotashan,1
azmaveth,1
Koshimizu-Takehito,5
chengAMS,1
jaquanwatson,1
Silvery86,1
walysonfelipe,3
VitorFrost,5
mattdomingo,4
strnad,2
SaberAltriaYi,1
AnthonyFinney,7
gBillal,1
omarseyam1729,1
janwillemwilmsen,19
mostafa-isk15,1
gganty,5
bcolby7,1
sunshinejr,3
oBaldon,4
javierportillar,17
estokes,11
priyalramani,19
gusilveiramp,13
McSavageWaffles,1
doodmeister,7
cmoney113,2
leo-grnd,1
CristianAltamar,1
joseramirezramirez,1
masterudia,1
MikeRider27,1
oenomel87,3
asif-qamar,2
davidturturean,6
young-algo,4
Mgb2222,2
ni0520,3
doromugi,1
GerardoCella7,25
dunkel000,12
franciscorodalf,4
STEP3DLab,16
macqueen0987,6
LtRusty1,14
ma-sadeghi,5
stefanosyiorkas,6
PU-UP,7
AlexVFX20032,1
TheBurstIT,7
BrandonCouts,5
evhsl,7
isaacngordon,16
sportc00,6
49EHyeon42,1
NicoSeg735,3
brock-run,7
mcnabb998,57
OmidEmami,1
Cazador0,3
giongto35,1
safen0s,14
charIixcx,9
mike-darwinchain,1
matthtony,5
chang8128,2
CxReiS,30
MelmonVEVO,1
AhmedElywa,21
LeonardoDiasRR,27
MatthewPDingle,20
Blaizzy,10
Sebastian-Temich,4
koo5,2
mattypark,1
AnshdeepSachdeva,1
sylviazw,12
josehenriquerds,3
Fergo,4
VitorCabralll,6
franklinsbird,16
ferraroph,5
MuneyukiHirao,2
ShemYu,3
mrshih,1
renxil,4
YusukeYamashitan,1
EijiOno,2
Hamishdel,1
kissle,6
yash750,8
mattybed,4
remicolin,5
ZhengyaoJiang,1
Dhruv712,2
YuuTsunemori0,20
moath0amer,1
martinwenisch,1
1Tonycz,1
KingsleySepeng,2
mustafa-shahin,1
AdrianHanna1985,2
srieger1,1
Kreid11,2
OhmKubpomm,1
SketchRudy,4
bellsanct,5
shaanvaidya,4
RossiEric,5
chkan,3
kbrinn,20
jihlenburg,5
seratch,10
windcbf,3
Hemanth1007,1
Reztorye,6
devendarsai,1
Flaps4,1
thaninbew,5
faresbrain,1
ambadychandran,11
we256681,5
nachogarglez,7
iddeepak,1
baroian,1
thomaswanhpls,2
zurawiki,4
guyrenny,1
TylerJGabb,12
penmoid,30
Lillevang,2
MatanRetzer,3
andretasty,9
esthor,26
jr-lillard,7
Coolix99,5
parajuli-10,14
harrybow,25
fomoroller,1
partialdata,3
zintus,5
KamatoTayama,7
quentingenet,1
apurva01singh,8
elmartinez85,7
LordMike,4
shahrukhfiaz,1
seled,1
milxzy,2
MesumAli2,1
pedromoitinho,12
lukemulholland,4
kazuki326,1
Da-harmony-of-numbers,1
Hoanglinh1201,6
Azoth275,5
pogo-pedagog,3
Mikefl1160,3
sergio-010,13
Nevela-0,1
michael-pittman,2
deny-hl,1
cosemansp,3
theJohnnyMe,2
isocialFanz,2
traviscrawford85,3
ElierHG,1
alirezaabbaszadeh,26
RyuuChou17,1
kleine2,14
tsnee,16
IgnaRoz,3
Guy0121,1
CogalTek,1
chasers17,1
AramOganes,2
sub-arjun,19
Funtikcorp,10
Hendersonajardimj,5
montagaa,1
ihab58,3
MarkoStefanovic,2
mariolopez2,4
iasonsky,6
Skylerwiernik,4
Srungot,2
ricardodemauro,7
paulooduarte,3
maricimara98,24
balintcsaba86,6
mu-e-karaca,1
JelleZijlstra,4
ScottSmith95,1
AlparslanKilinc,1
visualbyte,5
SunriseMinds,3
deesatzed,10
lestermartinn,2
Aachu25,8
hypersmc,3
luismunizaga,1
VetorXK,1
MightyBloodHub,12
Painteddeath,2
mfathy00,3
maks-nurgazy,3
ChristopheZhao,5
JJangminsoo,1
Maciek-roboblog,1
jianlanglinhei,2
shanzzenith,1
lionello,3
EjiOsa,1
yop289,8
Buczek05,3
atrix187,2
EposNix,7
eds35016,3
LiorR2389,10
MuradEminov,11
ming-lah,1
Chilibean331,9
zaxiom13,13
Nathacher84,1
vishalhalbe,1
eduMagro,1
japiquerasm,4
ogzknttgl,4
ComdivByZero,8
marcos-lezcano,6
Zhaoyang-Chu,1
Sumukh-Bharadvaja,2
TheAssistants,1
McMutteer,9
Ajaykumarck123,5
davidlones,1
nilstgmd,4
jdoch,9
sultanxgokce,7
felixjrz1985,2
ivannovick,2
AnthonyMoeridjan,1
WellingtonFilho7,1
Aefr41,29
gironimoo,7
Themediocrity,2
Fenc3s,1
defkevdev,2
SeongcheolJeong,16
october10221,3
jaeeuu,1
aviadbi1,16
dev-zeph,1
giorgi546,3
ThomasMSPCoding,2
michaelpersonal,4
d00-11,8
wi24b064-Ben,1
TCLKS,2
rodlaf,1
habib-deriv,15
Xuleileon,1
amitharwal,1
marianfoo,1
ChiTownTimmy23,2
jbojcic1,6
AndreLiewe,9
kartemt,3
UnikCrypto,2
rutgersmit,10
rigelshasani,1
nounder,6
KevynG98,4
pietmas,4
tirthbodawala,18
chiuchiolo30,5
Kongminyang,1
chuncheungy,1
abangbroy,2
tommyriz13,2
NathanSchoepps,2
jlanzon,1
daviddcarr,2
MinhoGro,5
kalyanar4,15
alfgarci,3
RebelKeithy,3
knyliu,1
angkmfirefoxygal,4
arrrtem0607,2
gshpychka,6
jpsacheti,1
pradeepiyer,31
derekbolyard,6
kuolAIx,1
cyrenity,1
MimiTechAi,4
HassanButt2019,1
zdenax,1
Jessie-Wilkins,1
weylinmorris,6
MarioKrenn6240,1
fvanevski,12
benpetito,1
MGX-ATK,3
Healseyn,10
KevSteele,3
ish0075,3
dnkh,1
mhaddad,2
vladislavangelovski,1
benrben,4
Chain-Frost,10
JPK-128,14
reneguzman7,3
antonoff,4
detectviz,4
nareshkumarme,1
yuuki0kami,2
ChynaBlueInk,1
nhruska,6
AbdelhayZaadaddi,6
saravahdatipour,1
PhamHungTien,5
sebastianmorsch,2
tl-brcm,4
oferguez,3
richgps,7
PhoenixBeaudry,6
ZEN747K,10
stkh0612,2
sinayanaik,2
cvalverd,4
brickfrog,3
gmolinart,6
lljjssjjll,3
FortiTest999,8
Casey-Summers,1
rolivape,1
Adriaan11,3
Yarlak,1
netecho,7
Mark0poll0,13
rdyv,2
DVelandia,1
cfpandrade,4
noahlanier,7
MarcoNapoleone,5
Existein,2
damilolaoyelami,10
bombap,1
sreekavsgit,4
andrigerber,5
ashT09,3
unmalnickname,5
mazdak,11
corbt,2
critictidier,8
simzfromteens,1
michto01,2
KBK220,1
rsaisankalp,3
CarzyBubba,1
thouth,14
dozonow,1
ranafaraz,2
YoneRai12,5
DilaverSerif,1
markov-kernel,5
Zarconos,12
AAgamesnl,3
Alsep24,17
waitingsnow,2
aromeoes,8
ElliotDark,2
scoodia,1
guylavian,7
stc516,7
Phoenix-Chen-Git,10
SiddhaanttSingh,1
kamoshika-san,39
Mchunu-LVS,2
Juan-Zamora3,4
AldiRvn,7
Philip8891,3
HunterPSmith,2
spreadneck,7
ElMay0r,6
matt-truscott,23
SteveZ0,1
clretamales,2
Frostypilot,1
koi-ama,10
PanosoikoGr,5
Lukaspneu,2
LunaLaPigeonne,3
Elbarba78,2
julioz07,1
akshaysmenon,4
pformoso-deus-ai,12
freiberg-roman,2
jatoran,6
serdar6684,1
edgcht,11
briancabrera,13
shubhMaheshwari,2
jloiola6,2
caraxces,1
Davojoy,2
andersbekkevard,4
razannael,1
AbinsEagle,2
gilberterik,3
casparemiljensen,1
frankzappasmustache,5
pollardld,1
YossiIsSoy,2
brainzrotz,1
chrismuntean,1
nbinding,12
johalmed,1
breandan,1
SleXx88,2
TBaudson,3
aedmark,2
olcesefacundo97,7
aquilesC,4
apekshik,1
kranthi-rebot,1
Emre-Diricanli,3
AbhiAnon123,3
Tanish-Khanna,8
sirodoht,2
amenti4k,2
amishacorns,6
rustinb303,2
serdarbeden,3
TheGodFather911,4
siopaulo,16
tonicmuroq,3
iamjosssssh,4
JPCodes44,2
0suu,2
ffhspa,22
lenardflx,2
jaooduartte,3
juntjtang18,1
Arun2642,15
crfguitar,5
Ameqran,1
EzeLLM,4
al322se,3
oldnordic,3
sami7453,3
JamesRuland-OPS,4
Outhman790,2
clownfish3000,6
designstudio,1
dayWeeks,2
Ethansteip,3
jchris,9
Anders0lesen,3
yessetcoding,1
nWolff20,10
nomer156,4
tacandtone,1
RobertoCesar,1
EpicMandM,3
Phong-EpicMind,1
dmcgeary76,7
HeyHemi-dev,1
marcus848,8
th30d0re,1
manoelcalixto,2
Therapthor,3
williamhuang3,1
chakravartyharish,3
FreakeyPlays,2
Sanavils,2
vraj-bhatt,1
holgs,5
jorgetutor,5
thoriqmohd,1
ReviveHK,1
leomcgrath,4
selimcagri,7
NZdoesntexist,3
sgrowe,4
RedPxnd4,12
mmacri,16
mcruz85,3
amitjaiswal9,4
aramalipoor,2
Disk1n,1
mdkul22,5
sinopludiyojen,1
pradeep9290,3
goodwiins,3
linqibin0826,1
surajwate,1
Kunty22,1
ShaySarussiElshten,1
brockmisner,2
yurii-voievodin,4
Matt-Williams1,1
anudeep-peela,14
miguelmoralesc,1
takylemo909,2
ZeddBread,6
swampholyten,4
naveenrajamannar5,8
leoco45,1
orengenio,2
Kutoh07,7
GenMario96,3
lazerlabs,14
shortaktien,5
desimone,3
Heesho,1
sebasSai,7
quantzi-bot,1
koiken21,4
ianandersonlol,4
harryparato,2
Meulmeestere,1
kaushleshchandel,2
tocx280mn,2
cherryb16,10
rene-zwingli-avm-swiss,1
Arakiss,3
kitmage,1
daraghb2018,1
maxlitvinov93,1
jaydonkc,6
fahe1em1,3
Rashdan16,3
Chuny2,2
3as06,1
dujimole,3
insearching,2
juanasaavedra,7
m2f0,1
FFWPUNortheast,6
CharlesHunter,1
ondrakocourek,1
wrafalsk,9
EnderFr0zen,1
Eli-M-Fisher,1
guilhermealmaraujo,1
Tim-ImpendingTech,7
EzraJannai,8
elmarziger,1
manski-yuwel,1
Shamdoc,1
GuanHaoSu,1
dolodort,4
pallemry,1
valtoni,6
nil0x42,5
colmos768,7
albtky,9
lulelaboratory,2
eddygk,2
maktheus,7
chameleonor,1
dougglez,6
73VW,4
jairav,1
dp-pcs,19
nagatax,4
asd12288,11
SHAFIEEJAD,1
rrzhang139,3
entranoweb,4
gvelesandro,7
theshepherdmatt,6
mateuszmigas,3
a0d00kc,1
Nursultan15515,1
mckinselberg,6
Potato-js,4
ericrosenberg1,2
milespossing,8
MansoorSaad,1
shashikumarvijayan,2
FyodorProgrammer,1
balakrishnalakhavath,1
Noguizin23,2
AishMachineHack,1
electionresult,22
amos-j-hunt,13
aydogandagidir,1
tyrellto,6
B-S-B,1
maaydemir,4
cuneyterem8,1
kradriany,3
wallparianalytics,5
kiranimmadi2,2
m-marinucci,3
FabioYanezRomero,7
webzunft,6
ThymenVV,2
nishikaura1,2
google-fu-master,1
khubaibshah,5
palishiita,1
prasad598,4
Jeshki,4
meza,10
vincube,3
B44ken,1
giovanirorato,3
balajibankapur,1
hdkworks,12
thekid2324,3
zackaryO,5
LuisPerdomo123,1
andreavadacchino,1
cjayyy,2
LucasLDC,1
kummyong,2
wangyimin-afk,3
FredericoCaldas,1
aarongonzalez4,1
datagod,3
J-dev2,3
Basicode2333,3
farley852,2
slozan0,1
ChristianJoudon,5
Wonkoly,1
GOD1440,3
diejfer,4
PabloNunes,2
goto-masa,4
finedesignz,1
Kamil-Fron,4
maffooBoYz,2
whoisyouridol,1
PKHarsimran,9
yousefan,1
hanneslsm,8
RahulValupadasu,6
seanc-codingtemple,7
josetelmo,2
willbailey,1
Gogoworks,1
wu-s-john,1
baranozsarac,1
NielsDegrande,3
Hyeon-coder,1
andresmoks720,3
jbak2588,2
jleestromer,12
Kulsgam,1
Pythefnos,8
matkarczewski92,2
ogorzalka,4
AntoLC,3
anhphamdz2k1,1
jyr2025,1
mtw,7
Mustwey,9
marmikcfc,2
uttkarshrastogi,1
JohnKramer-CMD,3
danPoku,3
Albert-Frei,1
Panamer006,1
YangpengMO,1
drooop,12
devtmeen,19
JustEdward01,6
janfrl,7
amaliaPonce,9
WikiSteve,1
debarshichaudhuri,2
dkvarda,1
VetriXGOD,1
talifan,1
kercak,1
Abdel-bot,2
Nicolas2Primo,1
jirapat-su,1
demoth,2
cshanejennings,10
crisnct,5
NathanielCarballo,3
MisteryPoints,1
rcaloras,2
Tom-Okazaki,1
okikusan-public,1
saiedsaad,16
tpskowski,3
copec1977,1
wenzy2025,4
raphaelmichael,2
cristhiantejada,4
Ravi-VK,1
gippi1221,2
AmiRaGaL,1
johanns,3
ItzAmirreza,2
kyakei,1
Boaztheprogrammer,1
xiandan-erizo,4
shanemiller89,10
vin3110,2
CodeXTL,2
beameasy,2
AmarisNichole,1
jtorgit,5
nix647,2
JesseKavungal,3
bruul740,1
danilolaurindo,13
jancschaefer,5
ZugicV,2
mekhti11,3
terranblake,10
aeobrien,4
hoomanpppp,2
JTGlez,2
norchahamza,1
ZeroSaturn,1
La-Volpe,1
VCFgamingstudios,1
asadhussain-allsolz,5
sasasocial,2
seguridadti-cc,6
MihaRooll,6
henryeckersley,4
HalSarj,7
kennethleeventura,1
felileivas,6
usual4859,2
nmadhav22,6
Fellmellizo,4
EuleMitKeule,4
Lazemir,1
RicardoBOKA,15
StarBoze,8
ramanujlal,1
poetix,4
ppalazzi,3
bartoszrychlicki,15
markwylde,4
st3fan-th3-c0d3r,1
jgxvx,1
oshiromisuki,1
ham-33,7
MomoDestroyer,1
Illustrious-Net-8110,3
PriceMatthewJ,5
ArnoldoRicardo,1
sankalp1999,1
zsmithc2c,20
BicanMarianValeriu,2
JeroenvElderen,1
AoiSubaccount,5
istiakMahbub,7
grimmbunny,3
Pedro-254,1
nthlong1150,6
orhanayker,1
sinan-aydogan,1
karamela96,1
Fdcinc,1
JianchengSun826,1
popitov,3
dievolut,2
img-host,1
domfahey,9
vcuteym,8
thecoderabhinav,1
aiChatchon,1
turmarkt,3
Vicedavid,1
17797310028,1
Kaida-Amethyst,11
MMatulenko,1
CodebraCommander,1
Kurama2212,1
leoztech8,1
hegdeadithyak,3
Thiagato,1
PauloVGDS,2
0x6N,1
Intellimint,1
edudiasg,1
zlatkopejic,6
miermans,3
CasinoHe,7
Vagarh,6
KimJKtomo,1
wally025,1
CharlesAD,7
DeFiantVentures,1
macksin,3
Mrsu9726,1
MohamedElamineELfelaouss,2
x-itec,1
ukgrowthmarketing,2
hardiegocl,8
bgillieron,2
LIMENHelix,4
sebitza1020,5
Mysterio16,2
ndriqimpalushi,1
Grandgousier1,13
klenner1984,1
BrunoAzeved,1
whozghiar,5
hectorae28,1
MFaizanZ,1
pacharanero,5
olix0r,3
toshi59,3
wesleysj,20
marawangamal,3
agenciawow,7
MasalaKimchi,5
sankeerth-th,1
24ep,2
ajit2903,1
DavidHuber-NOAA,1
RogerPugaRuiz,3
KevinSebaLee,2
NaveedNasir001,2
tjprescott,8
di5cip1e,1
nickppv2000,1
jenshnielsen,1
nikkhilpareek,1
Hydro2114,1
dc24aicrew,1
Sapogamez,1
vovka,1
GokhanIsik87,2
baalaganeshr,2
blaab2,1
ozkan66personal,2
thrisikos-exida,1
Livi-maker,4
lehoanhao94,1
lotape6,1
philayres,1
williamli,3
PR-HARIHARAN,1
FM102DX,1
dannunesd777,1
MoududHassanBat,1
zackthomas1,1
maysagoncalves29,1
premganz,1
lenzomj,2
lanbing1989,2
gclhub,1
JuanFachas,2
bovrhovn,1
kamarmack,1
moonrox420,1
RizkiDev26,1
Wiesenwischer,1
cerebrux,1
fparpas,1
azurearchitect-terraform,1
shixin627,1
shinyay,4
Smilefounder,1
lironhertz,2
W0R1D-D0M1NAT10N,2
aldofrota,3
Nardellar,8
cAInnonwantstolearnmore,1
douglasjordao,7
Archviz360,5
jgarza9788,9
NikiFe,3
umeeeir,1
Polo-Marco,7
adelleye,1
CameliaIivan,2
theoadb1987,3
tangzheng1900,1
nr17,4
MichaelWeih,1
mfuxs,2
levinfritz,1
guilobocm,5
grogcw,3
frablem,9
RapidRenting,1
itsored,11
AJ7-III,4
Marclie,2
PaulLandaeta,4
0xYaPo,5
radycalism,1
Ryoama,7
sti320a,1
Britooo,4
gnoilednad,1
ahmedbali19,5
klawrenceboxx,6
adamalfredo,22
gavilanbe,3
aaddii091,2
maurice-bugg,2
luci88ct,1
ehsan,3
lschwob,2
M-chet,9
lewisgoing,1
MalasataXD,1
Juanospafx,5
custombabytees,1
alexandrurosca,3
tobiolutimehin,1
irstabyjorge,1
orikal,1
brz1409,2
hyharry,5
yoshi-qq,2
jetmirrama,1
eternalBackPain,3
noggy33,3
simon-stec,14
AM1G0S,6
lunaticusgreen,1
ishida722,2
adventuredan,2
enriquelara11,1
Kalyan3556S,1
simbouch,1
Penny1122,1
siapakahsaya,1
bonnyzz,1
houerghie,2
mustafamelihcetin,1
GreenGalaxio,2
Rondeygod,5
acomagu,1
Saladin2020,10
AnnualDamage343,1
advaitbd,3
jockytran,1
CARuizDiazFP,1
gtechgroupit,2
ashinwz,2
dinedevp,4
Dog-Dont-Drink,1
mafinsan,1
anuj101995,1
anaptak,5
GiuseppeDot,9
msingleton,2
gaoxingaa,7
58opals,4
wizarding-anonymous,44
maciek047,5
parterburn,1
SatyaNaveenMidatala,1
jeongph,3
ibragh,1
Churchillbones,8
Chri5thian,1
akberovic,1
sahernandezz,9
sauloafoliveira,1
Sgw32,13
v1kstrand,2
MillennialInvestments,5
sauvikgon,6
VadimOnix,1
xgysigned,6
ahmadreza12341234,1
Siddhant0Pandey,4
iuwqyir,1
zzeynepcvk,1
GauravLamichhane,3
nate-kelley-buster,7
Lunion-Lab,1
Ch4gun,1
mohitmehan,2
enjoyirish,4
Michael-Kz,2
dvir429,1
csmangum,9
artak0001,1
sqreele,58
christophertmfoh,4
A11some,1
pankajjadhav2505,2
Questdigiflex,2
syed-x-farhan,1
dengmingen,1
amit-e-com,1
Methrat0n,1
poglesbyg,65
Jangwooo,1
arlo-engineer,14
Odleer,1
venubhat23,193
hemalathapampana,46
Veershah1152,1
abdifahadi,109
wwwrajdev,1
zhaokefei,2
jeanbapt,19
swbam,3
Mekhlafi98,2
Nirojan89,3
arielTROY,19
elsytopC,10
BraveUniverse,6
erinmikailstaples,2
philippedubost,39
armmmo,2
IsraelAraujo70,7
rjha18,1
vincentventalon,17
MrMooreUK,1
eaczydot,6
K-Mistele,2
antonleykin,1
Campervans,1
wall4oppy,1
Aliilla,1
hiprashantsingh,1
Jockey12https,1
amanbhatnagar007,1
stanleyrya,235
shodiyorbek,45
khsolheim,9
Kalm004,2
saazpk,2
RevanthKatari,16
SiwaNetwork,131
agenteardilla47,6
zarmat99,12
hamzahabdo01,20
almoq1,3
lalitindoria,5
Ahmed-abdalla85,12
mLoNk21,1
ZurineZulkifli,5
prinapo,3
kihachi512,72
adriangmweb,5
CodedCrafts-JP,1
Jeza-stack,5
Maryam111111,2
MoritzMueller02,1
davenwoody,4
ministr30,3
namankher,1
tuzoibs1,2
yhwonghk,2
ilkeraydogdu,28
BrittanyDanforth,63
codeme-ne,4
supzhang,1
SirSuhayb,19
metclafe,1
yoelyoel111,2
mt1993ch,1
dev-guy,10
00hello,10
g-vansh,22
YohannHommet,1
filipeforattini,4
scrappyAI,53
mynock,26
wpmonty,8
tyvsmith,2
cjkihl,2
Irfan430,30
Suhaniparmar,1
Congglee,2
ice-zjchen,1
e1washere,4
JenniferTravisFout,1
Tasneem-Ibrahim,2
jimmyshultz,8
ipsipupsi,1
thomaspatrickwelborn,1
emijane,7
lu4p,1
ThiloK1410,1
tannerlinsley,9
Theogama,3
bluesky0427,1
abdullahialidev,1
smartdealsproamazon,48
kishanhitk,1
Arnarsson,8
kelmich,1
toole-brendan,2
buyonjederrick,5
INZIMAM777,1
siddsabata,6
Darker-Ink,1
rahulgupta-nitjsr,2
danilolimabr40,1
nish128,2
Zeba248,4
scilid,2
fawaz-alsaif,1
srogsrogi,3
PrimordiaGod,25
amirrivand,2
varuns3546,1
skari85,6
tkaykim,8
heroldserg89,2
asaander719,3
josedios,1
jakoaltrd,2
mohan69,1
kikiekhitenk,2
ameedzz,1
Eshwar1002,1
ayovl,1
RockWangCh,4
dcastilloa,53
saud552,16
benjhardy,5
Nenfarious,4
emersonHO,2
AceWalkerUwU,1
Umesh-Tata,18
mikelhmltn2,15
VovaD199,1
brendonvz,2
peixotons,3
Kirtan-Dandwani,2
joha0033,2
Rebikrrt399,4
HereisSiru,1
tolgataylancakir,4
RustyCMD,5
alexlwn123,1
vignesh69420,5
Mahdibehrouz,3
enour,2
PauloHerrera,14
therohanpatell,8
OctopBP,38
yossigrunwald,5
windyGex,2
JeyShah,13
jonesded,4
shirin-sha,1
hassan2314,1
krzysbaranski,7
OmarOsama234,6
viperdavethesnake,1
brooksy4503,12
tomphill,1
afelipfo,2
dallinbentley,20
almamontii,1
jtyujfthdryiu,1
timey07,3
mpampuch,4
JasonIsaac-Lofty,1
sergiopesch,1
yclxio,1
milibhagat,1
coloredlambda,3
Cunningzy,1
akashjoshi19,1
SAHILDIXIT06,1
JonasAJohansen,1
NehaKanaki,1
shareefmwafy,1
David-HK,1
TheAffiliate,5
Yousifus,7
mro-nerd,1
maxx1598,1
CHIKENMAN,1
kourgeorge,5
mtrakretech,1
Zendoskie,10
KrisEllaDavid,1
kshitijprog11,3
Daboo1998,9
pycrafted,3
mike-luabase,2
NP1R777,11
manish-iitm,1
enfusionize,5
Tsuyoshi84,2
v-khanna,1
evaldofelipe,2
5-56,8
Vova12344weq,1
jmaitner,1
DrewDennison,1
gabrielgallegos18,3
ericobruno,1
AndrewBrough,2
AlexCSalinas,2
RaihanSardarUI,10
RommalaDileep,1
LaplacianSpell,1
Tonyphon,2
caesar0301,20
ankitmawle,1
MjayK-18,1
kiotsukettene,1
jonahsnider,5
Sinsapiar1,4
jav-ed,2
QSchlegel,2
SMaundu,1
drquandary,13
alfredoedye,7
keivanb1,1
Naoya-Yasuda,1
ULT1M4T3CK,10
Prathvi1125,3
lewisvoncken,7
robsyme,2
MikleSib,3
LuisNabil29,3
seewooart,1
cetinibs,1
jjokah,1
GotetiDivyasri,2
josuefuentesdev,2
BTCEnoch,3
AlphaKitty,1
evosoftwares,5
ferbiy,4
dtbuchholz,2
koaning,3
eirikhaugstulen,1
PrasannaDevi182003,1
Sahandby,1
ashwwwin,1
0xBoxer,1
adityanagachandra,3
mmaelicke,1
SomeHats,1
wctiger,1
joonyverse,3
Desika79,1
hanovamx,1
Kittycat7J,1
samlazrak,12
fgmj,1
kishor-front-end-devloper,1
Tecvan-fe,1
bitrifttech,1
Luxxy-GF,1
semal,3
Zhanketuan,1
githubstudycloud,2
arjun554,1
moaz-eldefrawy,1
Dorson,18
wjw3072003,2
rajselenium3,2
dannyboy2323,7
jfreds91,1
Tafirenyika-AI,3
binibaby,1
zidanneko07,3
Rosegenfi,2
Karmelo89,1
E-Stanislav,1
muzaquest,3
PCavero09,1
hritraj,3
haonkered,2
tahmidulislamfahim,1
yahocan,2
shubhamyog,1
sarthakmishra912-sketch,4
Forgot-0,2
jaki95,17
julian-castro1,2
JeevonDai,1
franzbayle,1
vinayak3213,1
antonio2101nj,1
acganske,4
ngoxuanphong,1
ecastilla146,5
darifo,1
npavkovic,1
dontnobodygetme,4
chuccv,1
Vinioliver07,3
amaurymagalhaes,4
Bautista1999,3
Dav1dde,1
bryanprimus,1
robshox,3
kiyo0128,2
bcherny,2
clarklab,4
Lingjing-Kong,1
victor22211,1
yannieyeung,10
kiranbuthpur,2
db-tycoon-stephen,3
KeXu9,2
KyleMcMaster,1
GDogMcCoy,2
yaakovlewin,1
AnshChoudhary,3
zackees,5
toptech5419,2
Maruthipriya-davuluri,3
Saito-Taishi,2
CloudNewbie2022,3
arthurbm,2
arkalia-luna-system,3
Chilluba,1
rari,2
yethikrishna,3
gu1234,1
insiderfyr,1
Unseencoderz,8
neptgadgets,3
AnilDaal,2
DarshiBuddhini,1
astroniann,1
kishore0617-BK,1
EDubois-research,2
mohammadjaf013,1
shepherdjerred,11
hamdandampaksosial,2
Gpober,1
canvascat,2
gitza8,4
erik-slovak,1
armenzg,5
Natnat999,1
moicben,2
a-fischbach,1
pratapaditya948,4
frank-waringu,1
prodip0915,1
filopedraz,17
sripal19,1
Antor1155,1
hunterpaulson,2
reetechengineer,1
Sarvagya45,3
pradeepG33,1
picard-jpi,1
gdks,10
Alazizxan,1
nitish-niraj,1
futurethang,1
yashikaBhandari,2
prithvidbox,1
triiolix,2
phuongt,3
LegacyAngel2K9,5
Aadesh-dev,1
dmazwry,2
DarkXstaR90,3
JayjayR89,5
sasikumarvcse,2
DEDI1956,2
PragnaRajesh,4
vtjvlad,1
shero1111,3
Chibisan-sys,2
izadoesdev,2
Scholarphile,3
felixuxx,2
adityagws45,1
C00LSkY,1
AsaBank,5
EduPucheta,1
jas-kas,2
jeka7ro,1
byerlikaya,2
tomfrew,1
S3Stellar,1
hwangdev97,3
Rohullahkyhandev,1
ongcjjjj,2
harmalh,1
Viralith-Prime,6
rakadwiananta,2
Kaveeshamanu,2
aliaksandr-kazarez,2
naonao96,2
Sumitjj,1
krishnasinghrathore,2
tokkikim,5
ndh0408,4
kinyuadennis,2
voltescirera,1
Maxitron000,6
jrmoynihan,1
Codewizkashish,1
comradesurendra,1
goinfroooo,2
autonomyowner,3
steveydevey,4
ShlokeBinani,22
ishaheen10,2
ngugibrian16,1
ranami0822,3
GuanshiyinPusa,1
OZVE,1
krystofwoldrich,1
jsjj10002,1
f-gozie,3
Serendiggity,2
whyamlost,4
ark02,1
WEIFENG2333,1
mhoangcva,2
rofaidaamer624,1
Kiyomiddinova-Farida,4
mos-cyber,1
bipin-work,1
victorrony,1
ProgramTechBro,2
SatyamGuptaDev,2
anycall6779,1
Ajas010,1
sriramreddydwarampudi,2
JEESE-JOHN,1
Vikram-Dwarampudi,1
William-9811,1
keigo1110,1
headshootcheng,1
sswiftdrtv,4
Abhishek6206-code,3
NeverMoreLyh,1
maphal-2025,3
gscalzo,8
NanHeSam,3
Unbundl,2
saintjin18,1
ctn,1
mustafa9973,1
taykim01,1
titiromobile,1
zyxgene,1
remyolson,1
smakubi,1
alharkan7,1
DivyadharOjha,3
hoseinmos79,1
purna-6441,1
qutpy7,2
Choegyel-Norbu,1
Maha-Kefi12,2
ahulkumar1234,1
woody-tiab,1
Vivekanandhan-Elavarasan,1
jeevana4587,1
duongnguyen321,1
chinh0409,2
LimePencil,1
mdjastrzebski,6
Katleho14,3
carloskgh,5
Xeyronox,1
EliCastenson,1
NasirBhotta,1
VIGNESVAR007,2
Angel-GritFeat,1
mehuP,1
piyushpawar19,4
mayerven,1
avative-pat,1
Chinmay-innovates,1
hackerjoke69r,1
peteryang1756,3
Gaoce8888,8
demod727,1
Micro0x00,2
EvgenyTimoshin,6
piyushgarg-dev,2
axentioialexandru95,2
Ravineware01,1
Anshusagar,1
barakpayouts,3
iamluisdev,3
MichaelPowell89,1
kvdeepak7,2
abiribahullas7766,1
mojibc1377,1
Alfezkhan61,2
answjddnjs04,1
dallenpyrah,1
AbelJSeba,1
joacotornello,3
it4-superbhyper,2
SandeshDhakal0,1
Rautpranav0824,2
NazmulPolok,1
PTs231205,1
aisyah120715,1
SanjeevSharma22,3
franz-li,1
Moh-saudi,1
bharathajjarapu,3
noxan,4
Efeckc17,1
enricoaquilina,1
Brooooooklyn,1
vosechu,2
wheza99,1
RockChinQ,1
htdrake009,1
dssolutions-mx,8
Franpastoragusti,5
krkn12,1
SuoweiHu,2
nctuelectrophysics103,1
pmairoldi,1
razzacktiger,1
JLarky,3
jarednwolf,1
Sandeep010-hub,1
cognalog,1
rsdfx234,4
trejordan,1
cnnn,1
leonardosslima,1
djbowers,1
ALPERDURUKAN,1
shivpkumar,1
andy003,3
freemanhui,2
barredo,2
jasperuuu,7
ItWasDinkleberg,2
shreyanshsaraswati007,1
sumanthks-dev,1
Amitmishra-git,3
akashsingh10091993,1
monmun018,1
LeeNPham,1
dhruv1110,1
EncikA,1
aegentdev,1
wdcxprox,4
GoFisch616,2
pablosanderman,1
debanga-r-hazarika,1
minhtien2405,2
LeighHMitchell,4
Shumatsurontek,1
Arik-Abdullah,1
nazeer-shaik-01,1
LazyGuy-jpg,1
ryokosuge,1
MuhammadYusufAndrika,1
tarikBelhaj,5
Anshrai64,1
JimChristian21,2
kgy2,3
Joseph-hackathon,1
gitoncloud7,1
mhdfrhan,1
mike12733,3
Eternalaaa,3
shide1989,1
EngShekinah,2
harsh1234514,2
alyanahmedkiyani,1
mikepitre,2
Challakruthika,1
sshickles,1
Ahmersaeed09,2
nuxe,2
promptclickrun,1
kevinkga,1
mythili-SDET,3
Satyanarayana36,1
moseszhou,1
andystjean1,1
rajofearth,2
MyLittleCrab,19
samples28,3
teekize,1
sriharsha-web,1
JOANTHEDON,1
cybzq37,1
TristanSnyder,9
jojof0703,3
stephenhillphd,2
Archer70,1
rutik1008,1
systeamcls,1
mHassan-Iftikhar,1
ERDLL0,1
Stoplossking1,1
Sowmo0509,1
Gogeta77777,1
tylerthecoder,2
krupuk1,1
containerman17,11
cntcr999,1
harshadkokkinti,4
cameronmcclure,1
BAP-bhai,1
ko-tominaga,1
NurKeinNeid,5
cashmindx,1
cyrusdh,3
Emiyaaaaa,1
Melvynx,4
willcray,3
pyrex41,4
dennisimoo,1
Nine-lwj,2
JaellyBean,1
AnudeepSatyaSai,1
anuraggautam79381,2
Girjesh2025,1
abdulr7man-samir,6
yohancohenai,1
johnchourajr,1
FeldmanGot,1
sathvikreddy27,1
AmeyaKol,1
ilya-dyaglev,1
lyssadev,1
kokchisco,1
lzhang2,1
ozzyonfire,1
yjwithhc,1
Rushil-19-blr,2
gamme12-21,2
charu123,3
beyondExp,3
sourav-bhongade,4
Sarthak1524,1
dez84,1
braisgonzalez,3
KevinVandy,1
gduplessy,2
AmanKhare28,1
venkateshfax,1
KiranAnnigeri,2
lwshen,1
Kamalpannu,1
MatissJanis,1
Suhaib3100,1
flehmenlips,1
xwzy,1
DylanDDeng,1
ReedRawlings,4
mnmontesano,2
sao,1
zvadym,2
TruongNDatHoang,3
JOJOADDA,1
irensaltali,1
mohan949,1
nonomnonom,5
pjontop,1
yashmaurya01,1
Kenny-Corleone,2
dminond,2
aaquib-anzar,1
RaviTeja9145,1
shaiss,2
tansautn,1
RushendraNuthi,1
dahuang0314,1
heysiridu,1
abdouchamkha,1
Donach,2
samdasu567,1
tejetkerek,1
Lavanya-865,2
Vrajc,1
cuipengfeily,1
mjhanratty,1
shivakumar-07,1
dinesh-grammer,1
hackertron,2
thomaspaulmann,4
ctbritt,5
countaustin1990,1
pavelkushtia,2
teethandnail,1
whitexiao007,1
jamaynor,1
pawelchcki,1
DivinPrince,1
s4dev-p,2
allallg,1
NXConner,1
aken1023,1
dizzafizza,1
markie-dev,2
upendrasachan19,1
szokeasaurusrex,6
SkyeYoung,1
BlueTriangleG,1
ekinsagcan,1
Vegito34,1
heyadrsh,2
didia,1
vishal-upsqr,1
MahiyaMuskaanShaik0703,1
jancen-cloud,1
bandar18,4
sofftovich,1
244x050xShotaTakahashi,2
prepiialove,1
ramrebol,1
aliaamir-stack,1
flyGetHu,2
tiobi,1
dohyun82,1
Jo2pA,1
vanshgurnani,1
YunaFu-2025,2
PriyanshuAppointy,1
Karel-Kroeze,2
MiaBorkoo,1
deno1134,2
thakoreh,1
devbroz1620,1
hungmanh02,1
fajriiqbal,1
andikka0001,1
mahmoudadel810,1
lcy19930619,1
aksk212,2
ishita9794mishra713533,1
yichiehchiu25,2
paguos,1
javiSBP,1
renning22,1
001priyanshi,1
1943andres,1
Sreeharij146,1
USER839-3,3
KevCo2,4
bnss-sp,1
JustinStrik,1
ferry18,1
anis09,1
fromofgod,2
virgilvox,2
dmattia,1
lewis-jer,1
wangbowen-hub,1
mydea,1
gshivakrishna,1
Askerer,2
lomp521,1
tomiyasu0428,2
xuandeng,2
Hieu-vn,2
MouhibBenSalah,3
titanism2197,3
shinmentakezoo,7
kisholoy2017,1
Petjoqwe,3
lilieth10,1
jduffey,3
xxrram1,2
eka0789,2
a46478787,1
shota-yasunaga,4
quang-pham-dev,1
yuki-snow1823,1
moses142,2
base60s,1
sinamrita,1
alexkunde,1
tobenot,8
receter,2
Ernous,1
Nitesh-kumarr,3
Archon-444,1
wwzjustin,2
sizzlecar,1
Pavelrrr,1
leakhaa,1
Crackzul,2
primsf,1
Benedwe,1
NHvnSN8xt4plaoO62WJ2,1
A4ever-ORG,1
DockerDiscordControl,2
mschile,1
mvvmahesh,1
chritztopher,2
ShobhithBN,4
shahabnmr,1
Priyanshu-Gardharia,1
maxbaydi,4
omkar-2109,1
morningstar170,1
muramets,1
Lamiabrc,1
okay633,1
lorida0777,4
Nounagnon02,1
Sabin24-max,2
kauankarvalho,1
JollyHcl,1
prerana-1601,1
miyaliunian,1
Clebsonscottgp,2
checktoo,1
jellomld,6
mrozenbl,1
cd-jsc,2
0xLLM73,1
juniorlebon12,1
Black-Hawk-dev,3
shahab00x,2
Senaaravichandran,1
rijnhardtkotze,2
milkouzunov,1
sahilkhurana01,1
HaruhiMizuguchi,1
ManuelLR,1
locvthanh,1
sas-cube-india,1
Hemal2205,3
Zen0fficial,1
BasilAgha,1
reflaxess123,1
BarniGonz,3
andreasblomqvist,1
nruizneiman,2
nieSugar,1
M7madAwawdeh,1
tonychen2,1
Pratham-Tannirwar,1
Chhimekilab,2
gh-user-test01,1
u88803494,1
dimakets,1
astew24,1
shanhaiying,2
xnx6x,2
kee1bo,1
cbrown564-alt,6
Rithi-04,1
alkindi778,1
mohsenghq,1
Dantico12,1
santhoshkumar1204,1
top58525785,1
go6887,1
kdoronin,1
Vinayak1337,1
phletchv,1
anwaramjad,1
hamzaelsherif121,1
hgffgdgs,3
gokcegoncu,1
proffectiv,1
KazanovaCode,1
gmarga07,2
master-senses,1
DanteBarnett,2
harshitkargetiiiiii,1
vryakafree,1
opps10086,1
Jabari-Byrd,1
rayzhang-x,1
HT-w-coder,1
aimasteracc,1
Superkaoshen,1
znnmurilo,1
Anupvarma38,2
pradeepyadav5137,1
kkmcgg,1
xiaobaophp,1
rdbishal30,3
zhoujing,1
sakamoti55,1
BlitherBoom812,1
AntiMatterZX,3
Novi-uiu,1
Magraa,1
mayurr99,1
ElisaNasir,1
AlfGoto,1
Hydra6604,2
aryan0001-coder,1
gregcastro23,1
cdruxerman,1
dyih2456,1
arslanmit,11
ai-enterpriseai,4
swaswa66,1
hipigod,1
yxmwater,4
arovattixu,1
goldnead,1
SagarTank2110,1
BelikinArtyom,1
Klammertime,1
bravosautomations,1
Miroslav-mobyDev,1
jcr82,3
TarangGarlapally,2
epcim,2
surafelwondimagegn,1
Sigmafox94,1
dbm5891,1
skylerzhang,5
ilya24037,1
zahidcserana,3
ammfat,1
chtahir797,1
jneuff,1
djordjes19,1
eurusilai,1
teixeirinha2020,1
dougaug,1
RamonyML,1
black-table,1
ali92121,2
nicotordev,1
endlessmanfred,1
LucasLangley,1
zagkun2k,1
ariefrahmansyah,1
vanshaj287,1
schiun,1
krish-coder-24,1
khelovatika,1
shanusimon,1
ShibanandaPattnaik,1
selvaprvn,1
shofiq18,1
calumjs,1
L1ttleWizard,1
Shubhamkis196200,1
HyeseungParkUHS,1
swapnildubeyo711-max,1
RohithRajan111,1
shivamsingh57,1
KherlenchimegB,1
mkkguru,1
Omer-Josue,1
ddodoo,1
shurco,1
thisisprofnajafi,1
eozel43,1
NIgan1989,1
wolfRbish7949,1
dddiggory,1
sovushik,2
rithvik369672,1
RohitBeniwal,3
Puneetjain703,1
Ramyark818,1
SATurn-Bound,2
supercll,2
jeswr,1
itz-binar,2
fn9170,2
FrostedLinguini,1
Fikri-Coders,1
nawka12,1
Richard-Chimama,1
JuliusQuarshie,1
matinrasooli,1
TriThuc2321,1
GhostWalker562,1
Manish5788,1
eimg,1
TonioCodeur,1
nishwal-kotian,1
marcusschiesser,1
annt-nfq,1
tsathya98,1
kenzey0man,1
sonomaqq,1
TheUserName12345,1
nva-sec,1
Fortunate787,1
tankpanv,1
viveknair,1
WilliamShi666,1
PrzemyslawCh,1
luka-loehr,2
Hatdoglang,1
SudheerJa-Kore,1
si,1
ermias123w,2
nftbeach12345,2
Ghazi-nk,1
rob201992,1
paukraft,1
abdulwasay8126,1
deepshah21,1
Abimoh2002,1
saurabhpratapsingh23,1
rfahrn,1
catfist,1
nhatanhvodev,1
mujahidmasood,1
valbuc,2
Rudra143Sahoo,1
chaitanyatumma,1
criestefani,1
Ljizz,2
Zahra-Moujood,2
artemgribkov320,1
the3asic,2
SStan-prog,1
Gandias,1
Jitesh-Bhatti,2
ArcticFaded,1
eefeturkan,1
hs2973,1
mrmm,2
Al4ise,1
RemofilweKath,1
mamertofabian,1
Irene042890,1
ricchrstn,1
PrafulShinde45,1
Pranita0790,1
devagirimohanreddy-dmr,1
Roy3098,1
wtomendes,1
AgentDamion,1
SG-21-10,2
Yashwanth-88,1
ahmedProjectTester,1
zuowaiwai,1
SolitaryThinker,1
thez2,1
jordan-shipped,1
anantjain-xyz,1
ssobii2,1
SimHoZebs,2
fahisayub,1
neroamy,1
TenyaVcore,2
Yuvalpoli,1
zellwong,1
saad-pie,1
prithesh-p,1
jmhands,1
kenken-ishiken,8
CryDevOk,1
jpjsonic,7
yingatorah,1
rezashariatmadar,1
guykirschbaum,1
milosmns,1
nykadamec,2
varunsingh3545,1
Rebertlb,1
Thoserr,1
meenakshiks247,1
annrosethomson2004,1
AniketChelawat27,1
devpatel1849,1
duatnguyen,1
exceptionraiser,1
RostyslavStupnytskyi,3
msbugra,1
CowleyCZE,1
matiasngf,1
9ninee,1
prj3980,1
jdsalasca,2
Gigiisanta,1
Central-F,2
Mirator,1
JClackett,2
katrinaaaaaaa,1
niazjano,1
shikhajain123,2
nate-kumar,1
Aditisoni26,1
Oggie26,1
joshma,1
filipopper,1
Kroneckera,1
ulamspiral317,3
abhishekraj1305,1
medhini98,1
SquareszLeaf,1
KillAllTheHippies,3
isheikh8492,2
fleezy42,1
zvladru,1
mitsu545,1
rbouma,2
marco22dan,1
oneweerachaiv2,9
mariogate,1
edgartrp,4
htaro3,4
luisheres,8
hkauffman3,2
CShared3,1
shimonjacobs,1
RRocaP,9
vishrutJha,1
YaakovHatam,3
logz56k,4
derailed3,7
gsperim,1
ChrisPiz,1
cessna85,1
GerMedina91,1
ajaxwd,2
SpaceFoon,1
Metabolism2003,2
tin-cat,1
operatortecnick,7
Sayrrexe,1
viator32,3
goldenhelper,1
edkuart,7
AMNourddine,11
wiecznyPoszukiwacz,6
fdzsergio,1
carlsendk,6
danylevych,2
preposition17,3
jandersongarcia,1
Mateoquinteroc,2
Seohyeon-Min,3
slmn7799,3
nrmnkny,2
fish-filet,1
codeacula,3
FallenUns,2
francisco-debierne,2
JavaCPP0,3
makoto39831,1
didanty,1
Lucas-Piantini,3
priyanshshahh,2
zachgoz,2
LevkinGI,5
steve922,5
nate2211,1
varunkumarj,4
spooky-book,1
LFJacinto,8
salesform,1
TH1NKING,3
kodaimaehata,1
aadjones,10
LeNekoza,6
Paul-IkaSpark,1
Anacgaraujo,1
pooya-badiee,1
TRex247,4
ndionysiadis,4
fseixas,2
shi1720,1
peignoir,2
Mino01,1
Cosmin3l28,2
rodja,1
ramarivera,3
darrylmacleod,1
thammachet,3
M3ndes,3
ingressaichat,2
Manumerobis,5
tdieringer,5
agrosso27,2
pejman2366,1
luiscastanedadeveloper,1
WangHaoShih,1
valentin-schwind,2
JDowler25,2
spencermamer,5
yyyup,4
cesar-ord,2
Stoff73,4
sauravabc16,6
kendavidn,1
1pongs,2
iansamuel,1
kritikal619,2
Spica910,3
limerainne,2
tinypony777,1
carlosguzu,1
Yousuf59zaman,5
tienducvu03,1
41yannik,1
hjukes99,4
khaledyoussef24,4
Nathan-ma,3
CobaltTornado,2
MichaelGurevich,5
zbidi,1
albinjal,5
jamesxleon,6
Marte1978,1
akshatshahh,1
Joezhou1211,1
SiarheiKulinich,1
Foxglovery,1
steveszat,1
rbundock,4
jwmclarky,3
saracarl,8
hrs23,2
davidroldan211,1
eeiaao,6
Smallejoo,2
c3337187,6
yutripn,4
ryse2d,4
finyster,1
Carlito-sv,1
harrisondeo,4
JosephITA,5
kekeke0318,5
sunithvs,4
sklein12,2
BotNestEdu,1
entira,6
4dimkb,1
nextagencyio,1
JadyMcIntyre,4
Nilay144,1
jaryc,1
memokr,6
De-Gregorio,1
Marcus-Peterson,1
raphael39,2
Unusalihr,1
Somthingwitty,1
hugeclear,1
shane-grady,1
starkvind,2
NeilsBored,6
BowTieBloke,4
tcnh,2
sagavax,12
SMinginf,7
JqSilva,1
nks676,1
nashkepashke,1
yafarkin,2
jainsumit12,2
efedericocomel,1
bhbmaster,9
imrozkh,4
msolanki11422,7
BryantDesigns,3
taha-malik27,1
tardivopedro,1
Sem-disco,1
Cristian-Leon,1
lzrka,4
MartynK,1
srihari-palivela,7
bm16036,6
royshopflo,1
Horishin01,2
Ayebare-R,2
TommDaniel,2
FromAriel,1
Benzo-Fury,4
ariskoutris,1
bonda29,2
MariusCristianBuzea,2
AbbassBaz,1
cufesimonwang,2
elloza,1
JuryA,4
jesuXZV,2
afsungur,1
akarakus27,6
ItsNaunas,3
isranetoo,4
rstart18,12
nofilsiddiqui-2000,2
vcaina,1
dodenbach,2
josiarod,2
nehirenu,1
TilliVanilli333,14
yoontaePaper,1
YohanGH,3
dbioc504,1
djimit,10
tungmeister,1
sit-in-a-row,1
iddriss,1
ardaispartalioglu,1
znaghash,2
hsntrkylmz,2
akki-g,3
evalenz2,2
alemat13,8
cywf,2
LordLobotom,2
Alejandrozzzzz,6
ppusateri,2
grant-sam03,1
stratege29,1
TofBoubou,3
DaviFalcao-prog,3
FukjemiCZ,1
notbadcode-dev,2
ShiaoZhuang,1
Alcanius,2
StrawnCM,11
raocvi,1
faltawy,3
david-torres,1
Robert54,4
kemuriCode,1
HanSeongDeok,2
Phife726,1
Joshua1491,1
HP-00,15
Elijah-Andrae56,4
ripple0328,3
verethragna111,1
mitchell-solomon,4
polterguy,3
AlexarasTG,2
davidortinau,4
TroyeXu,7
choovio-sara,1
maystudios,4
roi-eplane,1
Realowg,9
AlucaYamil,2
TheNameIsK,3
ilyasschah,1
devIlan03,2
souvikroy,1
rcollins0618,4
ShenhavBarziv,4
nrocla,1
iva-tech,1
dhruvvaz,2
AnnoyedFilmer,1
Serpetl,3
maximianoneto,1
hpassos,1
Nalvac,1
Theseus865,1
ytvee,10
jo-sena,4
FloatingMindWow,3
losstng,1
Mig678,11
darlenecoelho,1
totoku103,5
KilroyHere,2
keito4,1
Moshef770,1
yuguangdang,1
michelp,3
shelban,3
SykituS,5
gurukrpa,2
chrisdietr,2
Pharbi,9
LuPoYi,2
vasapolin,2
samikpal,1
ericroussel,1
mben87,1
alex-ohdz,6
ashvardanian,3
swiftedup,2
L3WuShKa,1
lompabr,1
leopoko,1
Alphayellowcat,3
GrullonDev,11
redwing555,1
hiringManager,1
abameda,5
mwwoodworth,5
MaxChen228,2
cristianoso19,2
wonliao,7
187370,2
loloshka1337,10
aliabdulrabali,1
Abraxas-7,3
R-Gld,2
bluenoe,1
ColinPeppler,2
Nicolaidam,3
cedstrickland,8
arunanshub,4
irawill,1
cloudy-panda-code,1
JJGaming007,8
lucas-werner,21
edneiaugustofilho,1
jasonxue1,1
badfq156afadfa,1
Gatronico,3
XemaLed,3
Takaaki-Yokoyama,1
FriChaFri,3
Mournian-ai,14
giubbe,2
JRBowman,1
SCVA,3
TigreDev,1
Klaiment,2
RFLORESCARTES,1
harsimran-05,2
Saicharan128,1
Not-Yukii,4
Frakir80,2
ellaia,1
kazuya030,3
safal207,7
AtillerieAffe,4
msem006,1
Alsadiq-Ahmad,3
ToniNgethe,2
zoyspace,1
andrea-vaiuso,6
AnirudhKosaraju,1
rounsaville1,7
ConeArtist,3
perriceconsulting,6
aiurforever,1
wolffiex,1
mantikoros,4
sudhansagar,1
gallimgg,3
adarshm0han,2
vredrick,4
jslee02,7
shoe116,2
GeorgeOliveira2111,1
Jofunpe,4
frievoe97,4
Yusef7222,1
B-Adv,1
Jessili8,5
SAKETH11111,4
geoburdin,2
wdbetts,3
driss-94,1
hstewartjr12,1
neoneye,1
didvi,2
mattglbrt,5
Amine-Hbaiz,1
sliday,5
anton0kurilov,1
Manecharo,2
zeel-912,2
mensenvau,1
fjlisbona,1
ichbinjm,2
davidus98,12
qsc811022,4
Hitanshu08,8
kuriot,4
bearpro,8
TheBeadster,3
kimseunghyun-kr,2
rav-pawar,4
iSidd2002,2
ianrobertlambert,4
cs-fedy,5
ksanderer,4
igoryashkka,4
matheus-reif,1
Gonzaloescobardev,1
bluesky-TP,1
mjh-ng,6
920naoki,1
danteredgrave8,3
ZeroDotNet,1
SHADIALAYDI,1
jamesbmour,3
codexerp,2
hafidzyahya,3
Ishige99,1
cizneeh,7
otaku840726,4
Ernest118,1
kalanon,1
nrmcmillan,1
faresmazouz,5
me846,1
CuangWilliamOOP,3
gindemit,4
GrammSoli,1
w95,1
SteinMM,2
skdenton,1
bruno-tristao,3
AgentAiDrive,2
Skriptersz,11
thinkingserious,6
farshidrayhancv,1
SteveChandler,1
JosephDavis,1
jkind9,6
chardebeer,3
nicookenny,1
Vamin-co,2
sahilbansal17,4
alexblacknet20,2
Hg-lab,1
Bart35,2
selimgezerr,3
jeremylukebennett,3
ugar2000,1
brenoso,4
mattiasaloni-2008,2
HUQiancheng,1
jimitogni,1
roberwild,2
JABYLM,18
PrRonald,1
KaueReinbold,2
Makisuo,1
pachai2017,1
ryouhei0622,1
sam-powers,3
marks2ai,1
Baguimon,1
Alphamageddon,9
paolotre,1
structana,7
theraccoonbear,4
Chiverz,3
neruntia-lab,1
4p0ca1ypse,1
abehlok2,6
wenli-cwl,4
DANGBrandon,1
olanaso,5
jzsiggy,1
szhajdu,3
rajkorde,8
NoushadBug,3
kallejre,1
erauner12,6
toskaen,4
bshepp,6
sergiullas,6
mikeyjslater1998,3
olivierb2,3
onezer00,6
jacklj9811,2
seiya-kumada,1
J-DTurner,5
noumanasim232,7
linizlest,1
NickJoyce-IO,2
SebastianLester,1
n-dryer,5
marcosAJS,1
kondrusev33ch,2
jonas8900,1
Jobcheruyot,1
fales-in-wonderland,6
abdullaheminb,1
aleeteo,1
aryanb1324,1
tosi-test,3
Atypical281795,1
zeoce,6
virgileallix,5
Stijn-B,2
lmarte17,1
Anupez16,1
angelogianfreda,1
gnycholas,2
victorjakob,1
4DRIAN0RTIZ,1
theo546,8
iabaldwin,3
elvido01,10
hailengc,3
ilikestrawberryy,1
changhyeon743,2
youtube-jocoding,1
glpzghoo,1
SVSKHD,1
AndrushkevichMikita,3
skipperkongen,6
Nicolecmacedo,1
DeyvidJesus,11
DummyExpert,3
al185104,3
JPchomp,1
proclama2022,3
YutoMatsui21,1
JockYellow,6
tobidwest,2
steelratsvibes,2
pedrogonzalezfernandez,1
FlorianCD,1
pavan1210121,1
cchacons,1
Hooleyhughes,1
mrkshdt,5
s3baG3n,1
cnoss,3
abozart,1
jesus849,1
delikesance,1
teodoront,3
wgcostta,4
jordybayo,2
Joserra151088,2
davi-canuto,4
federico-stacchietti,6
NathanNguyen-Dev,1
aamorimzzz,1
tolik105,1
Starlit23,2
hgarrison-artia,6
alaniturralde1,1
tetunomanabiya,1
emanuelealessio,1
KitcatCatlord,1
mattrussell7,2
max-stytch,5
sudilshr,1
qofo,10
varunmurali1,2
AIKEWA,1
yplog,3
OndrejKutil,1
hkraji,1
Phimour,3
qinhy,7
vedmakk,3
ggailabs,3
Curry330ru,1
JuliaMazzone,2
LeoSoftware2002,1
Steve-Landry-NONO,2
Tobbe1984,10
p4fg,1
ianRickmers,1
jupv4s,2
juanm21,4
downsea,6
LuisRamonCastilla,4
mcgloneb,1
kazuma0606,3
zervakisai,3
garyfeltham,1
CH7279,2
AgatheLebescond,1
housei521,1
bogdanbatrinu,1
soulasesing,5
pvakr,1
sai21gajula,2
Lint111,1
yeerliin,2
kinjalbhavsar,1
davidnajar,2
JPShag,1
StephaneRavet,1
knews2019,6
pepeebritos,1
tikidunpon,4
kargeor,3
xPucTu4,2
vhhatziry,4
helloworldhelloworld,9
dr-harper,3
aulakhinder,1
zuber-techdev,2
morytina,8
anlapaev,2
Melordes,1
XiaoyiD,2
manthan410,4
digitalvvt,4
Blastanaut,2
oliversl,3
CSalcedoDataBI,3
itechmeat,1
M-kasinski,3
zandemha2023,1
AmmarElnemr14,1
Worceraks,1
EpicSalvation,1
moayadalmalat,4
rvnikita,5
hawsan12,2
BastienLBC,7
jmrandall123,6
louismanhnguyen1998,1
justbug,6
Fabio-araujo-silva,9
dancary1,1
vicent510,2
swzhangmit,3
thezem,3
dhananjay-vishwakarma,7
milespetrov,1
zzeyyyang,1
marceltoma,1
GiuliBentancor,2
fennel-fun,1
junwoojeong100,1
cmonitorday,1
kedrosng,5
cyberlife-coder,7
ismooz,2
whedonsd,4
N00208773,1
armandpesme,3
Therapiezentrum-Koengen,1
EmirTosyali,1
scleakey,1
icsi1124,3
JulienAjdenbaum,1
maxsoulfly,3
kalumshort,3
InvarGervi123,3
piglee05022,3
dagdun,3
ViniciusLucchesi,9
Purgato96,1
BENZJ,2
antonionduarte,2
soabdoulaye,2
djSaBaS,2
meme0524,1
mohanaravind,1
quin3125,1
AlbertoLara07,4
diegomendesbrasil,1
josenavarretedr,3
N3rvs,1
Ibraeltassa,1
justinjeff517,2
Suoriks,1
Henok34,1
amidstdebug,10
millekh,3
prawienocski,1
nagarajvd,1
Rensjo,2
yoavyaari,8
QuEng,2
suryakochirajavu,2
chkie,6
maguroid,1
haripery,7
iamfaith99,4
nikolakolev1,1
vukkt,2
SamSabir-dev,3
hkhan24,2
developforhuman,1
swicken,6
l1va,2
ArbyLeon,1
DaraXBT,3
Bajerboy,6
parfois-dev,7
dbanegasl,2
imrizwan,1
Outdreamer19,2
Maharishiva,4
Eales,2
mertkiray,2
JackChen988,2
Crypt-Guard,2
SusannaKay,2
kubota-curry,1
bkawakami,7
yuttokb2,2
erdemyigitulu,1
supplepentan,3
nikanjam,1
Tech-Aware,2
anonymort,5
vgade267736,4
evanextreme,1
xhackergirl,4
shuvooa707,1
dsmith838,1
Polarishh,1
Burigames,2
zarzet,3
AndresBettati,1
wwwhiteee,1
Augu001,4
Albereda,3
tbauer79999,2
TS696,1
koo-ec,1
Siddh07,1
akhilk999,1
Diegoo1-dev,1
SaddamHussainSafi,3
vines90,3
tallisthomas,2
tarek-debug,1
pagidalanagesh7,3
ademadiyaman,1
salilp42,1
YourManz,3
prabathmudalige,1
marijnbaar,3
gnas01,3
bizzlechizzle,1
memin2522,1
jarryd,1
guilherme-lacerda-ribeiro,2
kuro0759,4
Yi-21,1
fashrif19,1
raj123-4,3
mfiratpolat,1
kahsi13,2
eservicetv,1
BRkrdoso,1
ashsphere,3
Grigory-T,4
Azizultra32,8
yjh0502,2
xamaztian,6
dhruvj38,1
FergalKilroy,1
SamarthShinde,7
Belerafon,2
meguichi,1
Danilop95,1
brice2411,1
Cynais,1
moebius91,2
JaysPancake,4
gomesrocha,2
jablko-b,1
docotorTprogrammer,1
AshNaidoo1995,1
pede67,1
serwus701,1
AlexSendula,1
gandra,1
haye-git,1
thehashrocket,1
navnit,1
wohenkua,1
brentonk,1
rohit-saharan,5
msambrenil,3
ainoya,1
tizianomarino1,7
andreifoldes,2
Fuikubo,1
Fangsangik,2
digitalsemey,1
RdestPolny,1
nexus-core-jp,3
Millerd8436,1
GitHubRoy,2
philip-blachier-personal,1
MIkeinoz,2
fael123programming,2
hwilson01,1
Stu8990,3
nhipm-nec,1
roeezach,1
RickTheBrekkets,2
CharlesDevif,1
watherTRB,2
davideicardi,1
Nebulkaa,1
LeviiWebert,1
vitalibraude,3
contentossss,1
romers352,1
sm4rtm4art,1
susd1234,2
eatd,3
grusso-dev,3
JoseBerto-ai,1
akram0zaki,1
stevenp1015,1
elilim09,2
Livebearer,1
Bsns2397,1
raininfotech-dhruvik198,3
Scuba-code,9
RudraTailor,1
dmhardin102,1
abeldbase,1
eugenevig,1
Aopper,1
Sreejith-MA,1
arytek,3
Varial17,3
LoganToke,1
IPolisheRI,1
legexzt,1
MrMechanical,2
Magnusalt,4
DaikCong,4
Kum4r4n,1
martinnec,1
jamiewatsonuk,1
jasonkneen,6
ImShanks,1
J-N-ch,2
srikantha-h,4
Awerito,9
JesusLopezKLD,4
NicolaMancosu,2
Llnski,1
arnaugonzalez,1
hoag-le,2
MrSparkiop,1
RomanKundriukov,2
mboes,2
eder,1
xbloox,1
zhyd1997,2
reinaldo-rab,1
OnePawAI,1
joshua-t0,6
jack121200,1
scpike,1
christopherkumar,1
ShannonCanTech,2
teikim98,1
JasonCoawette,1
Icepeak01,1
griffinnn,3
thieenjdev03,1
plaformsre,2
kambojvikram,1
yexai,1
croft2K,1
sgzsh269,1
Geobatpo07,2
bgooda,1
leopvz,1
Turbo31150,3
EthanFrou1,1
zzy1099207684,3
dmielczarek00,2
MoZien,3
zenalive,1
spbrain,1
Blufix,1
gentarooka,2
idatsy,4
IsaiahDePorto,2
cebadaa,1
AnlaDmonroy,1
SantiagoRS26,4
DavaStrava,2
espegro,4
pacosanchezm,3
lucasrp,1
tjkubin,4
pnn64,1
ruslanpetrovup,5
kgolsen,1
briefsubstance91,4
macocheung,9
Aryank47,9
Cirrus012,2
ostrowr,4
AhmadAgbarea,1
jspag1111,2
flavio-fernandes,1
ztn-iplab,1
thecrack1,1
theshi-1128,1
sasa5linkar,9
jeremywuworldwidesimtan,1
donielix,1
yogeshc,1
rodrigocssoares,1
chrismaeda,11
HILABchatGPT,3
Fenris-nl,1
polimex-lgeorgiev,2
Buduwang,1
browningtons,6
makseq,1
supersteeeeeeeve,4
theotrosman,1
josephcourtney,1
antonispatr,1
el-hoshino,1
popdog3132,6
omnicont,1
kikogxgx,2
geaffer,1
davidmwilliams,5
Frosch1510,1
oBusk,9
Lola793,1
undecidedapollo,4
CarlosLeInfant,2
ahmedmoussallc,2
anthony74742,4
bysocode,1
syam000,1
Polese-e,1
Danilo-Carvalho-Antunes,1
Kuria-Mbatia,2
atharvamungee,2
aliozay,1
DValentijn,1
saulacunha,5
DaJan404,2
sergioBarrosSESI,2
kaic,5
sohamtikekar,2
bhavin-1906,1
88ili88,1
tmorrowdev,1
Tflys,1
AtMrun,2
natthawisombat,1
akyoscommunication,5
mindtrap,1
adelsontec,1
zhouxl3,3
Denniscaesar740,1
surajchavda,1
1pete369,1
luxsan21,2
Royalross,3
evanti,2
pedroivancordova,2
VincentHch,1
athulmangalam,2
cameraink,1
strobus,1
j-loquat,2
xuebozhu,2
nutgaard,2
LukeAWeaver,3
motojojoe,3
frana032,2
jgray-19,1
Slidebnb,1
SandroAlessi,1
kevinjohncutler,5
kazunoko115,1
MikeColon,1
gsmithline,3
APIPHINE,1
FlowAltDelete,1
wclervilus,3
andraghetti,1
arunavtiwari,5
wajoi96,1
goustkor,2
BivekKumarMali,1
imemir,5
blocksek,2
yg2288,2
iliawerner,1
isaacOjeda,1
kkive,1
ZakuroSystem,1
MikahB,9
Eyquinox,1
diss1dent,1
simonegiacomelli,1
Latticeworks1,2
mikekozlov,1
keshantej,1
Amiigzz1,1
10xD226,2
kkkirin,3
Ppolite,4
thiagomenin5,1
YourHopelessness,3
cruttam7,1
caocuong2404,1
bilcell,1
sorcia25,1
voipbvh,1
Suky-520,1
tharunkalluru,2
Urricelki,1
ram1047,1
Kevin350350,3
fenixtx1001,1
LRonElectricy,1
maetin0324,2
furkarun,1
DENIS-DEVELOPER-oss,1
RodrigoC17,1
taganz,1
ebosh-alt,1
kimoonz,1
MrLexDev,1
AndreWozniack,1
JuanMorenoDeLaCasa,1
daria1kharchenko,4
elecpraveen,1
Alexander-Bazh,3
cheneddie,3
PEnluQ,2
sushant-kumar-15,2
Karthiks915,2
endrithoti11,3
toanbui-tech,1
wangoldotcom,2
weinhuber,1
rudikdk,2
thelayerk,2
hussaingi2001,1
AgeeKey,1
aives1291,1
tengxuanp,1
sir-david,1
kiransgbd744,1
s4908,4
randgaard,1
tontony38,1
kaushalvivek,1
gvtret,5
rsgel,6
Jadiker,8
Darkness308,1
DevEdXYZ,1
avihyb,1
BrunoReni,7
saipraneeth777,2
anita211,3
Shallow22,3
stefanhall2704,1
jonaolden,2
ermolenkodev,1
simon681,3
francielterborges,1
jinek,5
jensneuse,1
euny0224,3
mariochrist-git,1
codelearning-ceo,2
cris777-V,2
fanvelzs,1
thinkSavag,3
theonlypal,4
mhdismailalsayad,3
Boobzozo,6
jamesyoung93,16
calderonf,6
drdavedqp,6
RafaelTeixeira1,3
Aandri99,2
HeyDavid,1
jdavidhoward,1
DevOpsKev,3
hadiudoit11,1
Jordiguell,1
SinProp,2
kernelzeroday,3
baratadiego,1
dylanfisher,1
Golferfifi,1
Chaptiv,1
mourad96,3
xydiwa,1
makquella,4
ivy,2
MiyuruThathsara,3
mslee9354,1
mitreka,4
ncroson,1
naividh,2
MinyuChan-vem,1
haydenkerr,1
aya-elkelany,1
mkoenings,1
erickfm,5
velhud,2
LouisCastricato,8
JerHutch,1
PalGria,4
tibiprintis,4
jc214809,12
MrUltraEnder,8
minhphuc1304,1
AChak14,3
omue-dev,4
LazyCats07,5
dsoin,2
RasmusKRiis,4
tenriku-t,7
alexjwick,4
dequim1000,1
113974-Olivera-Gustavo,1
JerzyPlocha,3
nhorro,1
sadecemfk,1
lazarevtill,2
ClanZhou,1
Gandriuss,1
muye1202,1
baileytalks,1
Dark-Bob,7
ixiion001,1
as-is-prog,1
Amirdehghan09,1
toshi-G,3
yvwvnacb,2
yasuguerra,2
hadong1502,1
cypher-256,2
kamimi01,1
joshnroy,1
razdelkinra,1
PokemonUnite129,3
oldielight,1
ritik-attri,3
tebayoso,2
onkelfakeyoda,2
tetdavann,1
mon3y78,1
8mo10dance,6
irukatun,3
satwick,4
macho715,2
apsears,1
maksimkapython,7
FrodC,1
OFUcar,1
TheRealDevCH,1
TheZivi,1
Saifuddin53,4
Atyzze,1
shaffay,3
Kelli-anne,1
kennydd0,4
sourcecodeit,1
sfmqrb,1
mmathew23,1
Pacofor,1
HuajunGao,1
mallow43,3
bigwhalelilfish,1
YOOYONGJAE,1
patkyu,2
jinia91,4
PatrickR89,1
rhm,4
reivajdev,1
AhmadAshraf2,1
sivak1rl,1
izackwu,3
ronaldojr9,10
Rainer-Silva,1
ntingstrom,2
yhf2000,3
beankazama,3
gjlafuente,1
fweekshow,2
okannako83,1
Felipe3DArtist,1
pocatalin,1
blarter4,1
grahamm89,2
reycn,1
Gemeri,2
yamazaki33,1
haoran215,1
nikitadrokin,1
Remy-Ricardo,3
enoskyeza,2
jjeff,3
Sk4nk77,3
Trieulvhe187167,1
Jagoda11,4
iRayZ,1
abean94,1
vorosdev,1
Danut89,1
IreneSainz,1
dfxphoenix,1
tashua314,1
V-i-g-n-e-s-h,1
barntoshi,1
fadiensle,1
Sw0osho,1
kguillens,2
janashlewis,1
k-stb,1
Arcadesys,1
lk242,1
ChiliChonka,3
onurhanozer,5
Metziej,1
orhunkeskinbicak,1
tim-richter,1
primandhika,3
LounsenyC089,1
khuongln-1346,1
maThiaslI152,5
venkatmithun,1
santrulu,1
XHXIAIEIN,1
vinjo-byte,1
ediltokyay,1
qdab,1
SvenFireson,1
julienbourgainpro,2
flaviodm,1
Golenspade,1
stukenov,8
nicdercole,1
fedosov,1
WanderlanLima,1
Lumeagenciademkt,1
easonnotfound,1
dnilsonc,4
Temm18,1
ben-is-jammin,1
jbstanley2004,1
micahtracht,6
criccomini,4
mahued73,1
CorySchulz,2
sleepinganth,1
Legonois,1
angga-kool,1
Artiow,2
codevalley,2
h920032,3
kenkendk,5
anoamchi,1
bradenboisvert,2
PaulJ00,1
Lipeem,1
Mahko-AFK,1
bryanbellamy47,4
ichuu2,1
Ashwinvirupaksha,1
Sassidl,1
aa-io,3
doanmandev,1
EnzoDefranco,3
LorenzTroll,1
ssedghi1,6
mdolr,1
thomas-pedersen,1
hannesmalmberg,2
choisc91,1
IsaacM721,2
onlymatt43,1
aorwall,1
renangobero,1
tmoshole,1
mdusafp,1
arneroeduc,1
hafeezullahjamro,1
a-ono,1
gaswirth,4
yzhangtj,1
IvanOrtiz203,1
ryanj-lindsay,1
rickymm3,2
thecorz,2
marciacbarreto,1
baeun-official,2
JVSharp,1
ItsRiih,2
Wildcard-Creator,1
filipeBruniera,1
smartgainproperties,1
kerimsarigul,2
BklTradingApp,4
yusuf-toktas,1
bobergda,1
ederguzman,1
meghan128,1
focter,1
anosatsuk124,3
dxhoangsteve,1
CarlosRothmann,1
okabe007,2
Binhchuoizzz,1
giuliopons,2
jordanlein,2
djimenezz,1
SantiagoPQ2,1
AdonayNero,1
amcclain,2
e7mac,1
vicens123,1
dangkhoipham80,3
p3rcypj,1
Tai550,1
Babou001,2
webdevtodayjason,1
jtangen,1
ievasieva,1
takagiyuusuke,2
dan-in-it,2
lroy-stack,1
eth0ws,1
alexjasson,1
Kritsanai-Krish,3
israelias,1
okand77,1
mplanse,1
jxspam,2
Rk13termux,1
Kevbot-hub,2
tranquangthong03,4
pix0010,1
taichi98,5
PepeHonguito,2
ahmadhamed15,1
Ficabral10,1
MainBaze,1
jay-1799,1
Takahiro5421,7
henriquealrs,5
antoniocapone,1
aaroncofer25,7
cmkdropdrop,2
chalaivate,1
YSL4L,1
gpttop,1
arielmelendez,3
mtlacy216,2
mukeswar,2
siva-bharath,1
luan640,2
LET-137,1
yalmeidarj,2
GVNNexus,1
SamiElTemido,1
bdhammel,1
simon-gonzalez,2
mvpattel,1
woodenfox,10
riyu11riyu,1
TVheld,4
Tozaburo,2
C9-Tech-GtitHub,4
HiHihahabubleke,1
rladbsco24,3
rumtang,1
jasiralavi,3
brianej,1
muronglanghuan,1
vaporeyes,1
manuel-danz,1
Krenshibon,4
hvrthotapalli,1
Crifesma,1
YanisZedira,4
Yahway-noway,1
qtrrb,1
otugayev,1
Michael-Rodriguez-Tapia,1
sooraj46,1
ur-grue,2
dexterwho1,1
wms2537,2
skabox,1
marthindev,1
loulsfirenze,9
nixonsmithhunter,1
kimi-game,1
nickintercom,1
MaBlank,2
JhonnthanUlloa,1
TalShaf93,6
Outerskyb,1
amicojeko,2
ContraGamer,5
robre,1
SakodaShintaro,3
JacksonBryantFGCU,1
FBarrca,2
daviddarr,1
nodevar,3
meiliang86,1
NicolauDorys,1
hoangvulong999,1
ERICKLEO-ING,2
lachlansmith22,4
QIRIM-Young,1
zackmoyal,3
talipovm-nmsu,1
ahmed195c,1
HussiJS,2
SELCA-S,1
vicky0619,2
JinwangMok,5
selvaradov,1
PabloYepez,1
fp039,2
jinhduong,2
Glastis,4
bacanapps,1
papa-scz,3
markusylisiurunen,1
btoney76,1
msov19,1
karthikkumar,1
forcey,3
pierre-roth,3
elyfeb,1
Syleron,6
BITRY,3
Retrofish25,2
alphabeticalbeta,1
vishnuemani,1
lucasging,2
whoisivan18,1
danielyekini,1
FreemaX94,3
ttdung997,1
abbott,1
lulopdz,2
alekskoloch,1
S-Hairtail,1
tacticalops-hub,4
kaimarki,1
alex-robert-fr,1
SKIIZZLES,1
AndrewGilbert2027,1
DineshTeja,3
Shatashelans,1
lamBOOO,2
stevecollison,1
DJ3T,1
aissa-93,2
bridgeman,4
Arriedewaal,2
maazshahbaz,1
Mattiaskalaj,1
callme911git,1
37715,3
FreeTimeCoder82,2
jernejk,1
pixar634,2
ZanPajntar,1
RezaBaza,2
TyeGonzalez,1
ZuyVladislav,2
hoominchu,1
Mafu2k,2
mjaquiery,3
ad3rito,2
Juude,1
asherry99,1
tieutrunghoa1198,1
cauer71,1
Dillon-Based,1
ianrhutcheson,2
Skvastiani,3
SilverGlad,1
BOULAC,1
abusanny,1
Jululu,2
Batoste,1
wangsiping97,1
golfiishwb,1
rikhoffbauer,2
akulka404,1
justwon322,4
bradley-erickson,1
dev-ir,1
santilomb,3
bomoko,2
fytriht,1
JoeBuydemDips,1
pasechnik,2
hekonsek,2
raknah,4
Junichi0101,2
taherdhanera,1
sdejongh,4
marangoni,3
Cjota221,1
douglasmamuty,1
nikolas-lourenco,1
manfermusaqasen,1
alansaja13,1
maveryjr,4
Blair2004,1
hellojoyworldz,2
lotusify,1
GregPeden,1
fbnmurad,2
MauricioVilchex,1
hermescolina,1
CristianghCode,2
SamuelBrooks115,1
Soac-netizen,1
NicoSchumann,4
oreokekse,1
stillday,1
black-fake,1
takutomiyajima,2
konstcode,1
symb1ant,4
ilir2001,1
brahman47,4
alexsteeel,2
gcorroto,4
kapiso44,10
MD412,1
AhmetEmreOzumagi,1
Architit,4
SeidlJohannes,1
linics,6
MattArtzAnthro,1
franzejr,1
jbohack,1
dzungdinhh,1
mouhamethdk,1
SlyShot42,1
cnguye-n,2
ravetank,1
Dexaroz,1
tintenderete,2
abaikg,1
brorgustav,3
LeInS-dev,1
CatalystMonish,1
Areal17,1
badrikomma,1
deriael,3
dani020799,2
xfairgamex,15
Potasio101,1
srihari664,1
ziti10,2
giantsdigitaldev,1
pavan412kalyan,2
m-granados,1
smf2813,1
mcc052,1
AlexandreFyl,2
alexsoldani,3
sebastianingebrigtsen,1
immacolatabasile,1
morfjord,2
rendotidy59,1
mayki111555,1
xhackerx,3
eitanGbo,1
jefferyofsky,1
AymanZahran,1
enriquedelto,2
Shimshonneiman,1
Masum06,1
johnosd,3
LetsDrinkSomeTea,2
palamut62,2
silverquick,1
dsuket,1
ccclyu,1
edgarriba,1
erfanakk,1
bvghita,1
pengelke,1
cozymos,2
penakamaayo,1
lachlan2k,1
sena-sakuramoto,1
Parparvaz16,1
jamier2007,5
zaklampert,1
irampton,1
saisathwikpeddireddy,2
janujc,2
Nunderns,3
quentin12200,2
jgur-psyops,6
farabek,1
rodfernandez,1
drdev-ray,1
LuisMamey,1
dingody,1
MartaIraola,1
timothyythio,1
shahzaibmalik59,1
Damian-Oswald,3
JGreenwald538,1
HassanAnimashaun,1
basemqadasi,3
Trqjml,1
kimYH24,1
yeeesol,3
KacperOlejniczak,1
jasper-CY,1
Oguzhankuri,1
JackMoses3,1
mariusreissdoerfer,2
guennithegun,1
lorenzonava96,1
igor-ladkin,4
adamholtergmailcom,1
Don7888,1
TholUccaKool,1
holicst,1
pchinjr,1
Xappiens,1
TaeminYeom,1
NastyMel,1
themene,1
rossboyd,2
pavi38,2
sjd9021,1
jathilmony,1
evanpaul90,1
m7madalasmari,1
shmuelnh,1
wendellpbarreto,1
RBN-Apps,2
Lotrax,1
hsyntyhakis,1
muarju,1
davecahill,2
MateoEnnis,1
gerrynsw,1
SMCallan,1
rameshfernando9239,1
JorenB,2
Ismailjalil11,1
brickly26,1
ARTBRKR,1
JeremiasAguado30,1
qSerj,1
ThaycM,1
HermasGit,4
0xpsi,1
Davidkatom,3
corvusgn,1
hefesto22,1
doncarlo5,2
rdcre8tive,2
azeem110201,1
GhMartingit,2
fleetimee,1
johnpaulcode,1
killup10,1
nmamnun,1
xddMachine,1
BristonDomino,1
AnimeAwesome,1
FinalJapan,1
jacksonzamorano,2
rdbl,1
SerJefe,1
kaz-kobayashi,3
qichwi,1
Canerelpacino,2
forgadex,1
Willi-Coyote,1
cheonjjang,1
misut13,1
OhLookItsDaOne,2
pcaarvalho,1
RainBear-X,1
desaishivam,1
Whaleylaw,1
Dariel3112,1
SviatoslavBesp,1
smohan-dw,1
Hamin270,1
ceobitch,2
an7tang,2
marcogambassi,1
miruchigawa,1
aiecotruck,3
kikuman,3
igorvspenha,1
PaxGebert,3
chrisrtonini,5
ngvinhbaokg3-netizen,1
RohithBalasubramani,2
nanthan77,1
REDDY999999,2
anshu3933,4
godellaservices,1
AlekseyZzz,1
arextron,1
Laughter79,1
stevelaver,1
YazanGhafir,1
amirkhamzaev,1
georgejpark,4
achkari99,1
NWS-App,1
Mordecai2110,1
soufianmoussa,2
ProbablyPeps,2
mbessett1,1
drunkensouljah,1
juan88,1
rozenborg,1
gandhi95MD,1
alexisbanda,1
Dojo4education,1
cwchanap,2
gelly-lab,1
dadepo,2
Zarenk,1
jgreeffbusiness,2
kingsbayanalytics,2
MohAzizi,1
NiyiOke,2
communicoach,1
Chiconder,1
pedrovictoriano,1
timontop-de,1
skyarkitekten,2
kristiannordby,1
DeusDe,1
connorfata,1
Grigore3Vadana,2
tufanbarisyildirim,4
visionarywanderer,1
aravhawk,2
marbinner,13
Foreign1923,1
egelhaus,1
demtomi,1
ertugrulakben,1
fundaylncii,1
drogo36,2
danwalmsley,5
trunkey2003,1
NichaNichanok,1
juancito33,1
selfxnow,1
mbwiller,1
Kalind02,1
ronaldgra,2
dukhevych,1
c016smith,1
ORUGANTIVINODKUMAR,1
rk4526,1
ridz-shothikai,1
jormeijer,2
szafranskifilip,1
TronDurell,1
maykel9k,2
grzywek,1
SergioSLO,3
rcasia,1
1nis,1
hwj69,2
luckykong789x,2
liorerez7,1
WagonJames,5
ayemojisi,1
kismethas,1
PvTheMaster2,9
Rahulkumar-G,1
ViniciusKoiti,1
somethingreallycool123,2
maxnowack,1
Umer1837,1
viktor436,1
jonathankau,1
Edgley14,6
igorm84,1
aspectaurora,1
bardal,1
EmilyHongYT,1
JR1258,1
ThiDevs,1
trevorcreech,2
joschua-ebl,1
jdcampolargo,1
FrancescoAgnelli3,2
szaciooo,1
Mohammadam42,1
LukaVujcic,3
jasperkoningnl,3
yhbarve,2
odysseus0,1
joshua-cheng2210,1
kimyohan510,1
leonardorey-coder,2
mbuckup,1
monkeypashion,1
giorgosouz,1
GuilhermeKotchergenko,1
T30dev,1
Ozkan-yuksel,1
Emcooo,1
tales-andre,6
meilechwedding,2
directrpep,1
zircote,1
jakesjews,1
tackleza,1
mehdish3022,3
sharmavivek123,1
DonatoOndricka,1
aydinaksel,1
JEANPEREZ19,1
theuntoldcreator,3
tsumarga,1
rohit-gupta,2
da8702,1
RlucasMoralles,2
zeroxandrese,1
Biolater,3
DevourCode99,2
rhiray1996,2
moppywhip,1
avinitDollarpe,1
Jackbrandt1995,1
3stone-right,2
sacrates12,2
AlexNomadrg,1
Sergiogs08,1
HugoDevGomes,2
FreddyAITest,1
ogawaramo,1
Megapro-coder,1
ISAD2022,2
medAmarFilali,1
owenhope,2
zadrafi,1
OnixcodeAB,1
Swivelgames,4
ahendest,5
lectek,1
DanDanelli,2
r2dynamic,3
mrmoon0986,1
MustafaKudrat,5
rubywwwilde,1
marcovc,2
felcao,1
rafa-martin,1
SimpleGamezStudio,3
soondokwon,1
withvoidwithin,1
aleramirezsj,1
MedBouhdida1,2
DylanGeldenhuys,2
Miloksky,1
xiangli-sophgo,1
us2909,1
chinochino66,1
mohamamdsajadi,2
yuchdev,1
clearsense,1
Miguelfr1,1
balboah,2
bioyack,1
Flipsaus,2
santyr,4
simuelunbo,2
NickBres,1
SargisVardanian,2
jmillen678,1
OsamaAbuSitta,1
Vivibg,1
likemachine,1
n3pt7un,1
Sorachat1997,1
StudyMeBot,1
NicoBurra,1
cdsap,1
santi-1459,1
skirmani,1
ENVYFGC,3
ShubhamAgr,1
Mocci7,1
marcucgol,1
muxyy,1
anirudsuresh-nl,1
le0n22,4
zky001,1
rish-balaji,1
alexchecknow,2
TomUvi,1
Pg19g,2
rvadapally,1
Harrakata,1
WolverStones,1
chandni2515,1
juberti,2
novaluxORG,1
netpediaweb,1
hywenklis,4
lvzhangyx,1
syntaxsurge,2
sinanisler,1
lunarv01d,4
IvoVargas,1
omayorga,1
AsimkumarRU,1
Zergling789,1
aitorsantos,1
ddbarcelos,1
halil3210,1
nashthecoder,2
kulkid49,7
harksin,1
emerttd,1
yeltsinvc,2
Stass7,1
Rajkota03,2
jhills20,2
Heliostat9,1
tinegocios,3
rhdong,6
yuhino-aws,1
fsh,2
OneDragon1,2
xi-virus,2
osanaikoutarou,1
Blackklegend,2
bh060410-ctrl,1
dimon1976,1
Kartavyasoni,1
pmkhue,3
wishsagarks,1
hikarisakamoto,1
ansari-arsalan,3
leixusam,1
spacekoala420,1
zvadaadam,1
myle1996kh,2
efrencj,1
Ugna1908,1
yeyucel,1
Wisley56,1
Badinfiyt,1
sean-eskerium,4
pavele,4
avivlyweb,1
bobbyscraptos,1
OtnielSnts,2
dagmarakorta,1
GuangyanS,2
armageAR,2
Fantasista766,1
h33y,1
jozefkubis,2
camcarre,1
DannyGetGrammy,1
skadouche,3
Shivajith754,1
adelsonrms,1
mongolrulez,1
imaturidade,1
marimari118,1
akiwaky,1
ronhiltz,3
imo666,1
BenyaminDamircheli,1
taiogebule4,1
Cai-Jiaxu,1
oswaldoelflori,2
nathawat,1
hshang315,1
alexcote1,2
gavinbenda,1
differentdeofr,1
stratt0,3
ndlabdev,3
soivigol,1
alexnoguerol,1
imsugeno,1
RicardoML95,2
burnsbert,1
dawodghifari,1
cetine,1
deikotec,1
Unique0902,1
supersonicsixteen,1
SummitChen,1
matthewsnyder263,1
gavynrm5,1
TheroTheSerg,1
CodeHedge,3
yugoguy,2
andonov2,1
neelkrishna,2
Pierrrrrrrr,2
shoaib-310,1
ahmedlhanafy,1
vicemar,1
nienyiling,1
webgross99,1
DanZar2021,1
taichiroendo,1
jayozer,1
FreddieRao,1
Killreal6996,1
Lunarhop,2
mfbx9da4,1
georgeantonopoulos,5
kostaman0077,3
txgrx,1
cassioviller,1
LucasAlves0,1
ea2399,3
bjgiudicessi,1
dikshita84,1
JonatasFischer,2
artivilla,1
TechiStack,1
DelfsEngineering,1
14141313,1
fib55,1
nikhilrajnair,1
Snapphil,2
deandavis182,11
fimg2021,1
aokikenichi,1
Scriptornaut,1
denebjimmy,1
ateideman,1
kamalOurajdal,2
Reebo4000,1
deleonio,1
NSaccountamine,1
4lxndr3,1
njess,10
IgnacioCode,1
yosoyebj,5
SawaabA,1
eric-lemesre,5
scandick,1
golodrak,4
aladdin-edgy,3
MasonGillDev,1
Nutplus,1
mstorath,2
Hayo1706,1
lardzy,1
carlo73-Lefevre,1
0x-j,1
leogopal,1
jejze4364,3
kvmy,1
iamhectorlopez,1
Drakelid,2
jalalhussein1982,1
dslovinsky,1
juandurango1a,3
kat0666,1
fugatz,1
ppc1604,1
happymanocha,1
benpinetech,1
hcarter333,1
antonguzun,2
dufour9953,1
BinaryBeastMaster,1
gordon1210,2
metrlith,1
octanethegenio,1
pillar,1
Janakr9,1
landinlautaro,2
hrazi,3
JhojanECO,3
duongdaison3,1
danielrdev00,1
samh164,1
Artelove,1
titienne,1
jsBread,1
will-pagane,1
jasonrosenstein,1
Pharaohleft,1
biabcp,1
kvcop,27
AnanmayS,1
kash2george,3
Biribivan,4
JuanVentrone,1
URL42,3
Golem28,1
rngkrshn,2
YiQi0318,1
supdaniel1,1
brainitchstudio,1
Stef37140,2
twwhatever,3
BerndWiederuh,1
abdlmlaekluttei,1
Tacoman99,2
Mityx,1
alexlaurence,6
afistfullofash,1
glasgowshipyard,1
zettabotapp,3
TheDJGamerYT,1
abhilxsh07,1
Vanyadoing,1
bencehorvath95,1
NandoPls,1
B20210125,1
vladikbek,1
Yothisislogan,1
sunnypshah1,1
kangbumhee,2
RaphZribi,2
Cosmic-Skye,1
NiklasAbraham,1
arloo,1
mcvictoria-ia,3
mitchellwright,2
neboke,1
beau101023,4
amsb14,1
Tanu020405,1
Alkherej-Karam,1
danrave1234,5
okkk2010,1
ydjdgm,1
unxsist,1
Goldenmoonwitch,1
juanjoGonDev,1
richvip93,1
javx-lobo,3
nanotchec,2
webjhon,3
Inject-lab,1
Lcjlle,3
Kinfe123,1
Neelsabhahit,3
sarthakaggarwal97,1
gaha94,1
seai19650,1
mattnovelli,1
joec1000,2
IngAlejandrodcb,3
Alnuyt,1
hikettei,3
ickynk,2
Doomz,1
sinkers,1
tomsmith8,6
pashamango,1
salahbm,3
MX-Goliath,2
ianholing,1
cijothomas,1
example-git-a,3
blacksnail789521,2
qarsan257,1
yk-ds,1
dimkoug,2
jawadshuaib,1
keanemind,1
trademaster7777,1
bluelounge01,1
weihsiang0611,1
TaylorTautenhahn,1
nickbeau,1
AlexanderVgn,2
ermancekic,1
Orleanais360020,1
s30km0,1
KeaganGilmore,1
Mharshuk,1
chinooski,2
MicheleGrieco,1
FragkiskosPal,1
Alisher-Bulatov,1
maehr,1
FCSGCS,1
mchlkim,1
kenis314,1
mcochris,3
Gilkim97,1
Pisit1132,1
LamTamNhu,3
Benchangatrul284,2
Mixtol,1
christcame,3
varun1980,1
mitimood,1
wallramosdev,1
vtfarah,1
leonardonb,1
OmarDakkak,1
AlessandroSfratta,1
kkbtb,1
modelclixxo,1
Kabilash01,1
NeoDiuZ,1
Scarlet1107,1
CParaschivDev,2
waltrkm,1
oduggan21,1
jypark8084,1
Saganwazed,1
boomeringing,1
PhillipAma,1
sint18,2
kev1226,1
AlexandreGRZ,2
JKEEPS,6
11MFDOOM11,3
ryanrishi,1
maotai11,1
bajakprashant1798,1
pkraison,1
xiayang-cmd,3
jwsy,4
santoshvadakattu,2
jujuyaspiskaidel,1
gauravdattjoshi,1
Khitoshi,2
semothunder,1
b3asbe,2
WilsonValer,1
linzebing,3
kgauvin603,1
drmayor2004,2
dthtien,1
proflead,2
allen13,1
osoykan,1
big-other,1
trivender,1
4SELECTION,2
PriyanshBh,1
AndreHeber,1
flyguy21598-gif,1
Aarav4604,2
Lukrpanda,2
thiagoc-machado,1
jeffreyzschottche,4
leroidubuffet,1
Enz1n,1
Lucontdev,1
daezhn,2
orxansamuray,4
peymanML,1
ethanmcrae,2
beeeerrrrrrr,1
HirionDev,1
spookyuser,1
tuokeyun,2
dimarconicola,1
luko13,1
nunoguilherme,2
zeynelacikgoez,3
harounasn,1
AdvaitKaushal,1
kdf-git,1
0xp3p3x0,4
SpyC0der77,3
SaundersB,1
bu,1
Vishallgit,1
CptnKirk,1
katia-aa,2
kaiomagalhaes,1
rdgdeg,2
Machowicz,1
Patryk-Pyrek,2
wkronmiller,1
werelaxe,1
harittrivedi,1
dnbbch,1
Glezot,1
diegofreitas09,1
mpsteams,2
paaone,3
OhmHobby,1
IViz069,1
blairMoon,1
faratech,1
DChells,1
joelonsql,1
fidalgok,8
Defying-gravity62442,1
LeonS2k909,2
andywnorth,1
athlwulf,1
quicksilversurfer,3
tkelbert,1
wonderlensai,1
belltree-taka,1
mogden16,1
vickymaulana,1
rodrigodirknsj,2
makomao0,2
BoBomba,3
vaibhav-sumeru,1
joelin79,2
DreamDevourer,2
alys28,1
mike-batrakov,1
wwwharry87,1
Caio-Moretti,1
Mr-Winston-Wolf,1
Philprz,2
radvs,1
michaelmcgann,1
Yuan-Zzzz,1
Benlaptrinh,1
pacovilletard,1
EvolutionUnleashed,5
Shauryainfotech25,1
QiuTee,1
tkd1027,2
benoittml,1
Ilan-kiliogene,1
3vZVVm6V9A3O877TUqQD,1
Vantros,1
choiseungri,1
shuyo,3
gconkie,1
ArturShukolukov,2
carless7,1
leonj1,1
enchhik,1
robo78,3
DustinYangTW,1
ImKeal,1
Unshackled-Games,2
MagicalMegaDev,1
reneelechner8,1
hope4b,1
robbyriverside,1
Ultano,1
vincat77,2
campbellmcgregor,1
kcolombe,1
uya3,1
Koba1989,1
Vidyaranya,1
belham,2
rodrigoberna1996,3
Florin-Catalin,1
emremataraci,4
thefakepase,1
borncamp,1
GinoLlerena,1
Matheussop,1
Viesturs71,5
krijakov,1
nguyenduchai,4
Uli-Neu,4
nabinabi11,3
Tuysh,1
tutarbu,1
Eliottfrhl,1
ayoungh,3
0xfffffffa,1
aleksozerov,1
thousands-star,1
sgnd,1
ozirissp,2
goncakoprulu,1
lklic,1
dumyy,1
pvalentine0214,1
JohnnyVM,1
christianmarcosmp,1
Glinte,5
Azreal42,1
nkmgdevelopment,2
kalash990,1
cntrl-alt-lenny,2
saykim,1
kyledixon123,1
mohithhp001,1
62yg,1
TheoFrk,1
duyphuc-it,1
D0mainsale,1
pwizla,2
mathisboche,5
staslifer-ai,1
kthyon,1
maxitg,2
VOxFF,2
JuanTheCoder2012,3
MaireadKelly,1
onlydole,2
Sami-musta,2
arpit-cd,2
Fukushimaaaaa,1
PanKeyJey,1
kohya-ss,2
osakintoye,1
pysi01,2
leealex0201,1
draculayuan,1
Jultiss,2
apoimdate,2
zeldamaster911,1
MD2105,1
dcm1998,1
tfdhiraj,1
dxc1usive,2
ameynarwadkar,1
Bibek246,1
kshehadeh,1
Juan-construsoft,1
mymem0,1
provencher,1
Funcry241,1
marizikmund,1
kaustubhphatak,1
monteroserra,1
pocketkk,1
ImperiumWebApplications,1
ChikakoTsumura,1
BoeingPo,1
yunusonec,1
Mil4bot,1
ByTiGerr1,1
JONIJAIN,1
sebastian-lerner,1
TechsNtheCity940,1
ElKenny01,1
RezEnayati,2
PendarS,1
SonadiTrust,2
Woffleisme,3
Nashe267,2
ithakis,1
dahlish,2
joshalbrecht,2
topfiv,1
jufjuf,1
asdzxc1a,1
entalogics,1
masmutdev,2
laneki,1
davek-ai,2
mitchellsjohnson,2
haider213,5
FrankS-2024,1
lixuanfengs,5
amegaeru,1
Wacheee,1
heback,2
edxmorgan,2
somacruzer,1
axelruiz95,1
insightsmm,1
Barrones,2
latinlaunch,1
TheTuxis,2
dylanjm,1
gonzalezulises,1
Stardusted1,1
mahi91i,1
Sena-ops,2
THE-KIPDEV,1
brte123,2
piggio,1
steven-sanchez-brazil,2
endriu8811,1
upcomingsimplecoder,1
salemaljebaly,1
mohaammed17,1
sb4tester,1
andremorata,1
fathur6,1
JorgeMgl-DEV,1
blackphoenix42,1
nico-ber,1
danunt97,1
Alpha3433,2
YGJH,2
tarkansarim,4
troy020201,2
withmoon2010,1
treduckstech,2
MedAb94,1
santileortiz,3
jlpuebla,1
punkduckable,1
therealpaulgg,3
Ghopp3r,4
davidwu-openai,2
daizhongtian,3
sergeischkolnik,1
JonasAbde,1
mfarah7,1
BrunonToJa,1
imprint-sh,1
akihironitta,1
Pablow81,1
bekarys2003,4
smoxy,1
sakhaltai,2
FernandoVinha,2
demosalexas,1
lucasmanson,2
horshohei,1
andy763,1
josemotorche,1
RafaDev-IT,1
bestic,2
roBlockweb,2
evkost,1
solaoi,2
uranasystem,1
Abdul-ecell,1
DU2005m,1
kgthegreat,2
kinhnb,3
hansschenker,2
szymonqqqq123,2
jang-hoil,1
sagardotme,1
DharminderSingh007,1
Deem97,2
hanjungwoo3,2
bryanbaek75,1
Koipioy,4
JayGhoriRN,1
josuemaz33,1
jimmydev09,2
luisbianconi,1
4C1D5T0RM,1
hzz0024,1
CarolRoy67,1
NPC1399,2
Deekshith-Dade,3
EthanSantos,1
melaroussi,4
FloSch62,6
seuros,1
kdidso,1
RuneBuilder,1
lisarodgers,1
EshwarSatrasala,1
Renatomass,1
propah,1
bluemoonecho,2
AlperenKonukbay,1
belladieg,1
MBarry01,2
phanlong99,1
Rmzn0,1
laurasfelix,1
Atlas48,2
dr-sword,1
AyushWani11,1
Tools-4all,2
MatheusDourado,1
vilenarios,1
delray2,2
BenJ3D,1
DellaSerraaaSource,2
jonesnedo,1
JAYGBHADRA2005,1
matanamiga,1
andriiCH4,1
mauriciomenon,1
AdanUade,1
martymichel,1
bbuxton0823,1
abderrahmene-tch,1
erwinvanhunen,2
aezakmi15799,1
yamunaghimire,1
siddharthshroff,1
cataradu89,1
peppaku,1
bpill,1
djouah,1
Smuch12,1
sergioaafreitas,2
kylemclaren,1
VJustas,1
othiagopacheco,1
joyalvincent02,1
sriram-boddeda,1
nickfisher7,1
Uberman99,1
bstreeeee,1
ritizm,1
pas256,3
JDH121702,2
kamilsi,2
luanguto,1
weichuanjun,2
ShalalaX,1
mcyou90008,1
solenopsys,1
asimihsan,1
sgosaiw,1
linconDev,2
Sejung98,2
petermarnef,2
vworn,1
ConradoKraicek,1
DKchonkykong,1
Kiksz1,2
foxwizzy2,1
HeltonDuarte21,2
vortexisalpha,1
timoclsn,2
DenysMalimon,2
stawils,5
GurvanENess,2
Iamlixinzhao,2
invaliduser231,1
seanmcelroy,1
sven-haude,3
kunalsinha927,1
eeurytos,2
willy-scr,6
sankarraju-k,1
Vinicios-DRH,1
Jacob-Mounir,1
bhargavachary,2
chars2023,1
colmak,4
danmarino1,1
positiveblue,1
gotchin,1
HaoxiZha,3
Alexpon,1
JFWooten4,1
soroluciano,1
matiasslpknt1,1
AlphaSard,3
leein8bits,2
gstenzel,1
turnpiece,1
andrewhredzak,2
rZk1809,1
howl-papa,1
alessandro-magi,1
diegofcornejo,2
fgbelidji,1
sumpter32,2
danielramos222,1
YuriDonato,1
24BS,7
MatiasZepeda,1
troaphdev,1
matuarmen,1
ledung2007,1
Jcod007,1
Vedant-Rajput22,1
uriwal,1
Nabilsachre,1
morilucas,1
wsiebenthal,1
SPIRY-RO,1
brunovicenteb,1
katoyu,1
a1j9o94,1
AllanMedeiros,1
ahadrez,1
Muhuohuo4,1
astor-dev,1
eamonnvi,1
grantzarg,1
natnael340,2
rgiampo,2
thangncdev,2
FRAGOUT13,1
fernsheldon,3
cullgramo,1
michaelbeutler,1
kostyandrew,1
alecclyde,2
juliiancho,2
TheCousinMate,2
Paaaark,1
liamcoh,1
Harshith-VC,1
IntelligentService,1
xiexed,1
a692570,2
osvaldomoraa,1
D-Merlin,2
RayenBal,1
bgyori,1
owabbi,1
rbiren,1
4ndr3as202,1
sandeep1415,1
ofcvijaylathwal,1
skay123ex,2
RAM797,2
BrianTillman,1
neon7111,1
emprestes,1
PaulinhodaForsa,1
klmtseng,1
omerhalid,2
adamroszyk,3
caponetto,1
AEvelina129,1
C4xEN,2
SaqibShakil303,3
cromoteca,1
eyesli,1
Diegomarte9,1
BlueJay909,1
Nasko-dev,1
jonghwankoh,1
NappinRN,1
hzrichied,1
Gicek1324,1
elazarg,1
bivlked,1
mackuba,1
fahadqayyum5,1
feodorfernando,1
KentBeck,2
fomalhaut84,4
CodeSmartPro,1
Ramzec88,1
hemnathmouli,1
kenny-hy-kim,1
liz-soo,1
thejasonhowell,1
shisongyang,1
ShubhamSourav143,1
Binesemega12,1
JohnDevSales,1
qwertypants,2
Mfon-19,2
JohnFull30,1
Timonba,1
QilinPA,1
keepgrade,1
Mynros,1
makima333,1
jsg71,2
fonypage,1
nortowianski,1
noizydev,1
Alexandeh,1
nello0b,2
fqolevelft,1
ichiranjain9,3
obando12345,1
Fadumo2026,1
ERBDINESH,1
msemitkin,1
jumpyexe,1
zeyz,1
vsyerik,1
MaxRobles90,1
nexy791,1
ribgu,1
POWERDANIEL,3
ahmadalkhiami,1
NighttoDev,3
hongphucsoftware,1
rodrgost,1
jong5889,1
Crowly34,1
GethubGod,1
nelitablusky,1
ajtrull,1
botsmaster,1
cosmiccollectablesandgame,1
utkarsh2703-real,1
AngelSalinasT,1
orkhanfarmanli,1
erivaldolourenco,2
MauroGaravito,3
chraibi,1
wmj142326,1
AMElashal26,1
sefaaydiin,2
atitoa93,1
Fr0stByt3s-21,1
RightTimeRightPlace01,1
poetryartwaves,1
Aradesh3k,1
eshwartm,1
peterdu1109,4
QuinnMazaris,1
Tastal,1
petrosalex,1
Pudding26,1
sylg,1
brycedipalo,1
Miraebee,1
SodaPopinzki,1
karlkarim,2
SpykeLau,1
TheodoreTeddyBearSchiele,1
AtePetate,1
rushilpunu,2
jhonatancarvalho,1
Satsrag,1
wparszenko,1
pawelsankowski,2
Shamples,1
redalos,1
XenonAcid,1
AlexBan2908,1
rodrigom94,1
bang-mini,1
cpetersen,3
whrit,1
JanIvancic,4
skillerbg,1
gga-kialo,1
hghew,1
vcspc,1
JulianGuerraGit,1
cmccoy02,1
armormind,1
camilobr89,3
th8n8t0s,1
Westa1125,1
joeygrable94,1
LawyZheng,1
anuragashok,1
Vokaunt,4
RajkumarSony,4
sumnii,1
Malgsx,1
dakotahNorth,1
maf256,1
davidbeleznay,1
jeraldfelix,1
kei1s,2
ugurkocde,2
vibesayan,1
MikeSchoen31,1
godliony,2
kotakawamura-profab,2
tesla0225,1
ciaranglansford,1
akij22,1
MatthijsvdHarst,3
jimfable,1
omarismail,1
KiefBC,2
ozanoner,2
alias1000,1
ldsee,1
ramankhurana,1
Elhashino,1
prycannatik,1
teddyknox,2
AlonsoFuentesGTZ,1
torsten-liermann,1
seizimatsuo,2
cyavash,1
ryanevans,1
Jesuuzs,2
nunocoracao,1
razeAb,1
cryptothewinner,1
nolanpierce,1
etozhealkhipce,1
rasimlab,1
Pengwei-Yang,1
BestIlyaPetrov,1
Suhailalidev,2
Ironmanburns,1
tkoeda,1
mahoobox,1
mkylv,1
dasio321,2
prajvalrasik,1
oguzhangultekin,1
Sych-1337,1
amanluth03,1
umranterece,1
hariz-debug,2
rrf26-ua,4
skulidropek,1
julyanB,1
mshr1-create,1
DanielChable08,1
imetandy,1
hanislail,1
Paulprime2,1
mikaelzzzz,1
gthdtasdnm,1
FrancoStringari,1
hikmetozcann,1
nakamu12,1
cafe24-jsyoon01,2
Moatasem-Elsayed,1
parthlathiya12,1
advaith-1212,1
CoNoYaR0,1
robin-peschl,1
kriscelmer,1
ruicc,1
LukasWollen,1
marvin3w,1
Trynight,1
RaanAI,1
ACyberCzar,1
miguellmoura,1
timpratim,1
dodohu918,1
InityASalas,1
unsigned69,2
cyberbanksy,2
kaushal-move,1
liorsbg,1
zepellin,1
ahmed7542,2
MaxIsmansky,1
vijaymohanb4u,1
kreczko,1
VNemchenko,1
YutoSekiguchi,1
z0rlon,1
Maple-Curry,1
pedoordo3,1
Hridaymehta,1
astek100,1
daviddrummond95,2
PuChenTW,1
colincherney,1
renepacios,1
chenhao81,1
shreyash-bsf,1
TheN1c0,1
N04H2601,1
ShihHungChen,1
areyesco,2
mac-plus,1
tarush10000,1
SaintWyss,1
GustavoVasquezS,1
nafreenuddin,2
princeofnaxos,1
snoopafly187,1
Peter-LiDP,1
Heusslagamax,1
roopeshdhara,2
DoDucHoa,1
Aydnbilgin,1
alplinist,1
crazyzcyoou,1
gwentey,1
Rastowerin,1
Erics1337,2
datah4wk,1
timtim22,1
devinjameson,1
OmarKhaled95,2
germann-ux,1
yoavgur,1
Shiori-Takanashi,1
ayush-m24,3
KasPeR0990,1
ftrev,1
RexGalilae,1
SwayamatTradester,1
MalyisGreat,2
n8-sellers,1
psykris,1
uribecesar,1
adityasngpta,1
MattheusD98,1
Ssrrb,1
bbbvvv2,1
m0nter333,1
robiwon,1
OrHertz88,2
lakkaramnaveen,1
ACasanovaMazet,1
javadnoorb,1
luisfsilveira9,1
aliomalio,1
cristian22-g,3
rcolts34,1
SabriBM7,1
musician1116,1
NickMaverick22,1
LuisLVar,3
matiasrimoldi,1
Gowthamvegi,1
futurx-luzern,1
Grizz0o0,1
TatiTD-tech,1
Lepan22,1
baizba,1
rtx3,1
Breno-Godoi,1
IvanShish,1
soner1881,1
EstusHealth,1
ChinoMasato,1
dwecirn,1
oco9oco,1
dslearning68,1
OkinawaBoss,1
Mark-Tomlinson,1
kunal21,1
zurdofio,1
Thebys,1
gentoolink,1
Fugl1,1
rahulghosh05,1
cloudshared,1
ntr016,2
Satyam-Bhalla,3
zud,2
aymeric-roucher,1
iamhirusha,1
lee-geyer,5
defuz,1
Barivahan,1
fjguillen-96,1
reptyd,2
dragin96,1
FernandoLesmes,1
buketbyr,1
KudakwasheChikonyora,1
ybhrdwj,1
kamellperry,1
PSG950828,1
mharoruiz,1
Nadr0j,1
alhusaini1993,1
back-kh,1
setch3,2
gorira-tatsu,2
RamaAditya49,1
Moe98DE,1
jbalde,1
loreanvictor,2
alonp99,1
zdentalvn,1
DAEUN-LEE94,1
fATALeRRoR,1
goshakosmo,1
YuSak1,1
aran3m,1
Oztrk4,1
ndtgiangpro,1
ChristianHintze,2
liger0530,1
carlosoliveira-neves1,1
zekekoch,1
Rafaelh1x1,2
YoungDubbyDu,1
mukul975,1
sterlinglech,1
Mahamudul42,1
alalalalala679,1
schwarzjakob,2
EllailiDaoud,2
onuryilmaz,1
QuincySan,2
yigitksl,1
PianoMastR64,1
ebrahimdev,1
zack-is-cool,1
REDE-VONIX,1
BSPLAZA,2
Avishek753,6
JackkySpice,1
brandonestevez95,2
mac2bua,1
dxdelvin,1
henrya0519,1
josef-karpinski,1
PrabalParihar,2
tommyxchow,1
MicahThePro,1
Dr4gnf1y,1
NohJanghan,1
pietrolama,1
JFlo21,7
ggonnella,2
fate351228,4
jmdc-mhiratani,1
nakashima-yoshua,1
xdrabbit,2
Gift-of-R1FT,1
cisaan,1
Nathan1190,1
AlfieRodriguez,1
jwecler,1
LainBoyle,1
aketsko,1
tkdtn2013,1
adamhall88,1
mo-hak,1
guo,1
potel,1
MrPanica,1
rxsesie,1
Ulanmax,1
vmsvarun,1
vivmadigan,1
phreshr1,1
marc-sgnl,1
Angingongic,1
TasfiqJ,2
mikekks,1
huan,2
Jessefaller3,2
tkchafin,1
alievqara,1
puccibets,1
SuporteVs,1
Mazdeep,1
safwen5ds,1
rafafunt,1
hhcarmenate,1
Zwin-ux,1
DeltaBiba,1
juliettemangon2,1
sevazhidkov,1
EAnthonycarranza,1
dougsmithstpeteE451,1
TheComplianceAide,2
jeljelir,1
Longhoang249,1
Mahdirnj,1
Ricaldoric,1
ma7moudat,1
894523,1
farshad-akbari-hb,1
Zinon-ZE,1
chenshuxian,1
ConstanceSU,1
OlegSychugov,1
doongii,1
Darstudio,1
codingmonster07,1
saurabh-ai,1
Igoroxa,1
NexXry,1
luciacenetiempo,1
MathysCogne,1
karchjd,1
kenpeeraphon,1
A-Owain,1
Shubham0850,1
keviny1031,1
tsd-June25,1
noifuji,1
hendrikmrks,1
j-devops,1
odessaqa,1
CarloDiCicco,1
RobertCygan,1
ParkJeongwoong,1
Tiabet,1
fzrnsrpc,1
ahmadtibrahim,3
letsseehowthisgoes22,1
giorgaa3,1
shyamkumawat088,1
Marcel77718,1
appersiano,1
datar-ai,1
adchaymae,1
YB9,1
thiagomirandahs,1
StainlessReality,1
ymrohit,1
byferraz,1
charles95478,1
imluisda,2
Adrifer24,1
rspanhol,1
jamceros,2
wilford-schaffner,1
PapieshXD,1
nowaak0,1
1920538,1
shortcut-guide,1
MatFrenkel,1
aska3138,1
yuki-a12y,1
kalsteve,2
zygopter,1
Jleodez,3
cojored,2
martivstaxi,1
tathanhan7979,1
lthobois,1
antoineboursier,1
tomboulier,1
131,1
theotimeflichy,1
FoligrafAurelien,1
S-JQKA,1
islamnashaat03,1
ChickenOverride,1
Radiant-code,1
oslinin,1
Eudoxis,2
awuSH,1
Doctore1980,1
jesseocon,1
CoffeeCC,1
GabrielCodreanu,1
aravindputrevu,1
jarekabram,1
Esafaee2002,1
neelapuviay,1
ranbast,1
fionncolvin,1
noodlehaus,1
spunktsch,1
abixb,1
hanshal,2
jykim,1
miguelromerosuarez,1
iceporn007,1
alexbguthrie,2
aicodingstudy,3
Nikhil-Nandagopal,2
RoboTums,1
ozantariyan,1
pincheleee,1
Olive-blockchain,1
JYu1999,1
Rexxyyy,1
donchenko,1
minhaj1403,1
AstroMen,1
SnippyCalderone,3
shreyas1996,1
myles,1
dropdeadthread,1
wyrtensi,1
ThalesSilva19,2
WangQvQ,1
koiryu,1
TheBitFossil,1
anik1617,1
Cyrusdavirussss,1
wjiang720,1
robsonklein,1
pautapia99,1
kernkraft235,1
fpassaniti,1
PeyRut,2
housemedical,1
Nuzair46,1
NotDragon,1
EChalela,1
AlbertoArath,1
oruelasp,1
calorenzo21,2
crvalvilabs,1
jonghyeonseol,1
SantiagoGuerra19,1
SirilJoseph,1
namgungsb,1
komoloba,1
ninonick0607,2
carlosaguetoni,1
shloksah,1
pahartmann1990,2
rahulkeerthi,1
yjym33,1
phfarath,2
ElKroko,2
brennll,1
i-kondou,1
DumnicaTools,1
marcelo7bastos,1
theaadishah,1
lmtorres,1
vazquezjoseluis0508,1
edelber,1
iBurnCake,1
atk-fawrit,2
Spiratatoe,1
Iamanshuaditya,1
anaalvesb219,1
shlomii,1
SuyangLiuPaul,1
NishadGupta,2
DrTaps0203,1
Riviss,2
hksitorus,1
testingGround01,1
avery1227,1
wilkea,3
rosday,1
VidGuiCode,1
sourcereris,1
amtorresp,1
kenzo3001,1
Volkan7553,1
Mespital,1
digihax,1
dafudo,1
BeeckmanW,1
Pola-Tadrous,2
cellamo,1
mmwansa,1
Kaneda731,1
zegulas,1
jikhanjung,1
Carmena1,1
leonardofrizzi,1
Idkbythispoint,1
bobertlo,1
Tembeon,1
cryptoxsx,3
bigsister4411,1
njcamun,1
agentx56431,1
spencerahill,2
chouenyu0808,1
BartJanBoverhof,1
sutty5,1
victorzhrn,1
cstripathy,1
brianlintw,1
xyf2002,1
Rebelo81,1
taynarossauro,1
DavidArll,1
ar0x4,1
karaelmas34,1
ghaziapplica,1
No1really,1
hlfernandez,3
melqui6dx,1
mattcolman,2
kunalkumar01,2
magicink,1
DM8581912,1
LeonHecht,1
danielromanDatascience,1
scottnorton-io,2
GOrszak,1
DeccanDeveloper,1
tarodo,1
ActionDaveInRI,1
michaelsanford,5
samedla,1
NirakChoun,1
psiv638578,2
EnigmaTrThD,1
AngularNxDev,1
devin476,1
EthanOpenspace,1
KeshavSaraogi,1
Splurge2001,1
shokhabbos-mukhammatov,1
yanniedog,1
Hendrik-cpu,1
LowKey88,1
Hio-Mitos,1
CodyStudio12,1
DevDevvy,1
Ameer-Jamal,1
RoSiGod,1
immanuelk1m,1
cyber-guy25,1
4ismael1,1
n3utr1no,1
KBNplus,1
denschmitz,1
RafZak,1
indy,1
unovlad,1
Rone221,1
Kabakci122,1
danylorudenko,2
mvogelenzang,1
MeowShe,1
FDAhub,1
sekisuila,1
BofeiLiu,1
mariotsyn,1
ammar-io,1
Imkkey,1
solodkyi,1
sgrofranco,1
3mdistal,1
acidoom,1
LOVIESAMPSUCHY,1
Highscorec1,1
gpietz,1
sahil-tandon,1
Cristianodesocan,1
mallyanitin,1
ioanatflowcrypt,1
glhfsox,1
kknechtel,1
Nagisa-AC,1
alvax64,1
dmontoya1,1
hungnguyenhtb,1
alikemalakpinar,1
AntonHarbers,1
umerHasan,2
Jo7as,2
Carlos-maldonado578,1
vallealtowebtech,1
Adityagkulkarni,1
seshukumar0127,1
Loanedev,1
ezanaw,1
avb-is-me,2
Bobtheotherone,1
Ori226,1
skyline46,1
jini-c,1
Lixin-Jing,1
IAKadu,1
kyeraser,1
Takiharu19,1
dlbewley,1
Hammediora,1
Juanpablo24-06,1
irfaninc,2
elogfrance,1
oznisosa,1
jasonfina27,1
imhovas,1
rovacchi20,1
Cypriendjerf4,1
RaresTzp,1
polynous,1
metehanarin,1
jvbarea,1
hydn10,1
KaitoMajima,1
aka48627,1
n55t,1
Golihat,1
manohark98,1
pperpich,1
bleemss,1
LifeIsMoment,1
cddurgun,1
samerELearning,1
picturesonpictures,1
nirvana-srini,1
NedNedov228,1
PeterBrisak,1
Karol1302,1
Godblesswhite,1
tkskto,1
DevanshTomar,1
worldofsantosh,1
omijack,1
vishnu0426,1
jcheng415,1
mozaa1288,1
sahilsuri008,1
Masoud-Masoori,1
MasterRallye,1
ogysha,1
uetiko,1
alonmuroch,1
kingkonu,1
davidepatti,1
weihanhuang-1196,2
Flavien7777,1
xxxiyxh,1
mkuziuk,1
kurtnelle,1
tetsufromtw,1
Cyberpunk-277,1
IgnacioNevarez,1
Marian-Sanel,1
susarlabs,1
ShazeRx,1
dev-jhjoo,1
trev1996x,1
madiz1987,1
benjamin-dev1,1
ygCEO,1
PaoloIbanez,1
awd1779,1
Marlonzao,2
cbchd,1
wilsonctr123,1
Mandrakia,1
nsarrazin,1
dnrldl,1
benjam3n,2
martin2844,1
mikecab,1
yuzhangsjtu,1
osyrisrblx,1
thazhemadam,1
alexdavidswift,1
Iggnaccy,1
maaz1024,1
BavarianBatzi,1
RafaelTuber,1
khaldi505,1
cattiaux,1
simonsterneder,1
govtabletwireless,1
mzyazuan12,1
mistermongi,1
lancejames221b,1
5ebastianFinkel,1
matthewfitzgerald84,1
Rebirth030,2
haxwell,1
akaria-mirror,1
manvendrax7,1
micheleh,2
srm776,1
Albanx-creator,1
bettabeta,1
mneer1,1
cgarrot,1
Jonaunk,1
TinyTb,1
Radx213,1
HeroVin-dev,1
ON9190,1
ekolivero,1
atulmgupta,1
Kazanovski,1
AdeshAtole,1
gunho1127,1
ramg098,1
Hide-Fun,1
josephbartlett,2
nagliobraga,1
joaovarela14,1
lucas-freitas00,1
ennucore,1
yungGom,1
ida314,2
rozenberg4christ,1
emmettr03,1
fdavidmpdbtsnowflake001,1
dongs0104,1
arizayilmaz,1
magnus-lower,1
Mesutklc,1
JPauloBR,1
UmroAyyar,1
topalabi,1
Adam16,2
EvxLee,3
shiblynoman86,1
noah-wijnheijmer,1
bbeau-incept,1
Jorge201105,1
GerardoColmenares,1
tonyistark,1
GkhnGns,1
TooManyCooks,1
Viven5,1
FzWjScJ,1
Aragon2001,1
jhyang21,1
mprabhuji,1
KeatRed,1
gpnithin,1
AngelGoddTech,1
papimon33,2
Manikatlantis,1
erikkhdezz,1
mar22266,1
ChierHu,1
Lajead,1
LaguardiaOraa,1
rajat-gautam-dev,1
skarlinski,1
SaulEsca99,1
westonplatter,1
jlazanowski-pc,1
Mounkaila144,1
hana6G,1
blackcupcakess,1
mitsosf,1
pkino,1
HyperspiderGames,1
cs-util,1
hkouo,1
sheilacupira,1
Modealf,1
kinngh,1
bulacha3,1
ai25,1
PraneelMakam,1
TrendonRobinson,1
gabrieldasilvadev,1
sikhunit10,1
hope9901,1
DominikDawiec,1
pradeepkumarcm-egov,1
florianerl,2
MBeard01,1
adnv3k,1
shiraishi-png,1
ShashwatSinghRajput,1
neozhu,1
aasurjya,1
khushmeeet,1
bstruyf,1
caiosiq,1
roynajar,2
Ayo89,1
mathgarcia1,1
jameskruck,1
CaturD,1
Starkiller283,1
abdkar,1
jbony2888,1
joespeaker,1
AdamElmaghraby,1
Coccoonx,1
JwaSeongHoon,1
90ccruzr,1
romainrabreau,1
henriquetgoncalves,1
Raijin451,1
nik01aic,2
kabi25,1
AMJ-11,1
AngelinaQ,1
elneves81,1
CAlastair,1
HenningKjaer,1
Aye-Shun,1
Matecek,1
phsria0825,1
Anmol-STRS,1
asgarali12,1
mjakubicek,1
rodleyorosa,1
furyoisive,1
WeKode-namur,1
avsysgeo-thiagomota,1
deanie77,1
adarshs02,1
Sergiosaw2,1
malusmike,1
dentiny,1
karlod-metalbear,2
serome111,1
lolo1193,1
moises0santos,1
DarkPoul,1
kovarmiko,2
bearlike,1
Kalaiselvan88,1
sugi952,1
matang28,1
SongyouZhong,1
Dudhwala27,1
k-rthik,1
FusorXE,1
vigneshvicky1994,2
jessekimotho,1
EduMarquesz,1
Nylon1,1
qovnwieo,1
Tmygpt,1
Manolobernales,1
Too-d0p3,1
gacbert,1
rilla1537,1
chlee10,1
Mavigsm,1
ma-graff,1
jsidea,1
neumeier-cloud,1
bandaranaike,1
SpingYan,2
Fawazaro213,1
tacheshun,1
jose1barra,1
mhidalg3,1
dopenchills,1
brunomaffei,1
Altec-Dev,1
semihaydin,1
Johhnythecoder,1
sbaidan26,1
luxcreative,1
anguslogan22,1
ywluohao,1
Daperezzz,1
niichuu,1
arvin5430,1
JohnLiuSCIE,1
yuandrew,1
Kahsauce,100
kimesai-dev,115
DPoitrast,20
Piravlos,3
patmmccann,486
luislopezlopez,22
abdolahbd,6
Alexander070702,52
ArcanaDoble,300
Tomsgu,3
timbornemann,362
Alessandro1981,2
lmitch72,475
tako0614,318
leeseonjoo,47
willyogo,307
phyten,13
jlportman3,69
PR0M3TH3AN,885
alponsirenas,32
hamusapriv,122
motart,32
shashankmelkote,11
antialias,1033
veikus,26
marcodenic,141
jss367,83
pumpCurry,195
SmolSoftBoi,320
Bruce1986,20
KG-NINJA,25
momomojo,18
i-tachiiri,78
wholton,67
reesey275,776
mikechaves,117
dhanush-srinivas,80
MagnusMannes,169
aalatief1982,428
MijersOne,122
coldworld22,989
hendoctor,41
EoghannIrving,528
osmond,1649
lilhabz,124
Ahthe45th,111
msetton5307,371
dancxjo,878
peelchann,13
gabriellagziel,470
jon-neher,202
OliverVea,75
juud-8,55
taylormdaniels,3
shanmugapriyadev,4
IAmTheMitchell,39
alexandervogel92,5
vdumbrav,7
tsampolion,257
mamcisaac,151
irishtlv,2
LutaVladCristian,6
Juangunner4,303
hystvblod,62
maa123,1
obata-hiroshi,2
iandchasse,2
cagecorn,1444
grainier,124
Pedrobks23,35
dadmor,1
EdmundTehEs,13
cihat-kose,11
Komzpa,485
timjonaswechler,38
codefitz,136
raidatulzukira,1
ZystemProd,118
VanDuc3724,187
nyhave,790
RaiconY,13
pauoliveras,1
ardeman,62
vizi2000,17
xioux1,139
helloshowup,490
mersinatra,47
janikkow,15
JosepCru,10
TOlchawa,160
Mindsync123,2
fpgaminer,43
ipapakonstantinou,8
Ahsan-Zaheer,69
Yanan-Gao,84
Darkhey,164
tanerizawa,688
suporterfid,20
Jcanman1,359
Alojamientos-Morona,117
russellteter,12
ArthurLabsNB,662
inverted-capital,657
tommy-ca,16
skywardcloud,135
crisweber2600,195
pvlbnkl,3
kellenr,7
evolancecommunity,7
magsimal,316
RealBugBear,118
Espectante,1
vichua2006,8
otaviobrignoni,8
szmyty,123
mytricker0,2
dfquinn23,6
TSavo,13
VictorGSchneider,15
richardhkind,5
issou2025,34
mustafaferhatimamoglu,54
nK3406,12
Kevinnns,11
Garuda97,8
washolv,2
PRIME8s,2
lucas9henrique,30
Franzi2106,12
s2005,82
himanshugupta30062,237
Stemue,14
zh1peng,28
a-d-iii,426
shaibachar,128
BA-CalderonMorales,230
davekingdoms,2
teris1994,1
TaylorKolasinski,1
devdevops-AI,14
AxioDev,71
shishirbh,3
F43M,505
stevross-git,141
chelokot,8
TRMcKinney,35
ShakassOne,238
fernandomema,155
wmonighe,284
av0c0der,10
d0tTino,753
CodyBurker,58
na399,3
NexCore-MS,28
AndrewB92,9
xenshreyas,2
Bharath-S10,233
Qitoly,14
hllbr,64
kartikmehta8,33
serg-hash,28
rajeshdh,42
anhtu2808,14
Danialgharaie,49
FcRig,133
joelmagoun,53
QuinnEbert,47
Naoya-kawakami0329,2
mgkcloud,41
traecneh,12
teddyjfpender,71
MForofontov,166
AntonRize,36
devashishmamgain,19
izknhyt,187
aawadall,38
kikikita,24
andbeder,102
johnkim6823,13
AbrahamofLondon,179
bobzhang,50
LaZGram,3
andrew-scorchsoft,431
awoodDMA,57
licontera345,86
DiegoLuizst,93
DanieleGelsomino,96
huibuh123123,3
Qaryuti,14
margadonchuk,67
luizlohnoficial,26
worou,34
R6katsu,9
Djobleezy,520
gdsanger,208
newellz2,14
hishboy,3
pdfinn,228
SpikeViper,31
Spearin,17
panarch,107
Dayzcorp,173
DmitriyNE,172
leodrom,37
MylanBeghin,5
seveibar,490
skprasadu,11
jason-mahoux-nc,13
ArtemisAI,122
checkandmate1,16
daardavid,1
ErikvanMaanen,139
hfunescom,43
Sreerajtech,2
Meir770ar,1
dilan-nayak,2
larsvliegen,8
richardstanley,20
PauGuirao,23
Telepatic-Codes,1
jacklow,4
Manuelsilva1,79
7L7K,151
esarks,98
hoctusach,258
klei22,44
Gaya56,11
jehiel1311,69
ameen-n,1
hakanicellioglu,240
vzhirnov,11
Adam-Noble-01,2
Dave99git,95
Macfatty,69
aldrisheesh,15
FrancescoBorzi,7
scoobyjava,112
rodrigofufer,9
tone24qq,15
DukeOfEtiquette,438
ceponatia,5
NJHarris84,7
Gupta5804,65
turbomacka,2
tulipoaaaaa,266
sreejithsrk,7
ddumaa,596
RianHeck,7
Chatbot968,99
Robooto,66
ArjenSchwarz,62
sathwiksangeetham,9
wagesj45,108
openceo2025,162
FaelDi,9
Pimond,11
engahmed1190,16
rolleynolan,129
sunwoopark0512,859
danieloquendo66,2
ruvel-ai-dev,28
curtisjbell,37
p1once,130
actsie,88
mehulbhardwaj,75
creativecat,2
legale,71
LSLuca13,1
Rabbit-Fur,236
jake0lawrence,141
KevinKeen16,93
Rojhak,2
MarkoPerkovic03,2
darkviruzz,8
Solarigin,67
jason-leibel,21
digdug26,157
prakashsharma19,106
tegaologe,4
Luukvdpoel,379
LevelUpMarketers,114
Woodyda12,12
yiii,2
SebastianMaciel,29
sungeunsong,2
paulo-raoni,1
EtwTrocJoy,23
gigtarget,51
vitkuz573,157
juliomajara,80
ramiz4,74
ezyang,154
xpl0rr,4
nickaggarwal,2
EduardoPires,4
wryan14,51
djemartin,74
Aryan-IISc18,1
simondadiamond,68
mmore500,5
jonainow,1
ajbr0wn,30
Luckymeyo,3
BBrookes03-AI,1
ebazger,8
UniversalMatty,12
Sr-0w,39
casibbald,125
hoontree,9
BotMaster3000,12
sequeirab,1
M-Inostroza,22
rajat-verma,4
Fvhad,7
pakhchau,32
wieslawsoltes,583
vmccnc,53
ruben-ohme,3
BakedChicken77,102
svantekco,113
justincn222,1
thekester,3
andrii-balitskyi,16
tobo37,107
danieldosantos,92
Piratkriegen,42
Solcraftl2,166
OUgly,22
offeck,5
b2bot,48
mister-vaidas,4
matt-novoselov,30
Kevinwu901113,38
wolfgangkle,4
torfoes,81
Lanerra,281
YaFuchs,33
techmannih,47
shuohyang,6
w3ace,106
viki-ros,5
flowlight0,52
nidhal-selmi,56
augustotecnos,141
alexkolchak157,44
jorgeMFS,167
mdkrasnow,5
Nuke1999,1
jagalindo,44
KarlTDebiec,63
nozma,18
Cbaldy914,10
web3anand,73
gkrost,22
txellbm,82
nefiger,15
ccSilencer,34
DGuedz,2
stevencowell,234
dorphalsig,29
schandra29,66
hassanrezve,3
Elitedomainsx,92
baylitoo,19
GrandThed,24
theSystem85,157
josh,50
poppeter,2
brenofandrade,13
IagoSantarelli,7
lextechnelsont,35
Su3rO,11
bryanorellana28,35
DanielMamytov,14
vipinbihari,4
kekofraile,10
gevans3000,322
Shooksie,45
naveenvino,143
puriso,111
Akane-109,13
SupTan85,21
antitree,47
kouichi310,20
56346346,1
KarimAlMaghribi,106
suzuki-mar,4
da-moon,44
Grien25,81
MrGr33n98,158
Throrvik,207
Mafuyu33,3
mrpade,41
antonioft21,2
xbito,9
Brilhante29,2
Urobobros,105
cg99,26
bitzy06,162
globallstudent,3
jjanow,98
TuHanhNguyen,1
popcom,23
promicroNL,8
barry2051,3
lukexuanliu,2
pretxel,15
NarekMan21,11
Sniperbinario,1
damdam775,12
jfrez,90
BABO-YOON,1
BKMEN,54
WinitSansare,17
RMMCOMM,5
smallyunet,24
kocworks,1
shamanjii,43
jvmconsultingtec,1
Theonlymore,15
soul888-bit,3
xshift007,122
beansthelightkeeper,66
iideadeyeii,4
Patrick15a,4
WeslieDE,60
abhikrishnanr,91
igorworkman,120
MrME-CodeSmith,231
SAMMACKIN,2
JoshuaDuq,773
Lilou2023,173
AntonButov,9
niklose00,14
krishna-dhulipalla,4
calleengman,11
Binary67,173
DanielCEOSTEP,16
EscadronRogue,95
inipew,21
benjamenm03,85
plucmorin,42
diegozea,70
SuperSonicSites,7
abdo1819,10
sharifrahim,35
Mrice90,97
venkat2305,21
NikiSuckau,32
Jakobhuffman,18
MerceaOtniel,3
dlwh,117
s3bamarquez,10
raonyvf,297
Jacob-J-Thomas,57
Koden02,259
alexkorep,27
CarmenPastorA,6
balureddy003,33
WifiHero91,2
Horizon935,2
Morhomom,21
gmfc,201
AlbertKellner,44
SouzaEu,8
jonathan-nascimento51,248
VaporFlow,20
prametanaset,60
Andreicr1,94
abrady,21
ZanDev32,4
GordoxGit,108
Ethan136,88
jd-oh,2
artkoder,43
TheonlyAquarius,13
smrtj,42
jtrefon,48
Abel-cordero,239
VjiaoBlack,1
siddharthahiremath,5
dchmurec,1
creamgod45,4
naveensureshh,5
Quarezz,24
shadman-a,77
Max-We,3
RubenCastaneda,16
Pkalliagkas1989,85
alentwotime,191
cnRoldan,5
PArns,12
Fabbboy,90
Hagbard235,10
nairo91,338
thages,8
lndgst,74
bakamarudasi,196
glassBead-tc,40
Xsenus,2
zhaoweijie1213,47
EgorMarkor,21
musaev-haybulla,3
mescheryakov1,21
Slipfaith,55
moskovenko2904,1
kasqaartworks,3
Lifekor,16
ikomtm,1
kexws,1
gioxx,14
gustavoponcell,61
LucentFox,9
filippobounous,276
ehippy,3
affner,30
CySSoO,169
alcarrillop,2
andmartins7,22
codexcoder21,50
h7ga40,7
R0binSmit,9
sajjadzea,351
jlaswell,6
RomanOdokienko,29
sudo-mk7,2
fernandopretell,40
andrerpxavier,24
sobrase,130
Atrapfare,3
jordiordonez,44
nicolassturmel,26
Kvsl11,9
KyaMovVM,26
krutarth31,34
avivgold,10
matfluker,2
DasIstEin20,65
leufrasiojunior,49
SamuelSSan28,8
4d3n4n,62
RochelManatsoa,89
ClementJonckheere,17
ustinvaskin,49
Midasta,4
Heraklines,2
bradgrimm,68
novostroinyi-dima,2
Homura00,8
eSaadster,68
BIbEsfiha1,74
joelmrcdo,39
ryanlott168,14
elh0mbr3,13
Hadrien-Cornier,26
Juliocbm,65
brentPhil,98
myschoolpal,19
femon07,48
splf-jojo,4
dhruvshah1093,33
luangabriel777,5
jorgesanabria,154
sssplean,45
valdirnerin,58
bagnasconicolo,132
esthertomykarazawa,6
pacomontorop,51
kyh980909,21
At-Maag,127
albertpikkop,5
grgplmr,47
marakasu-00,43
danielrousseaug,7
marwos-dev,31
arthurrochamoreira,60
MrDman1,41
pablicles,19
talonric332,61
yoelvyspc93,12
sserrata,66
cdeligi,60
satinsiders,55
mouse9527,20
JaimeCamachoDev,22
soroushdeimi,10
SpaceshipxDev,137
mbarealbo,11
dr-kosmos,25
zelalemgb,48
nicub97,216
samuelpcarter,86
shrenikbhansali,19
socialgeekusa,76
AkkarinRothen,36
Yairama,48
KEEx-AI,139
enu-kuro,35
sloganking,92
franklincheung-dev,7
Vesylum,196
kamedashe,49
furkanemirsefa,5
kgrzybek,16
Suke0811,10
Sal03,59
neilhuang007,9
MONATYC,47
stslex,2
sujeikarina05,25
vix-4800,366
azarqane,46
VladimiRInGuthub,5
szyrek,219
restrepo38254,9
0x92,41
ebowwa,68
IsaiahAltDelete,6
hesham911,18
Timekeeper-27,12
LautaroGelman,12
glodinasflexwork,11
aryafz,19
sefsinalas,40
spwashi,70
HendricksJudy,44
nguyenviettuananh,1
beardedgm,10
krispychipz,27
Zvensson8,11
rednikotin,8
jeffbozu,89
mediaintelligence,20
uran124,78
greglg45,93
DimonSmart,35
arvindcr4,13
Unamunoqueva,7
wanpa,1
quadrater,20
jbcupps,30
Nicobissu,90
cha1latte,76
zemaj,61
Lunary1,9
marcushennig,15
lukaszsamson,77
LAKERFrank,101
diellor,1
sagnik150699,28
coldinc,96
birddograbbit,144
PRUDVIKAR,9
tdtr0,2
nikachello,2
dpnulty,7
cdleary,84
PhyesGG,82
brad1,25
lukeshay,8
jsaveker,15
rosev2,2
ograciano,15
Shagai,2
NoahBerneaud,4
rambod,49
hoang91vn,26
NiKhilForCybersec,55
jake222colostate,121
kodkopat,7
mnbrog,61
rheyse,26
ruchirlives,35
f-peng,100
John-Allard,62
hbghlyj,272
apostolovbg,218
uminomae,16
IgorUchnast,2
Wenyanngat,1
tutkuozan2,1
VatsalPatel18,46
KTakahiro1729,88
90Niko,3
peterzen,90
asharara88,183
mimirowa,94
samyelnakady,2
Ethan11San,41
Praesmeodymium,52
adamjgrant,35
ayonaya,2
404GoatFound,5
mctery,30
markjhughes,110
raketenronny1,31
AVS-club,44
LPGAG24,21
devnowcommit,5
LMDIFU,4
nolybutt,21
Chepman32,64
beothorn,28
ikuto32,57
designfenix,24
tire-fire,21
ryanhunter237,17
coileachrua,36
Rayeta76,37
GianPaglieri,36
nection,3
SbtnAvls,59
ikefaria,1
JuanJosePetit,14
khevaria,15
paulnovy,5
aghoussaini,6
harshitkumarbhole,4
AlomaryAli,1
stanislas-brossette,26
EdEscudero,19
MykhailoStratan,87
k4584587,10
SGhost2501,3
juliancardozo,25
LMwise,1
Guatapickl,49
srikrishnadeveloper,1
Homygo25,30
vldmrnvs,76
sandrohanea,8
PenHsuanWang,55
ELISEOVT,15
andresromero22,16
mintyshirt,103
jreed91,11
alissonccosta,107
k2dp2k,12
farzadj,3
comeca-ai,19
tom2tomtomtom,49
cbustosb,1
AndresAIFR,1
alongol28,2
TickleTheCode,12
gatomalbec,3
puppe1990,62
angelaFree,14
trudumb,110
alex-Qk,1
Tysony1982,47
Ghaith8Bit,60
maiferit,10
sinan2245,2
ALU-Kid,12
hlin863,6
mailpcm1,5
plutoprod,2
mhmtbsbyndr,1
rftsngl,2
crotodev,3
douglaskurotaki,2
matthoendorf,6
ikamensh,28
cagan-bayram,11
carlopizzuto,1
mattrob333,6
benceruleanlu,7
yuyou-dev,2
joshua-sx,31
thibautrey,32
Letycia-Locha,5
gianlucagiudice,13
vordir123,10
otsubyo,5
Liubomyrka,25
amramedworkin,7
Minemetero,12
NVA91,15
Gabeujin,14
Parijat-K,84
Adamo-Films,78
Schlorke,104
tylerdean93,25
pverdes,1
flancer64,78
ALI1111111111,5
ever300,11
MMBEZBZ,3
daves1997,6
Sidi-sidi-cloud,5
rslasater,38
Estratonauta,1
P4niikK,17
sushanthpy,4
miamicreme,89
cfrydenlund01,9
xuty-007,1
kkpsiren,23
ayacoo,10
berniauer,4
C9H13NO3-dev,25
Feeh03114,5
lyzetam,34
gsavera,2
NoCoDeer,8
gitsteves,1
BreakyFixy,8
oleg-be,4
eslay07,12
RipBee-Vos,27
adeebshihadeh,31
calenwalshe,4
BenAubert56,34
Seraxel97,22
gabrielchua,2
arjunkshah,20
Vincentvdt,15
ugarchance,1
liplan,35
alfredoizdev,9
candacemonster,12
snuffyTHEbear,12
diogo2806,17
LPTrade994,54
gnovelli,53
wish311,8
clipopera2025,23
CRlSSlS,1
miguel-conde,1
NexorAgent,63
Bhavya25123,6
Richie1710,17
HexSleeves,7
SeregaProt,2
Spider19996,158
Caesar-bit,34
Alejarkor,1
Mzmarianna,3
PaulN2906,15
oscartorres96,1
anirul,62
US-MARAD,3
Knuromuro,18
AlexandruCiontu,32
figstreet,27
eDeveloperOZ,32
khpbvo,20
QuigProQuo,1
Kel-hendros,9
joanmarcriera,8
agusgar,1
rauleli,1
jhjcpishva,5
igortrncic,2
Yahlawat,12
raymondoh,18
adpat0324,11
Zaid-shaikh0313,3
unpingabot,1
2343523532,2
dpalfery,32
wickedyoda,39
youdean,155
uxillary,98
wiatrM,30
Lycvrgvs,9
asteining,33
samiesaheb,17
meszarv,21
masudahiroto,16
vparag2386,4
0xSMW,45
hikarino94,29
lukenstine,1
Jipvoshol,3
pmarkun,36
SchultzVV,2
mars90226,6
kazimakgul,15
sapireli,17
DukeTheDuke,30
paulomontori,33
izm1chael,2
darunbjork,7
jerm062,32
mod1criteria,11
MichZia,6
jozer-rami,42
joelvaneenwyk,3
dkpatton,14
twistinside,8
dogfrontcode,6
Jamie-Bray,1
mendz,6
aidansussillo24,45
desaxce,9
HydroFarmerJason,6
aburton207,80
DavidGreeg,10
Willl333,33
adrianpena100,1
Yalort,95
Katsiarynakavaleuskaya,2
Zabadalog,3
yannickgorsse,7
KingsMan-code,25
pykello,78
adrianveen,4
tgsaman,21
andrewchoi1735,10
mschatz,2
ewebtechsuk,43
Kmanley1,35
drothermel,27
apu21e800,2
Bijikyu,294
Akhilesh170194,21
markoub,27
tmedeirosb,6
hump-coder,84
vroad,7
degory,20
ishankgp,10
aceail,62
AdamD14,62
atanas7401,11
CmdWolfTech,51
Isaac-McPadden,157
theHdd4,91
N1teshift,40
AshanSenadheeraLK,13
shahwaleedcom,29
Mantonherre,65
Harshit0502,10
atp0303,26
vortexsport,45
wagskydive,138
genestewart,53
toomass,2
wr0om,4
njvanas,53
carlos-morcillo,36
benfdking,17
synedu,13
proloymitra,1
cbellingham,122
M264921,52
melbamorph,18
rochanets,4
NjemTop,1
ns1brorsan,14
kev1ross,1
justin-ivancic,27
Alex-Lya-Min,3
atkinsmatt10,2
athahar,2
audibleblink,6
yonurk,5
scottprahl,10
HeLiBloks,10
ashwingopalsamy,2
rrhd,13
Instabidsai,25
KAEDEAK,10
ANASS133,1
Lev0n82,18
bcolloran,44
xunhuang,16
Arminas05,1
ilyra-ai,5
dannyhw,1
stevenle,26
Oszvald,5
Medo42,8
andygeek,13
Gustavo01010001,2
mateusfaustino,70
AndyJBen,97
Flash33320,32
JGAVEN,195
dillchen,23
xolanidube,13
Ludy87,7
DanDirector,35
StarboundEnt,6
feedme666,6
pepamraz,4
RumbleKAT,11
unsym,14
alessandroilprogrammatore,27
uron802,21
nathanbegin,3
Xdrulla,9
balpsln,8
Nasseratic,12
jimenezjaime02,12
adhityaravi,12
nicolasSafer,1
iqprinceps,23
yoshinorisano,1
titanmind,178
MaximilianoVeiga,13
fumpi1988,3
konsumkid,1
itferland,32
wjybgnia,5
KoLyslaV,13
Nukl34r20m813,14
mclusky0626,5
jrlacey28,1
ademilsonNunes,11
barkerbg001,3
lyndsysimon,7
poliReus,11
DonaldEOgbame,80
Nreed18,38
oguzkokce,7
mulyoved,8
ctrldj,25
TBroadwater87,6
fabianSp77,11
YLAdatagit,18
charlesa08,1
DigitalHerencia,77
luiserodz,50
alexanmtz,13
Tedconner23,10
na-proyectran,39
crlotwhite,11
yunusmertofficial,5
marco-jardim,19
ADRcodes,8
Xarond,4
gwaldron,2
UxUuk,2
DoDomDominic,1
roylory,53
Raincloud657,13
alexajuno,7
amatheron,3
ayonsaha2011,4
Hc-Sky,3
llamnuds,14
tfmohamad68,1
TheNetworkOfficial,5
fjeckel,55
robertc60,2
andraejones,11
Vheissu,14
msadikyildiz,3
kjpowar,1
dhoconno,10
juanjoseaguilarte,3
pranjaltech,13
lchurch-cp,20
mikeandike523,30
mligtenberg,19
tphummel,40
nehemiaharchives,134
maxklint,11
hassanzouhar,18
danipresta,7
noelomorales,3
ostreetfire,17
Goutham-puram,15
akanshSirohi,47
shreyasren,18
bryvid09,3
Phellpzcg,30
Hankanman,11
Egor88888888,2
mattslight,58
morpheus18-glitch,34
nycterent,8
DrBackmischung,19
brennanbrown,1
Carlosfb94,15
seanyates76,1
nasirusman,4
kuma0128,31
forchag,39
hzionn,8
antondan1307,5
0xSacri,51
tuankiet309,12
KetchupJL,16
Kaikeplatinium,16
tom-doerr,32
cultivatingdigital,1
Hambasa,2
g-h-miles,8
alahyaoui,3
St0rmBr3w,10
icedac,22
Hopetheory99,27
kitUIN,1
Julien-404,3
neko-00000001,5
hgwr,83
sparoodata,40
slef,2
Yusif-Aslan,2
smbat-poghosyan-zema,24
ferretvl,21
Bosh-stack,24
bestroofingnow,5
lbenitesanchez,2
MSevey,30
ksoner,3
DeltaCompute24,19
ShackShackou,4
qt4cpp,5
rpsouza441,14
mi-arepa-fav,2
rem137,12
xNimbu,33
KaiWasabi,2
SurreptitiousFabric,5
RecoTG,7
titaniummachine1,13
powtac,11
danielalvesvm,2
RohanChat,5
chrisrob210,10
Tobidp,1
jgmansur,2
Gowtham-on,8
rahatimrahat,14
DigitalBlueprint239,9
UrielCuriel,9
Joshmogil,27
andrewlee07,1
mykaadev,30
cybersiebert,5
iferhatzdemir,2
Jahnavi-Mantripragada,20
JMosh89,7
sudo-rpaisley,18
woojing,13
fourhand,5
Jawish-a,9
sclipman,42
bbqsauce87,72
Bob2156,18
jhongesellrockstar,16
gotogymsaas,62
Alavanca360,25
blackbonehoneybadger,2
Fernandozbastos,5
valdemarborgesk,6
ajaiupadhyaya,8
KLusvarghi,27
ahmadreza221,2
jjjj473,42
Uminkil,1
ChessJoke27,15
crxssrazr93,2
JuanIrvin,2
prozac0401,76
Murillozo,28
luantorrex,33
diegodinamarca,33
Eduard386,11
extremesecrecy,77
Apochry,1
taqveemahsan,20
jeanzin3131,8
NicolasCochatok,8
makeitlook,13
vvij86,44
PaoloFromBru,125
keyhan-azarjoo,8
CxxxxDxxxF,25
JhonyAlex,12
theGeorge123,124
TheDigitalMacGyver,1
CodesMcCabe,7
hdfmacedo,19
pedrohazki333,6
yaliaro,1
nuelsde,28
blackwd-bwh,31
SergioBezerra-apps,7
maturb97,7
grohit2,12
steipete,14
haydenrodrigues,1
ArmandoSonder,1
pruittcolon,1
TLASZKIE,3
Axemansc,9
MetalMooseNZ,29
brainwhocodes,28
FischerMT,5
oscarcarmon47,81
heyimneph,20
loewenherz-projekt,20
thgzzs,27
mozinhoe,1
Matheus-Pedro,4
linyixian,4
oakkpsw,1
kedar-bhade,23
JoaoNogueira23,7
Polarisx1,50
lunoos,10
oscarleonapp,34
Johnson-Chang-RMIT,1
alrimoreno26,3
Artur-Duarte17,15
VictorRodriguesS0,4
DandaraEmiliano,6
malgany,14
lwelling,56
sobu95,33
YoussefSolh,3
AutoMateAu,6
omarhmdea1,14
Thunderrock424242,29
punk6529,51
agentevals-pro2,28
ilyabo,12
CamiloSteenen,18
hughcrt,6
hoon10603,7
GarryAylott,3
yfukai,5
ChaseAlexanderRoss,16
leandroradusky,1
marlefranco,19
ewanLB,10
canberkbekir,15
chitlchow,1
talktorobson,4
marcmx1973,17
movsesmeliksetyan,3
carlspring,1
SyslifeJers,31
babyzxman,4
kevinkobori,9
benice2me11,9
tugraskan,16
paolofulgoni,18
ageofavatar,47
Pierre-LouisBJT,6
winfinit,27
ChristophBaier,9
fredson,3
rlucki,19
Matundu-Jules,68
dylanneve1,2
Drujkomax,3
jayxvalle,35
yawatako,32
AZumD,13
SergioRamirez94,7
Techwayteam,10
bodgingbrom,36
newylbot,9
Khoality-dev,23
dalldrit13,3
coolrboolr,86
YovoyTech,4
stenhold,14
firecat1234,18
FrancoisPorcher,10
vWildt,4
lucaandrea,7
layerlabsresearch,3
MLGalloudec,1
hansent,4
mruwnik,1
rothirschtec,13
flyingwolf1701,10
dblunk88,11
Shin0205go,7
mzr190,4
Neche-Stephen,23
ShogunCode,6
mfarineau,29
GambaBTC,1
mtsyganov,6
RodriguezMatias,1
CARLOSHDZJ,3
Kinejin,3
IngTecnologia,1
cunhuav,3
carlosplanchon,1
jaortiz123,12
olucvolkan,5
aocampo-hikru,2
HashCombinator,8
luisaguilardev92,10
amydojo,1
Beetax,10
jaybraunjr,19
PurePL95,15
hugoperier,5
mazenbalasta,3
AustinKelsay,30
Raidoxe,3
derekcox4,8
kepr-github,110
miki151,1
UniqueName12345,10
yanivgal,5
geebd214,7
jimmie-git,10
amit-sw,97
e1970180,1
neiraRail,9
Forhumanity,20
jpthor,5
devdaclutch,4
limaronaldo,7
iyf577ge6,11
system-sutradhar,15
WesleySmits,6
shayshaycode,13
mrMoses2000,2
Ihorpryt,5
lucabarone95,10
jscotthorn,31
skater4,1
AlessioQuagliara,3
Seminish2001,56
Bikz,8
thequantumturtle,2
MyEcoria,28
daisbrown,2
elessdai,1
ChrisPolewiak,3
ChipiKaf,18
tridisapp,37
santoshdurgam,1
mgironamata,8
josedcape,7
JesseLevine727,9
somersby10ml,5
SaifMostafa14,4
tzu-chen,17
redmehdi,25
deshpande-arjun,25
comnori,4
ShaileshRawat1403,34
stevensoma21,3
fulanitoo,9
hemrika,5
juniorsky91,7
ericTsiliacos,10
tijldesmet,12
shanytopper,13
AleksandrSherehkov,23
mary-lev,19
Danielquirozleon,2
npablo1987,61
djm07073,8
FranciscoLima02,2
indianaorz,6
JakkuAzzo,37
sparte1,6
Astangul,11
cmlasa,5
bamboo081,2
marcdevceo,22
suncat2ps,1
DrHejmadi,3
amilcargonzalo98,31
truthseeking2201,19
hermitalap,4
YuTian-Toby,1
egonik-unlp,2
mako10k,9
ONT549,19
generalzoink,5
Originn,41
CoastTF5,5
MistaRay,1
MrSebas3,2
XROMENX,43
vlandivir,47
KBLLR,52
difranardo,1
scuerq,12
brettwill,9
AntoineGlacet,1
ougotti,6
grayp06,4
michael-leroy,14
awkward-3312,62
vsvivek2006,11
KCErb,3
liamjberrisford,6
jharrvis,3
levnikolaevich,17
prayujt,2
NickLaframboise03,3
Aqueel-Ansari-dev,22
JamesWeatherhead,3
julioferrj,21
pixelsock,9
Staveeland,17
nishantmodak,2
Abdoulaye224,1
DerTypMitDemHut,1
yildizfatih,8
jpbernalg2005,1
ZihaoFU245,15
joaomoutinho2,14
Efimenko2002,4
avigu,3
mevanlc,4
antondudakov,22
danielosman84,30
juniordsi,6
alexhsantos,1
Gjoci31,64
socialseventechnologies,1
dariofl24,2
mpuche3,9
Slaymish,42
critesjosh,12
pangedza,8
lovaraju987,23
waveblink,9
ctam312,10
desoleary,23
0b5013732,29
rahimcantcode,1
Nepenthic,1
manasdg6,1
LambdaCodeStudio,7
davidppineiro,1
Fence-Wizard,56
mmdclx,22
Caio893,10
batincode,6
gustavotadeu,17
Pedro-A-Lage,1
xocelyk,19
Marco-Melchio,4
llun,3
Matthew821661,16
EvanCoppa,4
abc1199281,25
Void2029,17
luisfermg,11
kangNamGyu1998,1
flor3z-github,10
bayezsyka,9
AVIKNIX,1
likhijai,6
rafaelkrueger,60
folletto95,55
Bpielstick,30
tot0,2
sursani,23
pbeens,11
paul-freeman,13
ANDRYBAS,7
emergent,9
turkenoki,12
jordanpennells,31
aneekroy,15
0Richard,10
redshoxx,1
hk1997,5
B-niroula,3
JuhyuckHong,15
tharunreddie,2
portiajefferson,6
rmedjek,6
Mistifiou,48
njrun1804,94
j0rd1s3rr4n0,3
goksudnz,5
Iamalive23802,10
snknitheesh,3
Mqwyqgydj,16
alfurka,2
Assaoka,8
Almag3000,3
gericke98,1
DeyvidLucas-DEV,23
sangmyeongsheon,1
gurumnyang,5
tradermonty,1
JackmoonGit,6
andreamarotta,5
dnagenics,1
iranzi17,16
Eykthirnyr,4
zhukovaskychina,14
Zetneck,4
Travisswop,10
Marcelosoaresdev,5
1tsJeremiah,26
Fyuturevizion,1
jasielmacedo,10
kardioversion1,7
shabith,3
Harishhari0525,11
fadharpra,7
Aiekiddo,1
tcosentino,1
DPRC137,5
tranduythanh,10
demianarc,3
SalahJabreel,1
iwasborninbali,5
Cedy9,2
marcostolosa,5
CTW8,2
maelvls,3
MartinToOr,16
JuaniV2002,11
KSAklfszf921,11
amyade1,3
MbuviM,8
Mosai-Sys,35
frankvdb7,13
hamatz,7
kjhnns,11
XadmaX,20
marcelothompson89,13
gvd22,7
houssamallali,3
VitorSchumacher,42
Jbsky77,13
jbd7899,33
chrisk60331,1
boomhut,15
psrikar045,7
radiatingreverberations,2
halogen28372,2
tygent00,14
underspirit,2
ctrsimon,1
ragulramj,2
marvel80,4
ashkam58,10
AlmightyTopher,14
akimovpro,46
Aottens,23
Fake-Sun,1
compusom,47
revisaosegura,26
r77tchan,8
LuisVicenteGuzmanFreire,2
BonggXz,36
silktwo,3
hofcoral,39
shhahhussain,11
Rokcernejr,31
cpatagon,14
ttcollins,12
abmorrill4,8
FtYadu,8
fahddhawi764,3
SmVHutchy,13
koki-h,7
seohoik,7
DitriXNew,1
pierrevalade,38
RaveenaDev,1
sneydersalazar205,6
AloyASen,5
dotxdaemon,25
HarishNaga12,2
roconnor04,1
Avi-Kohen,3
rushishah123,27
CodeWithNas,50
joseacardoso,52
spyridon-koustas-bot,4
alaricd,47
zeto71,1
magu1436,6
wprathamesh7,1
Rescapule,31
victorjoose,2
goncalo-m-ferreira,1
gitrabbit7,1
mwmuni,3
kl527,1
franciscoxcode,3
JustasB,1
moreesindo,2
evertonbuiu,1
marouanetalaa,5
pauwma,2
justzeze,6
KushagraBharti,16
daniele21,4
gptshare41,2
praise96,1
Issan0511,9
anasmangla,14
folexz,3
mtrezza,52
devanojj,3
neoceph,2
josephstephenrooney,3
keith-appsmith,7
RxcodeDev,1
eupendra,4
jason9075,17
andresquez,18
CristianSco,1
dpratesi,14
jounikivi,27
PudofkinMini,11
JsCode7,13
NumanPGD,3
sweeetpotatooo,9
PabloDev-bit,6
STRHercules,32
gabrielcollins,30
bgayman,9
honeyweasel,1
integra78,1
suheey,3
SnehasisDebbarman,5
rafidmellow,20
changrong1023,2
gnprakashdpm,3
MaxnSter,12
SongDJU,4
Abetnik,1
mocher1,32
HighwayofLife,15
umaidashi,5
mtthp,2
edwei06,2
CBergane,3
AndreySkyFoxSidorov,5
JVVJV,4
BuWH,1
ShaderLaze,14
zarart99,8
isurulankathilaka,1
davidleathers113,5
talyssonoliver,8
juantrix-csv,8
THEMKM,76
ffers,2
atticusofsparta,7
SallyElHajjar,2
macconnolly,14
supremehappy,5
gavinblanusa,10
MageCondition,3
metehanozcan,8
joeephwild,1
DanielClxpz,7
emkan27,3
angelsosa91,5
PhiolemoniX,14
b3lz3but,7
siva-xamplify,16
Yogesh-kumar001,6
balint1111,26
felixmpa,10
vijaysolaraju09,48
mafentakis,6
VisseG2,6
jonthebeef,2
ameya2353,3
neolefty,8
Romulo2208,8
FlorinTodor,3
kgryczan,1
Carbon225,8
SamBPP,2
henry4711lp,3
HGTech96,1
AnubhavLakra10,12
TheMich157,14
SupreetKurdekar,18
Kasellix,7
Edmond-Amedee,21
MatthewCmm,1
thara7400,1
HIzomi,1
indianspeedster,6
rbatistacardoso,1
fredli26,3
LeonEricsson,7
vincyf1,1
octdubois,4
cpretzinger,5
Teddy-ing,2
jimmy-grande,1
IliasAlmerekov,5
j7ll7,17
polku,43
PlatinumLogikAI,1
nickdoesstuff3,1
guilhermepetrus,1
HarringtonM11663,1
bsmccain,8
aktky,3
tim42b,6
markforster,19
cotwlvlxl,1
parktest0325,6
sumukhanidhibs,2
polux06,3
adamhocini,6
HocineBoudieb,2
e-faraday,1
yara73,24
T-SCR,20
egor-gm,12
tjmcode,3
tonekaboni,1
iskobs,1
azimafroozeh,34
sonnt-dna,1
techninja828,36
PyHelix,30
josueayala27,4
jlowin,9
Cerbetron,29
aditya-42,5
BriamV,1
mateolarreaferro,14
extroot,2
slimzc,1
alnunezva,1
ScaramuzzaOk,1
cenit,3
JavierMillan,6
Disconnecter,3
mountaincenter,24
xolosArmy,16
gomminjae,4
tsshadow,20
g-but,33
Mhmdyasser33,1
CrowMother,25
langfjord,2
AmanPoddar9,4
bekiryavuz,1
Jshuuuuuuu,2
rchsun25,6
Mirenia20,13
azulamb,29
Arunteja27,4
StevenYu-txdy,5
Omarjourney,47
gabeoliveira,2
ByteBrewerJB,2
ChanLumerico,6
nio-kaisingeki,5
kerryhigh,4
HarshalNerpagar,9
dd-dent,8
Abdias03,7
locksmyth,16
tobiaskoderfakeleg,26
pauladam,9
ashif-ali,2
megabosssa,12
snestors,7
listorien,5
suthanth,2
GLG9,39
pythonpedro99,9
Auduj,1
kakashi3lite,12
Forevka,5
hos3004,5
alexisgruny,1
cgianelle,12
tanaym12,6
thinklab-architects,1
danieleV9,7
botdigit-official,9
wzly-wrks,15
SmNikc,3
RyanPeng1111,11
Gh05d,13
djartificialfly,11
VarunKurri,2
miketheman10,9
cdazaperez,24
Natanael2005,13
JitaDesWadyas,13
nedalaltiti,9
AdrianLuchaco,11
jianhuichou,14
afrik-ai,1
andres-merino,2
yoavhodd,6
Jeninefer,2
srexxx,1
deadchannelsky,20
Kyle-Phelps,37
mpssvenkatesh,1
jsephandrade,2
ejresearch,14
jorgesolerrr,1
ilyaleksashin,1
davidkims,22
Lourdes2023,9
mlan225ci,32
KGBos,6
PerfectAppstm,3
mych907,8
FreemiumFree,40
Dr-kabanga,4
Damvalens,15
boostframe,1
jseook11,4
sakastudio,22
ThecoderPinar,3
lhideki,12
greenlittleapple,22
BG-R,6
chau0,4
kristofer84,8
w1lq,6
tympaniplayer,10
iamEscooo,15
VLSLV333,2
TychoLoke,4
1030,16
silentnoisehun,8
saisharan0103,49
blckink,27
dewbambs,10
CSKorkin,22
smnunezleal,4
anjanayraina,2
pilat,9
samoai-ops,11
carlosmb2023,5
Ritvij98,13
cschung7,1
hybridjosto,8
Fumzou,8
iltuoconsulenteit,10
nikakogho,26
rxd84,3
ajanraj,6
michalhabera,4
NotAlessandroBeatini,10
juliancaler0,3
asbjornb,30
cnastares,74
seonghobae,1
jelie-05,1
azvaska,5
vcapinn,2
Dantheman23-coder,9
cyldzn,1
futo-nakagawa,1
juliotrelles98,3
hksharma-ai,1
dsewnr,13
prabalkaushik,7
savoross,20
dhuynh97,14
MohdYahyaMahmodi,5
mastanley13,37
dopperdev,3
cleber6514,1
W4k4s,3
Houmeecl,6
ValterAndersson,4
eads,15
PerkinsWork,5
Hamza-Sengul,1
clouudyzz,1
imrackay,1
codehunterstories,5
AitoreMePe,12
YawwaY-uk,6
Brensley,39
githubakarsh,13
RFahal01,3
Zach-Mundt,5
mapcrafter2048,7
thomasdax98,8
asphalteur,1
DWard2004,7
ellienewnham,2
RTLS,5
Pedrocito97,21
halbax,3
Lucullux,2
dsuhoi,1
zachoines,27
eight42910,3
phanijapps,18
Zijie-Tian,14
kingPaku,3
rohitmenon-001,7
yann0134,17
durek1337,19
Loyolazz,1
IchikabuImpact,5
FallenIncursio,44
ashvernon,23
Tcooper4,15
damons,15
sanghapriya,2
lcgenereux13,66
Mentis123,62
jantede,1
dss09,4
kqlade,9
RandolfTjandra,6
hurricup,7
lennihein,6
clarkFist,13
Lea3D,16
saiyansquirrel,5
georgeF105,5
amaurylekens,4
omarkammouh,1
furkan-ucan,37
soorenaganji,9
hoshizorista,21
HairyGair,1
Steven-Chen2021,5
kthakar,10
ChristianPuettner,2
Establers,2
cybersage05,20
alreva,24
happyloa,12
svemu,8
wnqw,9
angelasw9,1
iCabreraa,3
Yunkai-Xiao,10
NoriyaTakano,1
GarryOne,1
oussd,1
nicolasreymond,3
katrinetolboll,1
LaFabric-LinkTIC,9
Murdock135,1
Midas24k,8
HSuHyun,7
otondonicolasDaVinci,10
Vegetog,1
npi-imoveis,3
piske-alex,17
Reece236,2
rm2thaddeus,13
VaC306,6
robertfriston,2
scbenet,1
koonpoych2,7
temps,35
techmakura,18
b02902063,9
maxie7,5
jrschumacher,14
datagekko,13
mbirochan,13
alastairherd,4
JimmyWigerstedt,6
bradkim06,4
CrudMaster92,20
Szelwin,2
adrianobrito,7
AkshayKumarC132,15
UDIIA,2
DarkSynx,7
brettdavidcarpenter,14
miroslavkiev,36
CropWatchDevelopment,23
hk-img,8
Albertkeiv,5
mansurdadaev,6
DUNSTAN0622,7
LoireLab,20
Harrisonyoun,1
vanandjiwala,13
henamulu,2
nmf-code1,7
giorgionicoli,1
juansebastiancodes,28
BlackMegaLogan,3
joePeronek,17
EtecGmail,32
sidjel,13
MaPe89,2
beetlesweet,12
Not-Klaros,15
NizarLaadnani,2
meghkc,6
TheBnn,19
SizzleMyWizzle,18
davidalos,41
konvus22,7
amarhoonbhai,1
dantrevino,3
iMithrellas,2
0wen26,23
higuchip,8
pascalbrax,1
chiziuwaga,5
Heratiki,5
vipin-verma,6
nsandovala,2
nitin-poar,1
tomasvotruba83,1
mariuszczapnik,1
paulbrigner,7
KaustikMK,18
PrieTorres,30
acikus,41
StevenE98,65
bryanschmidty,39
Atommom,1
Benabra,6
sbabadag,2
SumanBandopadhyay,15
afalrohaily,9
Atella232,3
jweingardt12,9
DanBo-DA,24
markmals,7
nichtlegacy,1
Mklevns,5
jglaspey,7
kashimakei,2
AgustinCaamanoFlores,24
lmschless,11
jacobbarglof,3
strasdat,4
galic1987,3
LPDarkGun,2
Cascadia376,4
EdwardLab,1
Grayjou,1
marcyniu,3
leonard185,4
MichaelCrowe11,18
ravi-chan-dran,10
zi3t,5
RafaelMenchaca,7
TeacherJim,5
eth0-02,1
quydongvan,4
JDPlumbing,4
RedNoraa,31
claudfuen,21
gmcarvalho,5
arnaudm,5
ThomasMiller01,1
derby32,6
manhnd52,1
ACdev-pa,7
antarahleet,3
Destruction13,18
3000Studios,1
Kinfernopixel,6
EskelCz,8
SDanker,4
thiagonarcizo,2
ishaan-jaff,10
amurgola,12
ctbedford,1
yoojanghun,1
zvck95,2
dheba160,5
davidcaetanor,1
shreyjaineth,1
ewiho2ehioufhoie,15
bertmiller,45
dogefield,30
darkhark,3
JasonZhou2324,4
dlkesterson,23
Mori-kamiyama,8
kobst,26
ekonugroho98,2
Jumas-Cola,1
pranavperla,5
praveenkumarmisalolu-dev,1
TonniAndreev,9
joravkumar,9
Kinshuok,8
Martyparty1988,2
tfvchow,18
pablomanchon,6
dvoropaev,7
luisalfredorojas,4
BrenoNsm,13
AdrianUbedaTouati,1
brianpetro,5
FredericoFalcao,5
rochiangie,2
albertastrom,2
seanmcilvenna,4
deepdevjose,3
gsoaresdz,3
besrabasant,17
ReiMatsuzaki,13
dskkato,1
XyDisorder,1
alisoliman,1
atkaiser,37
Germanmmrr1,17
todayinmelloslife,8
agilentic,4
Celest1ce,5
dropqube,7
Fyrene,22
Mads505m,1
HilbertsGuest,9
TI02-jp,11
SRam3,10
IchiD,32
enes054,1
nyattoh,7
BlooCDsAyA,2
CaioVsM,2
devin-hart,1
jba-nitinjain,74
xleonplayz,5
Abdulrahmanaak,20
topomelo,3
S8ojak,1
tointoinp3,3
IvanDeFi,6
BalamEduardo,1
mmorenoregalado,5
S37HCl1F70N,11
Old2015,27
kwiberg,11
kalashnikovisme,14
mekenthompson,6
aabdelsameia1,1
vinhqdang,7
akioka123,13
dvirkamisa,2
emzur,5
SaathiApp,2
CovIsaac,1
demircantas,7
RobHofmann,5
bell-kevin,16
MartinRiesa,1
nicholaskb,11
Kawow2,1
gauravsharrma,46
ethantv1234567890,4
mi-mitri,2
paadoks,1
contactabhishekbasu,5
ChuMangkorn,4
no00ne,5
anormier,3
sms1989,13
monsefrock,18
agendarturnos,31
Lucismilite,1
aymanoscar,1
lucasditomase,32
sam-caldwell,7
ZeTscor,2
darkcnight,1
77WhyNot,3
Isted,6
parapara29,19
iamdaviddunlap,5
baharihari49,1
VelaguezSzpiech,10
maurusian,1
Syhmeon,1
qanthony24,8
davedev89,1
Jamessilvamatrix,4
d9705996,15
husam-hammami,11
dltpsk03,10
Kasco23,18
tmarquart,19
LarsGJobloop,2
AloveZ66671,1
saracutdeisa,1
seedevk8s,21
kirillD2,1
Muonntau,3
asteain-ninia,2
sebastianosalzillo,1
idmfrank,71
JJoness290,2
sunilmallya-flip,24
boogie,1
Wishant010,15
jupabego97,1
mfcnsz,1
AntonVarentsov,9
anshul-garg27,1
IgorGerasimow,14
guillecampoy,2
pablotoledo,7
aditaa,22
NaufalAmara1337,1
nikobrodey,1
michaeldj12,1
Imoconnect,6
ChetanKrishna07,1
Divide-By-0,4
essentiel2021,6
rsha1,2
lindseyluis,1
AlbertoAntunez,13
vmeoc,2
Wadeo91,2
tommthierry,5
Fahmy-Kadiri-akl,5
hachoj,15
anyacherniss,5
MeyerLeo,2
anallbani,9
CharithCD,5
simha-gb,9
parislettau,44
jmelo11,12
smartelligence,2
indrajithprabaswara,19
ajdurke,9
mahdiii2,6
arronjukas,9
amitdeliwala,3
xDima87x,15
mitsuhitofujita,2
robula88,2
wlavic-pro,4
pavl21,1
juananalitica,18
ridgehkr,4
eranlipi,6
8leak,2
HiiWee,1
moltogit,1
atharva789,8
wiltsai,2
oagra1,6
himanshusoni3214,1
afiella,1
student-trushitabirajdar,2
tisonpatrik,3
sammyjoyce,29
evansims,21
tib,2
pedroafonso18,1
shriharshk,5
aswinthomas,2
celalcok,1
woomelly,1
filipeborato,1
random00000000,14
poter69,1
kengggg,8
Gustrigos,2
noah-rivard,67
0xdevrel,2
patriceac,11
Me-Mr-Dean,11
ShashikumarKL,5
CasvanAlebeek,1
skudz96,3
petelimon1,2
vladecok23,1
zmr-robin,1
Lafathan,10
m-iwasaki-tss,4
rseltzer123,3
helifriz,7
xdroberto,2
actionagentai,4
acostaldi,4
eric861129,15
is-sam,3
po4yka,39
fujiapple852,26
lsendel,20
Jacobblasiman,1
grobinson4,7
jez120,6
integrar-iot,1
hilmanfitriana19,10
Mozeson,1
Awesome20225266,2
papipupor,10
Webstrika2,2
miguel-bustos,1
Samarth2709,1
Zmirzz,7
itumor,12
ShalevZorany,15
twoknow,4
Sohojoe,2
0xmachos,4
RightHandedVoid,1
Poggiecar,10
TheGeekFreaks,3
rftbrkzkn,1
hosokawat,2
ausritter11,9
dB2510,1
pekeso924,16
nicekjm88,4
JeongMinHyeok,1
Temp8237,5
ammaradam,2
lilybellehunt,2
davide017017,40
majdkassawat,18
paulheinr,2
joaocatalao,2
eerrtrr,4
yleflour,6
primechasedata,5
erikanstine,25
complipilot,1
liuliu,5
jpwoods92,7
ProofOfProgress,8
htylab,7
mabunassar,1
BlinovDev,6
33fishpaste,6
bcambs09,10
networmix,4
indrajeetadityaroy9,15
Agentcygroup,1
Tumub,1
vkie39,2
daviseemann,2
Soiya-kun,14
goglecm,3
Roar1971,2
Waelr1985,5
Paris309150,5
monguerre,10
stubisdon,11
ArvindVig23,16
wadadaaa,7
moouahab,2
Chibogret,1
nzinov,2
skylarr1227,26
tgergo1,30
pisekchaiicpdev,5
nhatha071503,18
djacoo,10
adylansd28,1
DanielQuintanaMateo,16
RobertoAlex,1
CarlosGolvano,1
Penelope2022,4
yurictl,7
ChangKeqing,3
junotb,2
manuelsoft,4
jvictorsantos79,2
generalpiston,7
Skumarr53,6
vdtodor,4
ValentinoDiaz0509,8
flywiththetide,1
Sisay-su,1
Rchi3-new,21
ccgus,6
mesfinyerga,10
FacundoLuna16,16
brilyuhns,3
TheDioMio,3
madebykask,3
hilariali,17
suhelbeer,1
dsanchezp18,23
PrivsTaxi,7
Mitsuo-Koikawa,12
bayirgulu,2
BARAKAMIT,3
sshane,5
pzhin,4
Xandermod,2
genki,5
viddovich,2
Shamimsk511,6
ashutoshdayal13,1
longgangsima,1
JohnnyNirvana,1
deciduus,4
Danies24,6
ahmedmoshendidi,3
OscarAbad904,15
liamswan,7
xandwr,2
fuvty,2
OnIy1,12
ATSVibes,9
tmori,17
Dorsasotoudeh,1
matifariasc,10
Depapepe,15
medinaflav,5
emmasaltcreative,7
Nairolf138,1
drewkunas,1
StevenRS11,22
nbossert,13
Danielhk832,1
niharvarma1247,1
AnLoMinus,1
ravila123,1
amaghe,1
m-soro,3
Hemachandiran1811,1
osmcgrgenc,20
FinnMacCumail,2
abiolaks,4
polakbear,5
ronburnley,1
aguacero7,2
silva021,4
xgurux90,2
julia-Lukaszewska,3
unendless314,20
lil-andrewf,9
octaviobcosta,19
ruvnet,11
jacekjursza,18
tenchu0314,3
yhlin07,1
tyatogo-goldenbear,1
HaimEsteban,3
patrickmineault,6
rileytg,1
alex2t,1
plmsteve,1
thenareshm,16
Hanx715,7
vishnu4262,3
JSB2010,12
seefeldb,3
kkennis,1
jvgarcia21,5
drew-wks,5
lekkerelou,1
SarfarazSingh,11
dsp76,4
denialromeo,1
kynorl,1
PukkaVXR,8
ItsJavii28xX,1
LLFourn,4
siLenT7171,17
gajjalasandeep84,1
seofernando25,2
Tathagat-K,7
biktiko,11
tarunprakash2468,24
SamuelAMiller1,1
crackerky,6
cxristalclear,7
hyeonsu-hwang,5
celton59,4
myasu398,1
MichaelS07,13
jayedsikder,5
rchristie95,6
juanikitro,5
lockys,9
olegrand1976,4
LukasPertl1,2
smaurice69,8
flyestAlive,6
carlosamurillo,1
OtaglivE999,12
samelliottdlt,7
gajazlikovac,13
NathanCavallier,6
MoussaAbas12,1
MagicNube,2
capo0o,2
lfaitanin,3
panda437,1
rutbergphilip,1
natelfy,1
gradies,9
tetefufu,1
sguzman,13
usefuulness,1
EENprofiel,1
namtonthat,7
ChrisMcPherson,20
ever-just,9
juanitodelrock,2
J-Massey,8
moliu2019,1
odegay,11
dradgo,6
monoti,7
jimin1209,4
mehah,2
ChadMannEsq,14
NicoDem34,9
JCSchoeman96,17
david-jarman,2
MariusStorhaug,5
jontey,2
milesgaines,3
TheRetroRoot,3
recallguard,19
christianzw1,8
dragon3h,1
javaarchive,1
producedbymatt,1
Sancerio,9
KevinLivora,12
flymyxa,4
alonzo245,4
Mark-Halstead,3
taelyon,5
AstralDrift,4
Cerkoryn,4
losakovvitalik,1
DevSim1,2
BrayanD117,4
shullp05,11
pateash,2
VOriti,11
SrishantKumar,1
godgoali,3
IanCooper12,7
guptha308,15
jitu028,1
Danejw,20
quinzit,1
gerasimovpk,1
jaannawaz,1
teslimni,20
SheaCodes,4
florentb,1
miho,7
mtafadar,1
altowierigge,3
stevepond,8
kienhaminh,13
MahmoudGilan,1
ZanardiZZ,12
msouza009,1
albinmathew,1
sasha-riabchuk,7
casalifrancesco98,8
alexander0042,5
H-meister,1
Lando-Ke,5
nolan-at-pieces,1
0xdevalias,2
wilson1070033,8
Radu-24,3
wlladd,7
BmartOcho,5
ThaDewey,1
Sebasflm,26
marcelbraun33,6
jddanforth,1
allburov,1
317jamtay317,5
tcehjaava,3
Devacor,15
ultronozm,1
victordelrosal,20
ivanopcode,1
HeroSigma,9
cciehl,2
gabrielrondon,7
WaldirJuniorGPN,16
ViniciusKanh,14
Watch3ruk,7
tenjyn,6
ThomasPritchard,12
joanchorto1,6
LeBoch,2
FidelMH,34
Sneylis,1
skirwan,5
tunamhoang,6
leoyu808,1
billzhuang6569,3
chuy9512,1
OmarAlfredoMiranda,2
Chandruhere4u,1
caiop45,3
sakamo-wni,7
oliver-zyn,4
flop2106,9
Maagdappel,10
timer-ghazi,3
katzila,2
enpici,20
Eddytheone,7
KhoaDNguyenNguyen,3
psychicDree,2
neerazz,12
IvanCB97,9
iterdimensionaltv1,18
steve90909,1
hariprasadjer,9
donaldafeith,5
ShanderYO,2
niall783,7
omordach,3
zerox80,22
G10tTo,10
AliSakr20081972,10
Chizkiyahu,6
sugihara123456,3
jumpert,2
italomorales,13
compadvs,2
naimnazri,19
yc-jang,1
YMPower,2
micomia,7
arvbaska,6
aion0721,16
KingSucuk,5
rahulraogrr,5
peterkents,1
developersdigest,7
MetelGamerYT,1
dhyun0226,3
gbmksquare,1
dodinhduongsmile,1
Quisharoo,18
dhobdy062,1
holdenbeast,1
romanywu,2
Siddharth1698,1
kwasig,13
patrikkjonsson,5
JYeras8,7
PauloRTesJr,20
TalGhez1214,1
ragusa,9
Han-Sang-min,1
n1299cb,3
eddieburke,3
BrendanBetheldo,1
Ivan-Esau,7
yangyag,3
ImSakushi,60
Fabian0007,1
krishna684,4
Nishant-Iyer,1
AhmetCemalO,3
rwilson504,6
jmeneghini,2
dnhan1707,5
Dokkabei97,2
Norwrongcl,4
Asghar76542,15
ainamakeneko,5
JochenWeerda,8
Alejandro-school,7
zenc0dr,1
Romanchs,2
476106017,1
AsliddinAbdimuminov,4
sercanbenim,2
HeIIeBorus,1
devberiluysal,4
Afejes1,4
hmaldonadovilla,6
U-C4N,8
Sunilmunnula,7
khizrim,1
petreleon,1
Edc455,2
Axon2AI,1
ZenNight,1
TristanEDU,21
diodanciguer,5
chefzaid,7
justinfriebel,2
mstarckgh,1
samclrk,1
trishateh,11
abusufianhaider,1
rhdp0,5
Thales357,5
baitolasrl,1
danyv87,10
nikolavucenic,6
vincentWuK,6
Arlis000,1
brenotainandev,2
ruzilavz,18
isdiemer,6
Hedgehog18,3
jizhang495,11
rsdmu,9
heat,2
xsampedro,1
Marchombre,13
ovariakos,17
Fagner3g,5
merlinfachetti,5
jingx157,2
petrk94,1
azidancorp,4
emre454,3
avraam829,2
vinhletlk,1
Ads97,22
ibrahimAlbyrk,1
josiahH-cf,10
fedebimmer,5
arashzitaly,6
GuanhuaJi,2
cmpljs,2
DerouillonAlice,2
mxschmitt,5
gashiru,10
damianpereira86,2
ericabelson,4
jemappellecoco,2
joordih,7
omer-mestan,4
fredde254,3
DavidTbilisi,9
sari705,7
Stropdasman,19
enowuigrek,1
hanbinJoel,6
Domistro16,1
juanpalopez,4
Carlg2016,1
rookx88,9
osirisdark1,7
Nevermindone,1
aseifert,2
jason-riddle,7
dmatt,2
JonDotsoy,13
ddubyah,3
flamingice,6
flaco332,1
daalti,12
tgirotto,5
jodaiber,12
techandy42,8
09shreyasingh,1
leoisrael,2
Kysetopher,1
agareppe,1
Papiermond,1
madsrahbek,1
CyberAuthority,4
Tdelmonaco,6
himanshuverma560,18
ogprotege,9
jescott07,5
gabdepa,1
Rossstiks,7
johnbarn777,7
Glamdring50,1
MakomLTD,6
ZeitCloud,1
isMxy0934,5
Jacobeee,17
BraberKadaber,4
Adrenocortico,4
amgst,7
matthewmorrone,12
Clouny59,4
bobke10,2
javi22020,2
ovrdos,1
blackjackkkkkk,1
MorielloIgnacio,16
JoaoJanini,3
ArielSoothy,4
bartek-barszczewski,4
hashyun,2
unstableneutron,3
fxp,1
parishadmk,1
aaditi2,19
ssr765,1
fjlaubscher,20
ELUNIVERSODEJDC,1
Evendyce,5
marcuslimadev,1
Zerastic,5
Dynamicfire07,16
stevegrubb,7
CiaoMoro1,2
ionutcnu,1
Kotinha,2
Avi197,1
MaximStarykh,11
jbraseth,1
yeetw,2
NiklaskSS,1
preniJee,2
Pooterman15,1
pacxpacx,6
Trungsherlock,1
Royban09,5
RecojEnterprisesDeJaVu,1
aksafan,3
elif,4
FawazHaris,1
apoorvkaushik,1
joennlae,6
ChrisPatten,3
IagoMelo01,6
hendurhance,7
MockingJay-dev,1
420tiesto,5
tristanlgb,1
Jakuepe,1
scattman105,1
Montasar-Dridi,2
ikerperez12,2
StorThiago,3
kikipoulet,2
trancedesigner,1
pervyyy999,2
jlmcgraw,25
gariem,10
JasonPeng2019,4
Sebo1593,8
mnarewski1,2
boh-aroot,1
vpyati,14
crhistian-cornejo,11
SixpoundertheOriginal,21
sei-dupdyke,2
twister88888,3
clifton-harris,2
bartekkustra,5
ashugthb,6
raphaeltimbo,1
Salavat3476,1
Defernus,4
carstenbund,17
1larity,5
cosmocartier,6
spiveyworks,4
NikBLN,7
Ryder-C,1
rocketman-21,15
jairao9817,4
Xingyu-Lin,4
velocitatem,1
haboalr,4
Saigaktop,10
RxV00,2
peschull,2
ydotdog,1
kessotolo,7
Tunaleo,1
graeme-russell,2
kairytwo2,6
nowyoufucked,1
tniM11,4
bpayman,1
kibakari,3
gabriel030899,1
kierensharma,4
yifengding7,2
wzfukui,6
MrrSergio,4
cmomodo,4
apurvagoenka-method,5
daveschumaker,1
raemennj,23
kibarrarra,11
CharlesJGantt,3
tharsosventures,4
magalf,10
developerish,3
zackproser,35
Sahand-Shahhosseini,35
mjadid91,9
ahughes0227,9
Valdecy,5
TLazari,11
kianwoon,1
jckdotim,6
ncolesummers,9
Josu31506,2
sabrinacafe,20
Rsplitstone,6
Pazazamadaz,3
dviolante,2
ryowatabe,1
Simon-Jakobsen-Git,1
matssaaren,3
luccameira,2
KiShks20030123,1
roncitrus,10
matheusgonzaga19,4
clayman3,1
Ethann-4,1
jul-fls,1
xflipperkast,13
uzair1080p,2
jojordanjones,21
jbynum101,2
Svbudygin,5
felipe-riveroll,5
CondenadoDev,8
fashion-john,1
BillioncodesInc,7
Ara-Mansouri,4
DhyanBhandari,7
SIRXIII,10
Phacorrea,27
zacn04,2
willianbox3,9
michaeltal,9
satyam12121222,3
Datadri,2
Susheel29,4
pauldowman,2
kburtram,1
OmarJBar,1
Andromedamusic,1
stevemoraco,2
scottkryski,2
HeliosInsights,8
Chackycool,9
alansms,4
DrDoback06,3
AlexZimpher,2
DJ-Greenwood,2
fclaude,3
kouheisatou,6
AaronCWacker,1
blindaa121,8
dororoliu666,2
smujicavera,3
minid33,1
serkansonmzz,5
krystophny,4
berrylands,1
naren-m,2
yurufuwayuya,2
josmithiii,1
spbolton,12
bogdan-veliscu,9
claude[bot],8
takeshishimada,13
tonyoconnell,1
fkeegan,1
adslaton,2
ctrl-alt-automate,8
soumith,1
chrimage,1
culstrup,4
mzkmnk,11
jwilger,9
sonesuke,11
starbops,4
lanalex,1
talmo,2
shingo25,2
davidvasandani,3
beamsjr,2
dnegreira,1
ryanbreen,14
20m61,14
jeffscottward,2
Sleepyarno,57
ncipollina,1
yashchitneni,1
eastlondoner,1
albandum,1
okjodom,2
smasato,1
mvanwyk,6
nomindnick,1
vharmain,2
foyzulkarim,1
nicocesar,1
rjeli,1
ic0ns,1
jtaylorcomplize,1
jordanpartridge,10
patrick-yu-amzn,1
FrozenPandaz,1
benaskins,9
PastaPastaPasta,12
tysonwil,1
bradbanister,3
YunosukeYoshino,1
devsodhirao,1
moto-taka,9
meagerfindings,2
JimBarrows,2
tis-abe-akira,3
cneira,1
bluzky,4
Apurva007,2
johnrusch,1
brianathere,4
yuya-takeyama,8
joshukraine,1
jbpratt,1
hansjm10,9
MA-FS,2
partouf,2
Ankcorn,1
WilliamAGH,14
yushiesah7,3
giwarb,1
aaronshaf,4
dpeuscher,1
seiichi3141,1
stjepangolemac,1
rodriguezst,3
paulcoffmanjr,1
cuzic,1
petre-c,17
ehammond,1
rishi-kulkarni,1
mattrobball,1
shyim,4
ippei-shimizu,2
IgorGanapolsky,3
whtsht,1
joeyda3rd,11
mathiasseredszun,1
fgilio,1
calmera,3
ali01,1
aparthas3112,1
yurikrupnik,1
3dyuval,1
gamoutatsumi,1
doozMen,1
barnesy,2
slamb2k,1
yuneco,1
Wexx-er,4
BarryMolina,3
avishalom,4
broody,1
andrewginns,1
dgellow,1
musaprg,1
mogery,2
ChrisRackauckas,10
xCatG,8
OskarStark,1
timpyorke,1
tobagin,1
daisuke-tanabe,1
c50bossio,17
briangflett,2
robnester-rh,2
thrix,1
ggoncalves,4
TheIllusionOfLife,6
jflo,1
jflam,3
CHIHI913,2
smiyake,2
ysogabe,2
jamie-albert,1
eikuma,3
nilo19,2
kainoika,1
locomorange,1
ulasbilgen,1
paytheory,1
vanman2024,1
Tetsuya-Minase,1
thms317,2
ryosuke-horie,3
ChristianBirke,1
jsham042,1
crazyrabbitLTC,4
siddswork,2
pezexd,1
ArturNiklewicz,1
xuatz,1
AleksejDix,1
buger,1
tomass-roze,1
mariodavid,4
eskamarock,1
EdwardJXLi,1
HerrKater,1
Lyderian,1
spikedoanz,1
zomglings,2
siomochkin,1
dhalperi,1
shariqh,1
FemiOje,2
mazrean,1
psaboia,1
pull[bot],1
jamesrochabrun,1
ChristopherTrimboli,1
Tomodo1773,1
erdalgunes,1
setsuna113,1
chris-hendrix,1
bfollington,2
kapunga,1
austinlparker,1
douvy,1
crdant,1
szigmon,11
dpanta94,1
druarnfield,1
shomochisaku,1
thorstenkramm,1
deepaucksharma-nr,1
hydrangeas,1
abhi1092,1
kenfdev,1
mirqtio,1
rlmsinclair,3
evcraddock,1
angelxmoreno,3
ram-nadella,3
fhenneke,1
rejasupotaro,1
stan545,2
drewrelmas,1
wesleymethorst,4
YosiKariv1,7
0xadityaa,2
sandWasTaken,7
CalamariConQueso,1
thfrench,12
episkeys,2
catodapice,3
camilo-gutierrez,1
waseda19,1
mattferre95,2
Neudo,2
caspianchu,1
kirilft,4
xiaoqianWX,4
RicardoRios07,9
AlvaroMoreno39,2
54696d20,3
CAIOZANETTI,8
Goataraz,3
stianfro,6
APindreas07,2
cachimiro,1
Husseinuahmedc,3
sabbah13,1
moonlighttherealtor,3
benjamincrozat,7
MaxFullStack,6
MateusDornelles,5
SpinalGlitter,1
neg-serg,4
brianmulder,28
ottenhoff,6
bjkimm,10
Manak,5
jgallagher19,4
martincw,12
gitdog01,6
Arihant3704,2
WesAllenInc,11
Ash-UK-Go,1
jbarth04,1
Octav02,3
Jon-007-42,6
m0nteg0,2
Sahilsingh0808,1
Gunn1,6
danesparza,9
Seathe14,2
PasLoin,16
LouisCousin,8
Rabib1315,5
jerallmil,2
Fologan,3
jatuhurrra,1
HelgasonF,15
rooartificial,4
shrey148,3
sebasechazu,7
magus,1
FernandoAurelius,12
FRANAIRBUS,1
alebreton-cooperl,4
Integrations-UnifyApps,2
JP-Estudante,16
ZC021,6
nathanfhh,1
lbonetto1,2
tcdent,2
jmpompeo,5
HollowDobt,4
fernandoxavier02,11
Pathnh867,1
adamborl,4
Sassypsilon,1
dev-codflaw,1
aitorgarcia21,4
lausmachdo,5
burbujas-creator,1
Leeksov,1
Shtomuch,6
yu0809,1
reductio,4
NotJeremyLiu,14
OfekiAlm,2
akashmitra,4
eswan18,10
theobattaglia1,1
prompted365,3
Skulux,2
mjkwon-genie,2
JoelDag,4
SimonLehmeyer,10
PiyushBarik,6
dr3bdalr7man,2
vladigpasev,2
CalmhostAcct,8
fillips67fissile,5
JohnyGalt,1
StolenAxe,3
pewienkoles,1
gblackhorn,2
jonollivera,5
schaeleursli,1
dashed,2
bennytran,4
hugolytics,5
LuanFuentes,2
jialei777,6
tiianprb0,2
talha7104,5
weirany,4
alexobw,7
fedor34,2
kucherenkodmitriy,5
mrgrupprr,2
TefoT4,5
nico1207,1
chiaramoretti,2
OlivineOverlord,1
whatworksglobal,3
localhost433,3
myuop2024,11
refu15,3
pbrown206,1
kenyelGarciaG5,3
anshushunov,5
koojh74,2
TykoDev,18
FIEF-nohell,2
HydraXdev,8
lanfeitiao,1
SkyH34D,6
Shortballer2,2
AbhijitBarui,6
junyuan-qi,2
samuelbirk,2
GeneralBorN,4
Korin123,1
monojsaha,6
tafadzwa-san,4
internetztube,6
dbdraganov93,19
cbrewitt,3
italo-cr,1
iLARI18,1
sdink,1
zacthegeni,3
salmonumbrella,8
SmugglerCode,2
R1chi33333,1
iamjoemccormick,1
lbadilla1970,18
drperfidious,2
rippermx1,5
Luchogator,2
AgustinBogado,3
mrppdex,3
abhaypsingh,3
brian980414,5
danjpark,6
fauzaanu,4
alistairhendersoninfo,5
xunxiing,1
100hpfvr,1
carsanmilcar,5
Stavrosch,6
RobLMartin,10
BartDeHert,1
sam-lippert,7
nourfahmy2003,4
frixaa,1
stuartw843,2
BhurkeSiddhesh,10
ADDiXzeus,1
cjt243,5
wcalderipe,1
IlyaBOT,1
rjain2470,6
CharlesPMD,3
MLegkovskis,1
ajhewitt,3
sanjay-si,5
hongmaohuang,6
BalloonChamp,6
Bissonho,1
carloscinelli,10
terkelg,1
MaximusDecimusMeridius,3
kwagjh,8
yunusdanabas,10
qiu-q,5
furukama,3
mindylab,2
ricktu288,2
ufarooq,1
andrewkolagit,1
flamingalien1,1
DPWS1226,2
SendChris,2
steebchen,16
u5f2094ee,1
duclongg9,17
chybertech-llc,1
keygern,2
stephendmalloy,3
Mani7TAM,14
Edonisdefs,1
StarGate3,3
hashmil,3
ExplodingCB,14
psylockeh,5
anxuanzi,5
Bograczxxx,2
CarlitosMh05,1
voidjump,4
Adda2003,2
jcgmU,5
cottoffeus,5
gfmmmm,1
Andrew-Sams,6
stignervik,3
jsdillon,1
jimmyorr,8
kandibobe,19
olweraltuve,2
Angus3141,1
amyliamartineau,1
zenzmax,2
bala-ceg,5
BetoIII,9
dltigynor46,1
rhysgreenslade1,3
konradsikorski,2
PROCLCGIT,3
Crokily,3
Hugolmh,6
rdtg94,2
xywei,3
Hossamgelila,1
pknull,12
matt-hughes-x,1
taimaruzen,1
1zhangdey,1
yasakmt,1
thirumoolartraining,1
jumc1998,12
denisyilmaz,2
druidOfCode,6
Max-Hughes,1
Manuel-Git-06,5
siner,4
NN41,8
aghil246,7
JonathanK-N,12
DJRuiz44,7
jithead,14
arunimasharma,2
hodorogandrei,4
Avyayalaya,7
maumaudonut,3
msbealo,1
Abse2001,7
mergd,4
Koviak,10
Alendor22,5
Azzzik,2
Bortus-AI,15
cleb,10
sirkkalap,5
esonde,2
AlexanderRoderickMODINI,1
SUPERTKY,3
MitchellHansen,6
utmishra,3
joedercoder,4
RayHollister,3
aramakikango,3
YuboZhao-2008,1
megamixminipreco,1
ahmedl9,1
ShoarW,1
ethanbsung,12
OliRose10,15
kkarumaa,12
mbap-dev,3
philrinaldi,4
Avirand00,2
KIGREVEN,1
Jimmyderg,2
radoone,2
lweikit,1
rice-mountain,1
qitpydev,2
ABHINAVVV13,4
ocristaldo,8
cheesejaguar,18
WhizzySimon,1
markmur90,1
TylerS54,8
chef-ryan,4
namusyaka,1
theboisyshow3,4
AKOPGit,2
aqibgtx,2
linventif,3
djuric,3
jubarthi,1
andreigrob,4
profmedservice,3
mbrown1837,2
RaaghavC,5
amanthanvi,1
PichuChen,4
PFedya8,2
Sheddy47,3
chiraggarg95,2
ghanithan,2
Wata369,1
Bafav,2
Ammar-Khamis,16
siraustin,6
dnakov,6
VoxelGuy,8
Wroud,25
Ido108,1
sheng1111,6
Mattsantos541,6
chamikavi,12
DJahvoe,1
ottsottsottskick1235,2
NiceSoyce,5
davlland,1
Prog-Mustafa,5
Jameswlepage,11
jswagbo,14
Giacomo92,5
joonhaim,30
mrthehavok,5
Audi0Ech0es,1
emilianod,1
DBKamar,1
mattv1vhm,13
aliosmangurbilek,6
ceezoom,1
deyvidoes,4
manu-dream,2
sdrdx4100,7
940smiley,12
lenin2001,1
raymanovg,3
ZeldaMaster501,1
Bakar12,2
giracros,3
mirichard,15
renzofp,2
tobi,3
frankjijf,2
chantrotinhoc,1
alnxi,8
dredavidOps,4
EllianEorwyn,21
laleworks,5
AHemmerShift,3
j00x,2
bobok0720,17
dsnahil,13
insominx,5
slashequip,16
justinhartfield,1
matthewadavid,9
Keschler,6
obviyus,3
MarcelFerrari,3
Jasperaj,1
davidgnzalez,7
jervenl,2
VastBlast,2
prasannavl,2
igobymatthew,4
TheHacER,12
AlexThyCoolest,10
Oussama-Bo1,4
Chakram091,4
EightRice,5
llLeco,2
dedsecowner23,2
furkanbakr1,1
ncteisen,6
RoanOpperman,4
Samchad1,6
Braden-sui,1
ErSulba,1
Spycner,2
mycodeschool-projecs,19
JSetup,1
usserj,1
AlanIsYourHomie,2
farimano,3
fdg2112,9
adamcleavey,4
jeffersonmonte,2
hellomagnus,6
circlemouth,8
OrcasJi,2
ryandeshon,1
nawaz1991,1
Gauravnit006,1
atomiczsec,3
futureSoftDev,6
vaegev,1
AbsoluteVirtueXI,1
rocketbombs,2
Makamaruchan5858,3
MaHaoxuantb,2
crazyplayer303,9
Kaydeewrld,1
i-jasmin,2
ZhihaoLiu-git,1
Morbey,11
shaikhmoin250,5
Zitoniseb,2
Kilobando,4
1980king,4
lisacek,1
Revens2,1
hudsonmiranda291,1
ranovoxo,6
carelesshangman,2
patnir411,4
Doogie201,15
sumihiran,2
rodrigoBaranda,4
AnasAlzahrani,1
joetvinson,1
zener007,2
granin,5
mightye5,4
Djordja,9
uwuhhhj,1
sagarteleo,1
waltersoto,2
VyacheslavShabashov,4
hootzluh,4
esafwan,2
caguirre88,11
mitchellmoss,3
flight505,4
Ferelse,1
shanto12,6
choijiani,4
zacry8,1
ben-digmann,7
wexyzYT,1
NikaKochiashvili,3
jpdrecourt,19
TrinhChung,22
Robertmezap,1
RDanMT,1
cloudishBenne,3
aipmramv,2
TimeLance89,1
ish-automation,2
Burgersim,7
emairelhd,1
lelandg,27
neuralbloom42,2
Shannnnw,4
nesdimuk,1
akmshasan,1
xuanvinh1997,2
wesleymoraes,9
heliojunior1,9
Mauricio7015,19
saysaysan,3
earth-sol,10
mohammaditor,2
Placksistemasconstrutivos,1
CBIEL8,4
hiroshinaka,2
tylaig,10
nanfengj,1
shahudahmed,5
AkselGlyholt,2
FireStrike-Labs,2
kamikaze-skynet,7
federollan,1
brunomoraes97,10
A-KaiZ,1
ctalau,5
Anon-Six,1
giladfrid009,6
rohitt-gupta,2
AlexKS150,2
FeryaelJustice,1
arachnegl,2
permaevidence,9
yourcharterguide,3
rsanchez124,1
jaw2floor,10
x0iv,2
Omar-Talbi,4
ridjao,1
Alishahed,3
SilverLogix,2
teddygood,2
yamadagenki,4
MiguelElGallo,3
kevin-huff,7
walkeram,9
ALegenda,1
vidhij9,1
janmeyjaysharma,1
shereen-hamato,4
aavainshtein,2
robinje,4
IsolatedSingularity,1
inforcad,3
Tim912,6
Arudchayan,1
Cyrox78,1
websitegoblin,1
mgomezbuceta,1
reitererfelix,1
Evinilson,1
MURlL0,1
Juxzi,10
zoharbabin,3
Ringo-yakuri,4
Programatrix,15
IvoLeist,8
cathy-he-awx,1
AL0U5H00,4
ztripez,2
Bulgore,11
gbelocchi,1
tinalasisi,2
Itachill,4
younwony,1
monrat,3
wkeysam,3
mucahitimre,4
dolfolife,3
coreytaylor211,1
aerocool307,1
araluce,1
Akhileshdandavati,2
rokiman33,12
dlatshaw2,6
nsssthlm,2
LepisevKalisey,8
rachaelsingleton,6
josafath597,4
BaylorBrangers,2
chuymaster,4
Agryos42,3
dhruv0000,1
yveskwameh,2
PranayaSinha,4
pobedria,5
edurdogamez30,3
bquast,1
pdameasap,15
rsaketh002,4
minipuft,1
DoMo-98,2
BlancoXD,3
QuentinAd,7
alexglue,10
shubhpanchal,3
izachstanford,6
andy88896,1
cocorobo74,3
panrc,3
therealtimex,1
StrippoliJules,1
mujuni88,1
pepe22bytr,8
mimethegap,1
GHDryanovski19,1
Kamyx001,2
stevyhacker,1
pri-kohei-yoshimura,2
YackobT,1
LPilic,2
daletalley,1
plgs2005,2
LearningBirdi1212,1
mukir,1
jaimetjr,1
MrTch0o,1
thiagoluisbecker,2
oscarinmm,1
bahaamohy,2
cnagarka,6
nguyencuonghut,7
BeLeap,7
ShlomoAlon,3
satak100,3
oohasikazuyuki,1
junhee1219,1
FunkyOwl-Net,4
WOWYLON,1
blade34242,11
Vincent-mutwiri,25
shahidbaig-shaik,2
Faqihyugos,3
tatatupi,4
joeljody77,2
Jellal-17,4
aldnoah93,7
Sonu78666,3
lexypaul13,1
felipedela1,6
vlad2580,9
RPGLE-Logic,2
Glawster,11
barryklipp,1
SuzukiDaishi,10
mohamedgamal323,5
coniglioconiglio,1
antflix,7
ryoma93,1
vrsystem33,2
ptalluru,5
Agroabaddon,17
RiqueAlvess,3
kumanday,7
salehelsayed,5
cmasten,10
saehoon0501,10
Apn0,1
Holt1310,5
nischalstha08,6
Zheludevaat,13
danielitodelaluz,3
KissOfTheVoid,1
VGuerra123,1
alamforser,4
h-otk,1
devince14,4
Mokky3,1
teacherhan,1
ryotashona,1
ROCCAN,1
brianbehm,10
edonath,1
brunneis,6
mrpresidentb,3
mryesss97,1
terranigmark,17
matthargett,1
LiquidSquidQuid,1
Edwseth,24
Hsmnasiri,4
ACOSTA-TW,2
TaughtMe,1
rodrigopolet,1
HassanYusuf1,6
SteffenHagdorn,1
be7at,2
Valonloni1,9
sooheilkrm,2
tspicer,3
Rakshith-ramureddy,2
TheGringo-ai,1
SiunKimm,1
alisen,5
m-puchala,1
pHequals7,2
planbnet,7
hankdaugherty,1
WinRafaelx,4
dmytrogajewski,7
alisherfw,4
PatrickEwald,5
Sulinowo,1
vbruiant,1
guillaumedebas,2
angelostefani,3
HASHT85,1
jordiipuig,2
robwills88,1
seansoreilly,6
mendikup,2
GoEddie,2
vlad-palii,7
hawoond,2
marcialwushu,4
kazirahm,3
Filimonov-Eremeyka,2
Dez-009,12
siraphob191,8
tooba29,2
4ian,6
flyingcat1004,3
Edgeyoucator,14
Deskearth,3
SH3FF,7
BorekSaheli,3
Mjons,1
Alexankharin,6
jkachhad,2
neongreen,6
g10z3r,4
Ybinout,1
PeedroPrado,2
ggaidelevicius,2
MatBonnin,5
Geipia,2
HCIMaker,1
gcao,7
leolesimple,4
Pendetot,7
williamz-homelight,3
ugurelveren,1
Ritwik11,3
RebSem,1
M10-Voxel,1
athphane,3
Naspleda,2
Alexqander,1
reberson-454578,1
Chris701117,1
yevheniivalkovskyi,6
ReaGemt,4
AfrifaEben7,1
prajyoth8,1
nievasdev,24
AnthonyLeGourrierec,5
kinnevo,1
Nikhil-wannabe,1
lane3434,7
CodexDread,3
TEBandCo,1
vladopard,3
lincolncpp,3
davilimabr,9
Camilocg35,6
ReapeRAlan,3
joelsrf,4
vestrigiovanni,1
minusthevoid,3
piizei,5
zd87pl,8
GeniusSIM,1
Phazzie,7
launchvalue,5
heldertoucas,21
roboticprocessauto,5
Mickelbil84,3
specialmedic,4
skynet-esp,3
guilhasn,1
JinMoriDann,1
aleksangelov1,5
foolbase-io,1
z0gg,6
Aneeks007,3
XperfectTR,1
yusufyzzc,2
JanisBurkhalter,1
SaiSriramKurapati,2
Karodar,1
ElWapoteDev,1
ddb0000,2
bscheetz,2
ElemarJR,2
kasherri,1
mohdradzee,1
fontanierh,2
AskAfter,7
timChang711,1
Codybeasley,1
odonnellmatt,1
bowens5,5
Chperry23,1
discohead,4
leonardodallagnol,1
binderju,2
malemos,4
minhkhoa23,4
AtheosYThomas,1
HiLowJack777,2
Remlagret-se,2
kaikunnnn,3
rbehal,3
MrNoNoNo,1
StefanLellwitz,3
Lostmonk-GPT,2
mohitpansari7,2
HeltonaJunior,3
AieatAssam,2
kye09,2
efr1tt,8
Rachid-m,4
Marco77-ops,7
B-Hartley,5
israteneda,2
twd38,3
cuonghv00,9
sumitra19jha,1
simrn69,34
davidatkadpro,27
luizfernando13,1
hiroaki-yamamoto,3
pedrorafaell82,2
xleshx,6
Sam-2357,2
JohnnyButtersfingers,16
lkraav,1
Hari-hara7,8
verlindb,1
dzp5103,2
PureWeen,1
Uhbyxer,2
paulyuk,5
Shinigami92,1
SiranjeviKrishnan,1
rajeshkanaka,1
AffanP2L,6
aishwaryabh,2
marksverdhei,3
pattonwebz,1
eyusufatik,1
kambam-9,6
romanlutz,1
Hamodyyy123,1
Be3751,1
anon987654321,2
nambak,1
riadghub,1
Vaiz,1
muzamil098,1
deryann,1
bayramog,1
devLucasEmiliano,1
aidilsaputrakirsan,1
coop-columb,2
louis-baguette,1
CosmicJesterX,1
Vinodrajbhar,1
stickerverse,2
TheTevea,3
qlqqs,1
brian7m3,1
ProNukerPython,1
emosong2003,1
Ogstra,1
D3K1D,2
Guruprasad1399,1
caiotarifa,1
yell0wfever92,2
remme23,2
Daklk23,5
ZgrK,1
steveandroulakis,4
rupesh3020,2
nesla12,1
nasch72kadse,4
KeisukeBaji92,2
pl018,2
echobi-io,3
arihant-ai,1
nazihous,5
Dancasino,4
dcdanko,6
chuxolatouz,2
bhatiarahul10,1
GenJess,1
Amartya-Roy,2
ming030890,2
MarquezGG,11
ArielAyala,1
Nyssaduke53,2
seanstone,1
KillianLEMAT,1
pmff95,3
atishp04,1
fadelbantan,4
ArmandoCH85,2
adam-paterson,1
Adzffs,1
dommccrea,1
gnsnghm,10
fukkachan08,6
tgisaturday,6
00Mars,6
sevenevesai,13
mblk,2
wonathanjong,4
AmelioMansour,10
codytroyer,1
gitupdates,1
DesignCorporation,1
JulinDutra,8
ImYuya,1
cesparza2022,1
Koooper,1
aaronsleepy,1
diblan,2
mpapy,3
KDONJS,2
coffeefuelbump,3
TechSnazzy,1
KREET27,3
Nevvulo,2
kosukepg13,2
bageshsingh,1
jasperfrontend,6
dlnraja,2
RicardoOliver,2
christopherdebeer,1
nikshev,6
matising,2
KruII,4
kurtulusarkan,4
Don-Victor-123,6
Acesonnall,4
manojappalla,1
Fbeunder,3
mortennordbye,3
ScherbakovMike,1
xwxwei,3
xiaolinpan,1
patofelting,19
aphexddb,6
christianmndk,3
ehtishamdot,9
kerozoli,2
AbhinawRatan,2
hs3180,19
AngeloGiacco,16
grzechu01,1
rananaruto,2
riteshkumar75x,1
emeiziying,21
Onesmuschege,3
Baigang0000,3
kroni66,2
cvgellhorn,27
Numi2,53
jbiddulph,25
kkfuri,1
suresh531991,2
gianniskotsas,1
adnhimself,4
wasdw1012,8
portrara,3
Yasin4161,5
mamunurrashid08,5
RobotAvi,69
IrobotA,1
deadlovepoetry,1
aidooonline,14
mertunsall,28
iamnirav,5
Duncan-Haywood,34
uxvikas,1
chuckieruuu29,5
mbulthuis,13
timodeez,4
DragAditya,11
hugotown,4
kelexine,3
rasdani,2
mattpocock,40
misaelabanto,1
Onnokh,1
jonathan-politzki,1
kadirakalindev,2
bresserr,7
kabii-mwangi,10
delleodeo,1
exfinancialltda,1
Keithlazer,2
a1lazydog,2
nik-dm,2
bysalih,1
shenyaoqiang45,3
kbambridge,2
Nico2603,2
Kolyok00,5
Ggyou96,4
Mohamedallam90,6
FrancescoSisti,1
04akvs,2
igor2000xp,1
mattsmith1991,1
KavumaHakim,1
ayushcoderindori,23
Fantcoder,1
Alsparter,3
zhiro178,106
jason-lee-x,2
Aditya746,2
Intellion-solutions,8
blopa,1
bufferings,16
mannt5,1
ethauber,2
colbyolby8,2
scnz313,10
skamensky,13
kiran-redhat,2
lxxme66-boop,15
ajinkyamanabh11,9
Uresha1106220,2
RiteshKhandelwal724,1
AswathM07,1
SethPaul,9
websupporter,8
mikeg0,2
robinboehm,6
Chicook,3
nerogabryel,2
miya123123,2
pdr9rc,13
Iabrego50,1
aldinokemal,14
gregpr07,3
LoLMusic1,5
BiMalxMe,4
zaghl0ul,4
chris-wei-17,5
zjrwtx,1
tclussoft,2
Tom-Shanks,31
ytmytm,3
andregabriel,1
CarySears,5
ShawnLXJ,1
pankajarora1984,14
wjb127,24
setyoadhiputro,2
HIMANSHIthakkar,1
eupston,1
denwaya34,1
tknrkb1970,2
gsganden,1
pushpak1300,7
JAVaFAPT2,2
samwillis,10
Ramesh01-code,1
kestko99,6
assem449,1
The-Trigger,4
divyanshu7711,2
dskehan,1
su7xon,1
Sammers21,2
hc-sousa,1
Kaienzz,5
Rohithvvs,1
yashshekhada,1
Shawnarun,1
jkmdale,18
manueles91,18
Hayden0930,3
ArnoldPieterse,8
breezesummer,1
A-wisnu,6
GDWizard00,1
Evian1k,5
bluemens,2
amirakm12,22
marinka09,1
SumitBishwakarma,1
Vighnesh368,2
nuhman6281,5
v3g42,24
arseniyvolkow,1
vcashwin,2
tama-monkey,1
evwooo,7
Justmalhar,25
wealipay,1
anmolxlight,2
IvanPirogov,8
TommyBez,16
jaismith,3
durdan,7
zhajiahe,1
dotNacer,1
graydelay,1
vikstrous,2
mattwoodco,6
lukasmoellerch,2
tomomo086,29
30wolf03,1
apptv109,3
klivio-ai,3
Tariqqijr,3
k0yote,5
austinemuangstubbs,11
wmoralesdev,10
topebawa,2
iHildy,4
patracy,1
RylanEqualsFetch,1
ibraheemmryyian,3
elpahani,1
Lopez-andres,1
SuzakuD,2
raivsn,1
Letago716,1
flyingsilverfin,3
hserranome,1
nanisaisampath,3
siddam01,1
MansiJagta,3
cnbhr,4
vovakirdan,9
Serakam-neha,2
starock,4
nineking424,2
SurajSivakumar07,3
PhilyaJke,2
florianbeisel,2
KuanyshBolat,1
fracapuano,1
sanatshah,5
degru82,1
kushalvachar2006,1
shyampatadia,2
aaydin-tr,1
brownjasonlee,6
mjuica93,1
Philipkilonzoke,1
ChuloIva,1
muditfr,1
paulgessinger,9
dnrgus1127,4
AnasPy1,1
sarperhorata,5
alibabadoufu,5
js603,2
mmeerrkkaa,1
VuIceTea,1
BizkitCake,4
utkarsh-patel-github,1
satthugon123,3
karistyapaicha,2
AbhijeetRaj646,3
4M5,3
nsvkmg,1
Alcatecable,14
flokiyf,1
szamanhmm,1
OkGeneraL,7
rohanh2,1
GoldMorry,4
ArchitectVS7,11
ryandao,2
K-Amor23,3
touchlighter,2
chottuthejimmy,2
vltansky,1
Kyona776,2
marclave,1
sajalkmr,2
akhil-232,2
leuteritz,1
KNIGHTABDO,2
AbdelrahmanTaymour,1
cuongday,1
bxw315-umd,1
hallvardnmbu,7
ggfincke,2
sudat,2
ahmedebrahem0,1
hongsw,6
mungai5411,3
kt199671,1
ahsanhabibakik,7
joeykraut,3
moinulmoin,1
huykg1112,4
k2xl,2
NicholasHutfilz,2
vikash1a,1
nithinrajjakkula,1
meastt,3
nitishkumar2027,1
susmitharajan,1
clinicsoftware,1
thenadev,4
RodriguesZxy,2
iamrajjoshi,4
mattleonard16,5
mohamedabakry,1
authx0,1
rohitpaulk,1
toposhaba,4
hkrishna42,2
ginobefun,4
mk2,3
dQw4w9WgXcQ,2
WilderYT,5
ronan-hilario96,1
jiang33371,1
ashtyn3,1
mohammedabdulmalek1978111,2
myzie,9
akorchyn,3
adamskikacper,1
dbough,1
Herbye7,1
moshrraf7,2
mrFavoslav,3
Nieb864,2
Mehboobiqbal-dev,2
Keeto1,1
zcroll,4
chen362,2
Akbarshoh404,1
walehbash,2
SamalehZen,1
irfan420x,4
creacominc,3
timofeic,2
NickIllini,3
kotlerohad,6
colesmcintosh,3
francescov1,1
argakiig,1
zeyarpaing,1
shingo8422,5
somatothing,4
smokeballdb,1
2006pritam,1
SrJordy,2
jasonpurdy4,1
paulinavolunge,11
sarnask89,2
KaustubhTrivedi,1
demiathxd12,2
Aish-47,1
georgialack,1
svobik7,3
AndrewBryce60,9
freeslugs,21
jmagar,8
AliiiBenn,2
zardoy,2
EpicSanDev,1
azeezkenny007,2
talha0113,1
Marcosfitzsimons,1
kaijohn-ad,11
kotacomid,18
dammy-projects,1
EliGrosman,8
bitepass,1
buildscraps,3
jaelyntan,1
william-mush,4
parcone,2
idlanyor,2
SVAdithya,1
mshardul11,5
ylxai,1
Teoiyoussoufa,1
sandeshmcom,3
manyamabhitha,1
soukhya-09,1
vinsonikekri,1
bgernd,1
heycalebszn,4
hardik88t,2
Teja-29-max,1
VictorAMM,1
plap9,2
chocobo244,1
carl-vdcs,2
ShaulAb,2
augustAbdullah1,2
jjddean,3
Sankalp200,2
Jakedismo,3
enzo-prism,1
wslyvh,1
nimao2007,3
saharmor,2
Sham4u2,1
Atharv921,1
bency,2
jaybuidl,1
imsiddharth812,1
iago-matos,1
deisylewis,2
georgevenven,2
Ofunrein,2
nikk2511,4
Mohamed-Guefaifia,1
radurogojanumai,1
alesanchezr,3
sssteveelam,4
k1a2t3h4,2
rainrain229,1
meindhoven,4
harshalbhangale,1
bhedabhupat,2
seiforesti,13
abhisekmazumdar,1
suhaskesarla,1
pratyagarwal,2
Saleem3bdo,1
koukibuu3,1
dainztexas,11
cesargdm,11
ayrlodeiros,2
AIWithShrey,3
jackalkahwati,16
kingkong066,1
ejbantz,1
ShivankSingh-7,1
Lokesh-17,4
rakeshbond009,1
aftersnow,4
Trijbs,6
markokraemer,8
Shamikanair63,1
zahip,3
Sahilgitlab,1
HaneeNayak31,3
Valorant-rocks,1
vkumar36000,4
Hanie-Bp,5
medbjaoui,1
onetwo346,4
minbgames,2
DockyDoe,1
clintonowusuansah12,2
sternbergm,1
Splitchy,1
yoshseven,3
Sandeepkaur511,5
ashmitrajgithub,3
Aimek9,1
rahul-deolikar,2
siddhesh1051,3
isaacmuchunu,1
NeatCode-Labs,1
modullar,7
bungandy,3
captain-corgi,3
jazztong,1
D3OXY,1
akramlam,1
levivilet,1
Fazal-e-Azeem0,1
adhamcharaf,6
coderelease,1
maxty9378,1
mhtool,1
omid1460,2
Zuwayr-Educative,3
Dharshini-Murugesan,2
Joself16,1
DivyarajMSeed,2
edikmkoyan,3
Abhayraj262,2
Vangoodusa,1
Lermatroid,1
talaria-02,2
myheaven700,1
vikram-katti,4
Surender-guda,1
drawal1,1
sujaipadmarajvs,1
cuilongsheng,1
CribbNicolas,1
rosscado,1
Muddssir44,1
J-Stoned,2
CharlieMc0,2
dxiaoqi,2
Mohrimz,3
Tuguldurbayarco,1
danlaudk,1
yekk-me,1
jayanth2212,1
rawraw1234-collab,1
Dhekshith4113,2
ramdafale,1
Ramrithik,1
gcagle911,9
Ruthravik,1
UjwalHM77,1
Js0308,1
NatATimeMaster,1
moises337,1
neo-jack,1
okk2023,1
DrZ199,2
sulfikkarpr,2
freshmoon,1
arlakh,2
akshaytalaviya,1
neuq2004,1
leogm1995,1
AnupamKothari,1
betovtkiwi,1
cephalization,1
AlokAtGit-dev,1
AllyMurray,1
Saulildo,2
codewithtamim,1
Muhammedrhml,1
cchieu,1
tanepiper,3
NanShengtEAM,1
dhanraj-r-1717,1
pabloferz,1
nerves76,1
zkbkb,3
sungcheolkim78,1
Avilezzz,3
kelimekcze,3
Craverush12,3
alphaalgo7,1
thibaudcolas,2
SahanaSreedhara,2
mpeddicord,1
gautamtayal1,3
julienbourdeau,1
justinbounds821,4
renant,5
vinceglb,1
LatinGeek,1
sampathdr,4
Jodd-Bamsyt,1
dmoody-randp,1
cafecterapia,1
lioneldg,2
Somaskandan931,2
shiopan-san,1
i28brendan,2
htuananh1,4
Sanjeeva2001,1
Peddireddy2002,1
guozhijian611,1
Luca1905,1
jdnichollsc,2
kirill-dev-pro,1
DorBlack,1
airmalik0,1
zoi-fferrer,1
coffeecookey,1
ipstoyanov20,3
dxswerxapee,6
DarshanCHMSR,1
yinxlLearning,2
tiagoyoko,1
deanable,2
mujassir,1
SirDamis,1
mathewlubin,2
Vxvxvhfhfh-hash,3
alexgshaw,3
usmanfauzi10,1
Oseni03,1
1udvig,1
naoya5,5
Denniskaninu,1
baranaytass,1
kelavikene,2
Flippigan,2
ebuka1017,1
ceccec,1
PiperGuy,1
mwczech,5
wzdavid,3
wassemashaik,5
developer-paradise,1
dusonijia,2
elementalcollision,2
Scarbrandt,1
Pythonen,1
erwannbtc,2
adaptunit,3
daleparr,1
OAlkatheeri,10
neotekltd,1
knownasjack,1
AjmalNawab,1
mlyaaaaa,1
manjc,1
Efesop,1
blasperez,2
asiifdev,1
24cs106Himanshu,2
we-z,1
MathVigallardo,1
Kirtan-lokadiya,1
SherseaHe,1
mchye,1
slava225,1
ehrithikreddy,1
0xRobin,1
YasinShaeri,2
aballiet,1
achchu93,1
shoaib1342009,1
klaus1017,1
boopathiraja455,3
nj10-prem,1
californiosmfg,4
mwufi,1
rmtsixq,1
marctorrelles,2
Shinyaigeek,1
claucondor,1
TakaOrtho,1
spoonnotfound,1
Michael1Peng,1
Dparida1,1
git-saaran,1
aqscithe,1
Eryc123Y,2
amheich,1
neeschit,1
fogway,1
Jaredabera,1
avtogost77-gif,5
SuryaSenthilkumar23,2
sammorgandev,3
Shalini101295,3
boldlybryan,1
Friendsofwah,4
stefanmiller1,1
behzadyaghoubi,1
GuatemalaCibersegura,1
vognxt,1
ashutoshdas1212,2
subhashjha2626,1
Japneets16,1
hcx185381,1
Ankurmehta014,1
inesp,1
tafolabi009,2
menosgrande00,2
roodra12345,4
nitodeco,4
mohit1988-N,1
platzendewunde,2
gcode25-cyber,3
ASBmd,1
Kirthika00,1
hclay116,1
Redthunder2,2
hweiguang,1
sleepysoong,2
jl1nie,2
Armigerous,1
ShreyaTyagi0XD,1
Dowk-install,1
nickstrad,1
mikewguo,1
daatt,1
obsxrver,7
pondorasti,1
annel0,6
Leado123,1
dfz121,2
Abdul0000,1
korubothurekha,1
hacker2024-hue,1
souravpalitrana,1
imranniaz,1
AuraHunter12,1
0809wy,1
SamerElhamdo,2
alex-enterprisenation,2
Batuhan4,1
Wizumz,2
paolo-migliaccio,2
AndGreen,1
albinobrokoli,2
nomideusz,1
purrfectstays,1
kishor-desarda,9
Truella,1
Teri-anric,7
flawnlawyer,1
aabine,1
Arceus18,1
Lumiereperfection65,2
Ellesdy,6
yRapha,1
baxtian3,1
kkrodith,2
sangus-alt,2
sethdrebitko,1
kbravh,7
imranshaik5,1
samzong,1
bosiewosie,1
ZeleMate,1
andrewmudge,1
AbdelrhmanSaid,4
jdblackstar,1
Brian1794,1
thejackluo,3
mikebranc,2
ashutoshmalvade,1
REFIRSER2,1
jappyjan,2
sneakeoneuc,1
liu-qingyuan,1
jblayter,1
SHAFIN-001,1
DEEkSHA31-24,5
irfanbehic,1
Mohamadali122,1
toruk-ai,1
rezaeedoctor180,2
vvishnuGIT,1
Yagorundy,1
lohanmangaka,1
Therealkingevis,1
RoeiGlamDev,1
rajaniitk,5
stunode,1
mipon21,1
Julien-G-Man,4
Grosso321,1
vikram-2101,1
a8921,1
Asksket,1
pi-dal,1
Mukunzi-123,1
HrutvicBiramane,1
agornyrah,3
lirbank,1
nicklas0110,1
derramasasho,1
Vignesh-2711,1
Yayi92,1
kopparthisanthosh001,1
griflin,1
thanush24-s,3
caleb-tinyeye,1
gersondi,1
MarekPietrak,1
aaronvg,3
TakumiBannai,1
tejnarayan,1
dtakamiya,2
linq84,7
guangxiangdebizi,1
bri-sha,1
alex-suprun-git,3
Pattinn1,1
luchesigui,3
Mayank-1029,1
out-of-energy,1
smallest87,1
Al-Aswany,1
d1pengh4,3
Fightarai,1
r0ny123,1
Andrea0xeth,1
supriyaasingh,1
TaylorsBar,3
miguel-nascimento,2
jeffrmorton,1
Nada-bkh,2
limjianhui789,2
kwonjae-2,1
wolfolegha2003,1
karancoder,1
AntoineArt,1
NeerajMokal,1
PBlanco,1
thedatajanitor,1
twitchard,4
HemantKumar822,2
grantiguess,1
soyfight1,1
UntalDaniel,1
ghaiiith,1
noahsmartin,2
Adarshktiwarii,1
cLLeB,3
dxcoaton,3
Elefai,1
turshugaming,2
Alireza1379-AI,1
jbunderwater,2
devcool20,1
ruwansi,1
riflan-orea,3
anudeep-kumar-beri,1
ltito311,1
kaokien,9
babamba04,4
yufisu,1
Jyoti-Kesarwani,1
thiraphit7,3
spoodyz,1
jesgueva,2
kaius13k,1
camelCasedAditya,1
loktiokl,1
kzmyvr,2
badhri17,1
alex-holovach,2
NguyenQuangHuy-Harry,1
betegon,1
teodonnelley,1
Acronite,1
hayefmajid,1
dndk715,1
dreamsprouts,2
dhandma,1
wineroses,1
srmlcn,1
Bhargava1111,1
te220618,1
Saurav-64,1
MrRegret,2
Sumit-Code45,1
MBHS-tech,1
wamaw123,2
antararaj,1
Englishbuild,2
stegasaur,1
chenzh,1
RajeshGhei1,1
JoseZhangSH,5
imsandeep1073,2
rasiras,1
goperdoor,2
timothystorm,1
olorunyomi97,1
jadejabapu8,2
TheLiloji,6
chebykinn,1
noursh26,1
EEGuiYi,2
kobslbj,2
zerotouch-naveed,1
BogieBogard,3
JudsonStevens,1
abhishekloiwal,1
Evans3310,1
DidelotK,1
timcreatedit,1
NSAexploit,1
dewsithmenuka,1
Irhaam32,2
priyanshuknown,1
manikantat693,1
mayankexpgit,1
LouisLanganay,1
realrajprasad,1
Amoeslund,2
Lucifer32604,1
ArjunSeeramsetty,2
VaibhaviM27,1
afeng12,4
afzaliali2002,1
UlisesHdzOne,1
Flamechargerr,1
maulanasdqn,1
ravikumar485,1
Ezekiel-Minjo,2
zxch3n,1
KennySisi,1
skwldwld,1
ilyvsc,1
AnbuCoder89,1
Believe-Bratt,2
RashiMakadia31,1
Yaswanth332,1
snork-alt,2
JUJUx1,1
KtodaZ,1
merve555,2
Naveengarhwal1,3
JordanCpp,2
MrBiscuit,1
DmccDantee,1
MeganLane29,3
jamilly-b,1
danthareja,2
thebristolsound,1
gupalenok,1
DigitalNest101,1
huzaifa172,2
nephisha,1
leesujjdjdfj,1
AmanKumarVerma11,1
duythai01,1
kamronnoriyev7,1
Rakshi18290,1
hemraju,1
bagasstr,1
nicolomugetti,1
PGSKING,1
rajeshceg3,3
kaparthi86,4
idncsk,3
thecybershark,1
itsmearbs,1
Sprayhero,1
VLAD959595,1
LIANG766,1
vipinrwt95,1
alextes,3
borgegb,1
assafnoahkoren,1
knowsuchagency,2
avineshwar,2
leanderstf,1
niharikakodvanti,1
demetrous,1
nate-schmidt,5
Boeing738ng,1
smit939,2
514Austerochristian,1
Al-QaTari,1
Hemkush,2
leonidaltman,1
avii273,1
Snikerso,1
a876691666,1
marcosfede,5
Momo123-svg,1
Kshitij-Jain99,4
ZoraZora59,1
mathnepo,1
anttituomola,1
tablero25,1
spacerumsfeld-code,1
robodone-ichinomiya,1
AmnesiaNUACHO,1
SapoConQueso,1
rostigerloeffel,1
Hastur0228,4
gmw72721,4
inciner8r,4
Jagbo,1
marcoby,1
abolfazl1372,1
mickelsonm,1
Mintesnoterstu,1
musicalcoderash,4
SomeshD1983,2
Fardeen802,8
anggiedimasta,2
Waqasho,1
smuggypusss,1
BRITANNIAFORGELTD,1
Tharathaep,1
Ehsan-Iqbal,1
Mvin8,1
coli-geonwoo,1
sudhakar-43,1
ag963,1
vivek-gofynd,1
KingOfMac,1
bdreyerr,1
Konstantin036,1
action1983,1
AbdulrahmanElshafie,1
RijuSaha-01,1
JoeBuildsStuff,6
TheerajSubhakaar,1
jaypatel,1
Asuka109,1
orsimhi,1
Gaurav-Jang,1
fhm6688,1
Malibu351,1
Bittuku85,3
nickilby,1
bjolasunkanmi,1
ctweney,1
rahulvellaturi,1
Sadik386,1
biserasavoska,1
axl84,1
AadidevRaizada,1
SaiPratyush,1
supritha-33,1
LDM010795,2
janraasch,1
dhanudsp9,1
AIssistVA,2
DassHari,1
Sofsavdo,1
ankit0103ec,1
amrhero911,1
w639,1
askeels89-cmyk,1
trendvideo,1
jshields-ca,1
perragradeen,1
heyyykk3,1
devin-ai-integration[bot],29746
joetabora,1
bbang-dduck,1
xiaojin-y,1
Haydarggy,1
whats91,1
3b391433,2
YEZH-NNE,1
ondrejvymetalik,1
syntaxnous,1
cilori,1
itzraiss,2
deadzzz1,1
Vinni7x,1
subnautixx,2
Gabriel1708a,2
rapidstartup,1
cd-yang,1
IcantCode1010,1
Fabi2019,1
Christ22-lab,2
kxshiii,1
Saheli-deb,1
skdec,1
JWahib,4
lenac-dash,1
pandeysuraj78,1
ChuDucThang,1
Shbdanang2004,1
Asmitha-297,1
dbbaskette,2
PaulAsjes,1
joshhu,1
TobiramaSan,1
war44yu,1
gronxb,1
kuntemandar,1
FunnyGuyLikeFamilyGuy,1
w-digital-agency,1
javigoncompte,1
anisanas1,3
HasanGoni,2
psg0009,1
Lucifxrd,1
jessy2027,1
yinshipeng,2
ahmedali200577,1
git102347501,1
malik-Usman0,1
maxrusk,1
itay354,1
neewaaneesh69,1
hule2010,2
affectionlu,2
ronakgandu,1
GauranshGupta006,1
amitai1997,6
keval0724,1
jayhack,1
Dileep99999i,1
naveen578-hub,1
YingLee29,1
willson1661,1
blacky40002,4
ProfLucas1914,1
Imperialapps,1
Poojakumari-git,1
gtaquino-automatelabs,1
zorguiala,3
infektyd,1
joopedroe,2
kjeevankumar,1
Mena-MG,1
MEGATSHAZREEZAINAL,1
jaoord,1
harriik,1
RodneyFerreir,1
mzubairsaleem,1
krishnamalharshinde,1
Lanx10,1
bdavis905,1
Androgen28,1
kuka36,1
ngieyew,2
MehmetAkifff,1
mworder2024,2
meanwaa,1
Crysicia,1
Marwen-Rabai,1
yangmiao1975,1
kldeepak,1
Pep-stack,1
caiodcamargo999,1
kleneway,2
AM4517UMOR4NG,1
steveoro,1
varshinikasireddy,1
Devang0002,1
nlenjibi,1
Ryonghan,1
aafil53,1
rkaelle,1
vincom-dev,1
Ashish200749,1
KyokoIshihara,1
giltorres14,2
Jeerav,1
seongwon030,1
ranit122,1
RoyeA,1
Binary-Li,1
SpaceX-ZCY,2
yhlee4428,1
tutangszxc,4
Kanan-2810,1
snmendoza,1
xWayfinder,1
intel19,1
BampyFaddi,1
worklocalinc,1
sunnao888,1
floriscornel,1
nurimece2244,1
haydenbleasel,1
Weidaicheng,2
sanyagouan,1
Anoop-Singh-Pratap,4
duisenbekovayan,1
Markizx,2
brandones,1
tommcalear,1
aleenapa2022,2
rithviknishad,1
HenriqueTecas,1
neeliadithyasai,1
tigpt,1
0haris0,1
vivek98710,1
k-darshil,1
mattywhitenz,1
w2233540467,1
Ripwords,1
ramil-bitrise,1
bhabajit12345,3
priyankamulchandani-commits,1
ElenaMoYu,1
agrana,1
JulietteMahafi,3
AmrKhaled1818,1
BernardoAlmeida1993,5
Joechandler86,1
PpAlvarezFIME,4
apokatomlyne,1
SG3659,1
BuNny267,1
Gwyrm,3
DylM0nster22,1
shuvadip2002,1
Rasco19801a,2
sannyii,7
athletiq-np,1
Pandre2425,1
btsinfo,2
siyeopyoon,1
yagiksk,1
vukosim,2
aFardi79,1
KaMiyatake,2
Panda-Program-Web,5
r1ft-h,2
kojidoi,2
LutzGaissmaier,3
zurbaran,4
Hedgehogcnm,1
Adam30313,1
feichai0017,3
Sozhan308,2
carlosguilhermeklein,3
juanda,1
letiimartin,6
swoiun,1
dal00,2
a2975667,3
OVHGERMANY,1
alexwilson,1
megimix,7
codedpro,18
jvcim,5
kou1-n,1
Cavalheiro-S,2
danillopneto,1
diegojmarketing,1
DeborahLimaa,1
Softis1237,4
majd-alhafi,2
Joel1186,2
rubengarciam,1
ajhunyady,10
roeintheglasses,9
alexander-sei,1
b1ack-j,1
Edumind-4,1
cmuench,1
yut0takagi,5
naoyoshi-kun,4
iAmNima,2
AllanDoval1,1
damax41is,2
gopireddyk,1
santiagojreigxcale,8
Desdeney,1
shimadakambei125,1
LuckyMC709,1
walkeralencar,14
Djcohnco,1
xtomini,1
lmaxsmith,2
ChanTsune,6
SRLib-hoby,1
csvlewis,1
isra17,1
SairamGundeboina019,1
deanztinio,1
Tardigrada777,1
Cwfike,1
joshdaws,8
wajdihh,2
SimonH2026,1
davidefolli93,2
limboy95,2
expertplus15,2
YuanpingSong,8
firexrwt,3
timschneider,3
CyberCzar01,6
ciberjhonny,1
gndx,2
hardy-tju,1
DmitriyKrasnyh,3
farrugiag,4
sahil30,1
loopzteam,3
shigeyou,2
blarphus,4
gatewaybuddy,3
Arnie016,5
malakhovks,4
TasmeerJamali,1
ubyte-source,5
Aditya-Jambale,1
treybertram06,2
richG-ops,1
mohd-azaan,3
Shubham-Stunner,4
Alfredo-Sandoval,3
dalia-jaber,5
cabrerajorgea,10
8abak,8
Abbabon,2
pourhadi,16
gtolontop,2
DarrenZhao01,4
grit-docs,6
augmentedthinker,1
yorkke12,1
YLi-263,2
byxblife,2
danieliser,3
ChaseC-130,3
Chtk-2,1
YasinKaratoprak,1
mtx26,13
melvinprince,3
jak,3
Enwakaez,5
Mohammad1384a,1
Jevvin,3
McGreger,4
bottaridennis,1
yevhenkviatkovskyi,1
chris5marsh,5
Devp00l,4
r0kten,3
mcornier,1
Valentino-Rospigliosi,2
NadineMansour,1
ferecci,4
flutessources,4
albertparlys,1
ryanlenihan,1
gerardjb,1
nitishkthakur,3
mrodriguez2812,1
originalRecipe1,5
mrsaifullah52,1
Mrwowow,1
brian-kehoe,1
aliycetin,1
killev,1
Paranjayy,1
d-kv,1
Tagliax79,1
jokouno,1
benji2789,1
AMKS123,8
AlirezaAlibolandi,1
andimendunia,3
Grixsep,1
dft5014,1
rajabit111,1
camronwilkins,1
MatillaCsif,5
Talgaon4,5
y-prudent,2
pickleton89,6
CodeByPeete,1
greendara,1
zdhoward,7
Vojavy,1
oneshot111222,1
kirka1206,1
enderwillsaveyou,8
Nkokubu,1
Jasmsingh,1
JeromeA,8
coblesol,7
akirakai,2
HWKKK,2
akhilsonga,1
jdsi23,3
Jacob-moon,1
sdey02,1
GFLQO,1
evansantos,1
AFarouk93,2
pie33000,1
wswaileh,1
Kiro13-rgb,1
mcquenji,8
reeze,1
Danial-Safaei,4
uakihir0,9
enverkorkmaz,1
EvanWu19,9
Fitahiana4,1
AntonioDoberti,6
fdorantesm,3
baldcodr,1
20justinc,2
mluckydream,1
Kbiema,1
swepden,1
Guss98,1
loukra,5
iammrbt,3
Patrik2205,1
letian0102,2
Pumarola,3
mark-artim,7
TinsleyDevers,4
llk010502,11
BlueConfetti,1
liemht23,5
darthspoosky,6
wilfierd,1
ghit2025,21
Juno445,14
firestrand,2
kobekapoor,1
naashmtp,1
maxzh1999tw,1
thedataking,2
fberbert,2
chaishah,1
Perez-Alvaro,9
optivoo2,3
michaelatalabi,1
shanmukhPunnam,1
LeonLuttenberger,4
Zectar7,1
frankjoshua,3
SteveBronder,1
Tilkin85,3
TerminallyLazy,3
sudough,1
mossy426-cdc,1
Belito74,1
puneetgani,4
Jets04022015,1
danvolchok,8
sidhantuthra,3
Magos-Errant,2
Vaidios,2
Kostya0banan666,1
Jsoalce7,7
jasperwreed,6
ivantancw,1
fatihreha,1
RaLa84,1
DanWarham,4
kneeson05,1
bobaoapae,2
elaboratebwtec,1
felipefelixarias,3
gautham-eswar,1
andywwright,3
Vikramansen,2
solo-seven,2
mrtopstep,1
zxc4174,1
samedelstein,7
Pacofaz,3
mathis-de-sousa-pro,10
Engelknecht,1
Saeyd-Jamal,1
lucidonlinenet,3
r82wei,3
rudyberends,2
Paramanza,2
WhaleTechie,1
liloramos4,1
jasset75,3
AjayCHiremath,1
jarmee,3
FredericoAndrade1000,1
sahil-sukhwani,1
louielove787,1
ERFANim,2
joakimeriksson,1
Krunal-125,1
PacioneAnthony,1
knaeckeKami,6
tsubasa-takano,2
eujintan,1
MertBaran,2
k-abai,4
ludovickNinja,11
kennysam11354,1
pedrov-dev,3
songtov,1
KodaCaleb,14
Sanoras1,20
waskosky,1
kmansur,2
maxweber,2
evil-nsapple,2
NathanielAH,1
Borro167,2
DillanAM,1
jasp402,10
calganaygun,1
Cybee45,3
iamdudumon,2
ArchAerialData,22
FiWaDK,8
jkatigb,20
dmux,3
Lord-Mo,1
Scribblepb,3
alexmp2602,1
thedeathtitan,3
minhdang0603,2
finn200102,7
Sudanie2,7
NivCohen90,9
philcantcode,3
FelixCoal,1
OmegaNetwork-source,1
crclark,1
laurenirick,2
nin65535,2
setzor,1
thepok,8
featherenvy,3
achamseddine,1
sirk123au,6
nicola10-art,1
marcosvinx,1
Gibson990,1
sanjuantala,2
at0m741,3
laielcosta,1
AAYUSHGAMBHIRFAANG,1
fj604,1
denchi,7
dmenilo1,1
joethompson1,3
BryanGM17,1
MaxwellOlliver,3
osullivan23,1
PopeNobody,1
kirill-no,1
justuseapen,2
huvers,5
danmaxis,5
jmccarthy,10
notExpectet,4
Mattmatt2211,4
RugvedMavidipalli,1
jimmy-academia,1
chrisluo5311,1
benehlert,4
Temberlane,1
sociedaddidactica,3
markus-baumgartner,5
rbl9,1
1240537-brunorodrigues,6
walter-mishra,1
timxor,1
Linkan4242,1
nccoopadmin,1
kgleader,1
Totimoshix,2
Auxilus,3
moadalmshirem,1
nikhilChandra1,1
Dariton4000,4
Jesusrz001,1
BenOverBich,1
lukecan,6
cem-do,1
adgreentea,2
coffeeNCommits,4
Vrdevil44,1
rexmolo,2
pevinskevin,1
Jonny-nova,7
artur-shlyapnikov,1
zfoong,1
aoshenye,1
emil-klochkov,2
jabali-jhonatan,1
FairoozRa,1
BLS-Architect,10
bardhh,3
dstuecken,4
Cal9233,2
obuchmann,3
kunzhang1989,1
lee-moss,4
MAMAOUTALIBE,3
coreyalejandro,5
HAAMZA7,2
bryjudy,1
planatscher,1
radardesign,1
Leapward-Koex,1
samhuang1216,1
GentiBaboon,5
mstapelberg,1
sparramore18,11
YumaIshikawa18,7
MichaelLi65535,4
wenkai-qin,2
AshiqSazid,22
leaflores1,1
PhillipTritz01,1
vitormiran,3
Southland-FR,25
victoriaarrete,4
etJ-sad,2
jookebawx,5
Seunghwan-You,2
selevk1978,1
rex-schilasky,3
sprjihoon,5
guasi18587278913,1
ariamehr,5
backnight,1
samueleguino97,1
ziares,3
Harly079,1
MahafalyRandriamiarisoa,4
tranch,2
vlidholt,4
Krzysztof-Sypula,2
martinchuia,2
virtualsujit,1
Aravindkrishna2010,1
thudm309,2
g-evgeniy,1
chiweic,2
Ronit26x,2
SudilHasitha,1
obriensystems,3
ksedgwic,1
DamarisDeng,1
davidan90,1
AndrejCernak,1
egem38,8
ThunkDeep,6
MerlinPerrotLegler,3
JosehpCR,14
var-bin,4
Th3Gold3nRainbow,1
rsypchenko,1
PavelSozonov,5
Metastaseis,2
kkkwakye,1
en-igma,2
shahabbahojb,1
Nativee21,4
Ntnelbaba,4
sethgagnon,1
whats2000,9
Thiamath,4
metelskiwiktor,4
mon8991,1
georgemblack,2
zhigang1992,1
luisaddm,1
Gabryel-lima,7
Eulmitron,13
Futurecollection,1
Dosin-Lee,1
LukasCec,1
ozdesburak,1
maheshtatiparthy,8
nesrinechaouani,1
Thidomsilva,4
ronicleyangelo,1
TASHINOV10,2
iamthen0ise,2
Whymeet,5
kioopi,2
Rusard,8
mwalczyk81,4
maniraja5599,1
bruceinpb,1
herbertondev,2
iypevarghese,1
felixwongong,5
GleiderCastro,1
jjbutler74,18
iradkot,1
lin0813you,3
EchoMosh,5
imaeakira,4
eteka,3
bcm-dd,2
Ayush-projects,1
DBVamsi,2
grimorio-fundation,4
repo-git,3
MohDaqqa,3
will-craig,1
Iron-mind,1
s1m0n3g,1
trepanation-pray,2
thiagoarvore,1
EugeneKiver,1
kevin1113-github,1
HamdKamal,1
imaquinua,3
rtzll,1
HawkeyNL,1
Lowky51,1
DavidKrstevski,1
xxOmen,1
sharkusmanch,1
RodolfoDavidAlvarez,1
ryanfitzpatrickio,9
fy5bc,2
AdrianoAbbOK,38
PimDeWitte,1
Vikneshwara-kumar,1
ryudokung,2
en-tropyc,1
SimonWaldherr,3
chandsethi,1
Mokujin94,2
zczhuang,1
aeribell,9
stemtazoo,13
hussein-soueidan,4
paulofranklins2,4
zhirafovod,2
DavideGioia,1
Lemonterminator,1
YusukeHirao,2
hassanredaa,3
Zhongyan0721,1
lucas-olv-xyz,3
Elguerrero11,7
julienhay,7
bravo1goingdark,1
Lucov,2
luccacondratiuk,1
BiocliqAI,4
tiulpin,1
vilellaj,1
Dioxeur,1
CodesOtakuYT,1
CarGDev,7
Indrajit1996,1
SIUL667766,1
pckennethma,1
last82,4
jkn1708,1
jjuniper-dev,1
loopmaster303,6
jw29247,1
mthcavalcante,1
Xenar01,4
enesyesil,1
GPGrieco,3
mikejs2001,1
Flobill,1
sairupesh36,2
markafitzgerald1,2
lukoshkin,1
Akerdogmus,5
deoncg88,1
IOTspecailist,5
JS-PD,2
marcoleg,1
wingsurfer,1
MohammadMohieddinAlkhayat,1
LeonMans,1
Turkevich91,3
abdelazizhashem,1
doterorgz,5
Krijnvl,1
v0iddev,1
PranavKai,7
behruz041,1
mtouloup,2
santigamo,1
estsauver,6
Alexander5F,1
IvanJosipovic,1
ralfcat,6
f0rmwk,1
coder123332,6
BiaHoi-BaChien,3
DuckDuck5000,3
amirdj95,10
charleszzhyy,1
spidernic,3
norinori545215,3
razvantirboaca,2
AleSilFer,1
juancarlosrodicio,1
tio-salamanca,1
mboiman,2
ccherdoctor-chiu,3
51n1au5k1,2
vihaangautam,1
moonsaint99,3
chanspick,6
tupchiienko,1
kafui2002,1
steevehusser,1
NateslPlayzzz,1
javiereguiluz,3
NicoSorren,4
grll,4
ak15,1
xuqian6078,2
SPRAGE,8
eva268,2
theopaul,1
JiinKim0102,1
GhostFaceInterface,4
Kodiman1402,11
willsf1862,5
nikmd1306,9
Deygerson-Mndz,1
shimo164,1
davidmp481,2
BlackCatz3,1
Tom-Ritense,2
ikbaldemirci,1
antoinebou12,1
mattyboolin,1
MijaelParedes,1
fuba,3
MafiAtUN,3
latecoffeebrews,1
canadiangodzila,4
junho429,1
neonfuzz,2
abb119,2
itzzpauu,1
julien731,4
annilla-sound,1
agladysh,9
eabend-goetel,3
orainic,3
anovijay,10
0ung,1
PullingStrings,2
Nyx-Off,1
terrylu930119,1
Manujpg,1
mdennis281,3
Genki0719,1
PushOk1546,2
Syn-McJ,3
deepbluedave,13
ajuarezc,1
franzenzenhofer,2
pichanez,3
williamkalogeropoulos,1
alifattah,5
AmamiyaRenO,2
animatek,2
Quentin-Jadoul,1
PabitraAzaz,1
vsubacius,1
MouseAndKeyboard,2
thekanon,4
xamerarpg,2
smerdis83,1
MelihSuissefocus,1
dadams-AU,1
fatihdisci,13
6nz,3
7thCode,3
sempaisquad,7
CristianRojas001,1
hugoguerrap,5
touch4645,1
sangmin0718,2
junwatanabe72,2
georgefikri,2
DrNightmare,3
farnulfo,1
benyzzz,3
aliyoop98,1
animesh2998,1
jinhyukkk,1
mehyaa,1
chekayufor,1
Rishikiran98,4
LevitCastro85,4
segalmc,1
mnichols,1
rvwest,4
dresnnn,9
lukerupolo,2
plusiam,6
RomainBenetiere,4
Napn117,1
cornerdusit,2
499602D2,3
BroCrows,5
MElearns2code,1
SlothDotEXE,1
XYoung1201,3
dl-ezo,1
manuthecoder,1
nicetrykiddo,1
Ransaka,1
cau-bot,2
MIKKELEFROST,4
TaioTech,2
LegatronX,1
rensor,1
jwang227457,1
scavengerDeeluxe,9
muhammad-luay,1
raeyh,5
patrickotoole,7
sharmasuraj0123,3
WCRUZ20,2
IgnacioBona,1
zeonjiho,4
huuep,1
Kvadratni,5
YannickBOYER,10
peterparkerdata,5
todobanners,1
chintzs,1
mishaherasimov,2
carmistak,1
bajor,2
divan-coder,1
VladislavSnytko,3
karthikmk007,2
MakerV5,3
Rhvision,1
ana-biscalchin,2
AlexBrDevPro,1
tarkhL,1
JSLWilfizz,3
NelsoATC,1
zach-bonner,1
OmariDC,2
mhuebert,1
Ligthning24,1
frankxai,9
e-limaa,1
pyLancelle,5
umarfarooqkhan06,3
liviz-lab,1
madjohn64,6
qGamerw,1
densom,2
trapadl,8
jlizancandela,4
jacoboalonsista33,1
hstmori,2
raihanewubd,1
luskluther,2
TelRich,1
manhha5842,1
vmaleev,1
monugeni,1
paulocastelo,2
vladmsnk,3
chrissyhroberts,1
spencerbug,1
hulkkii,2
qDeizer,1
Specter-MGS,1
adzarei,1
Alex7k,2
kaankutay07,1
lambersond,2
juang-10,1
leblij,1
kiminih,6
John-MiracleWorker,1
hoorangyee,1
thamizhelango,1
mecaloza,1
frodrigoalves,4
stanleymay20,1
contardi,1
Nakamiro,1
jinsujj,1
Hirai-Yudai,1
samder68,1
benamormed98,1
sattwyk,1
krishnashakula,1
pmleveque,1
watcharapon7574,1
Pramit823,1
Kwaku327,2
skorpp-art,1
fakuzatsu,1
Bruhadev45,2
biomphalaria,2
MeatMattress,4
johanngonzalez,4
Muriano,6
PatrikHagglund,8
naga3,2
fitushar,2
bastasie,1
miratcan,1
zytlee,4
Chatgptggma,1
sibajee-tacho,1
tonymeehan,4
namelessPersons,2
NickgotGitHub,7
aP0StAl,3
MoneyManOdey,1
SaveTheDave42,2
bautialadio13,2
PKTseng,1
6200279,7
fr08523,1
elTeketek,4
xarcraft-dev,1
anthony-nalini,1
iamcaye,1
brendan-donegan,2
bsamiee,2
kho-ja,1
mohakadd,1
alsenydiallo120,1
Trylobot,3
Lordvolcon,5
toperkov,4
chhoumann,1
Draass,1
fadein,1
kraag22,2
Prem95,1
GentBajko,2
asis5528,3
heyanming,2
pppwaw,1
mherkazandjian,1
gmraffo,4
gurpreetsaini,4
MarkF-hanze,1
yhorian,10
logerk46,5
philoow91,1
SparkCoderPixel,1
christianasmussenb,3
iFloneUEFN,1
beguilingcreative,5
TheOneBestAgent,3
philpaz,2
Jamal-dev,2
bemisteli,1
ropazo,4
rangercoder,1
obenjiro,3
KoourRp,1
zach2017,1
ankitsinghbisht,2
phanhuynh2606,2
Mathiasup,1
andelkocvjetkovic,2
Xylemo,1
nemtsov,2
Nazareka,6
thephilip,1
matthewelwell,1
k3ni0,7
mackysoft,2
BRWAD,1
Rohit-Chandra-007,3
Nikill,6
paulaibfe,2
arromaljj,2
MackJan,2
eserlxl,3
iuliaL,2
khaledmokhtar,1
John2TheG,3
Adin725,1
Kascald,2
ot-Kartoshka,1
damianote,1
vacarezzad,1
myconcretelab,1
jackasser,1
allanbenelli,3
Kethysb1,1
kn617,1
aliiqbal24,2
jmez87,1
TobyRogovsky,2
Dan-geeks,1
Segergren,2
AZ86-WEB,1
FabrizioDev,1
yosefther,5
CHOISC1208,4
PersonalSchule,1
Vonhio,1
synduadmin,2
ivisribeiro,1
harry-jooyoung-kim,2
onlyaungone,2
zzsaifzz,2
VINIMACEDO010,1
leocastr0ga,1
ufst-my,2
flockean,1
davincios,1
EmilPriala,1
Niansuh,1
beautechai,1
jonsheppard,1
mkidder97,2
Tondeptrai23,1
thromel,2
Szparaxd,1
chanana,1
m2048ws,1
TheWicketTK,4
alexruperez,1
Raubizar,3
danielvlr,1
ananba1985,1
Kenkooo,3
bytrustu,11
aBitSirius,1
rileyrustad,1
PhilinTv,7
oryxbleeding,1
radik097,1
ravenalaX8,1
tdpksingh,1
Maudfer,1
lsmith838322,1
zurgxx,1
hikahana,2
CosmonautJones,1
blair-ko,1
fatemeh-82ra,1
matias-a-m,1
SegaPro79,7
sorooty,2
maruluu,1
edwarsthat,2
mikko-kohtala,5
abdulwaheed18,4
Nickiller04,1
mauriciovargasmachado,1
Miiischwald,7
shubhwicked,5
SamBogstedt,1
NoahBohme,1
ratovia,10
angushaines,4
h4ck3rf4d3,1
jeff29922,6
pablo-albaladejo,14
gracikk-ds,6
osyoooo,4
mosherosen3,1
Elwii04,3
rajanrengasamy,1
Keisuke-sato,1
Hiddenpanda003,1
ujvaripeter,1
mateicanavra,39
Tobeker,5
sonnguyendata,1
prajwal-y,2
rohankumardubey,2
Skhendle,3
DarkHawk727,3
sssabet,1
vokhoa129,1
daknhh,2
Vergaraaa1,10
michelvieira,1
eitjuh,6
Osogun,5
LudoLobster,1
KianBahasadri,1
Juandivox,2
namhae,1
Wabri,7
SalmanAhsan97,1
brianzhan,2
thedavidmurray,2
yameryusuf,1
geekmedico,1
TBosak,3
jifeon,1
yrk7302,4
Fischherboot,2
lotas1,2
DanielAja,3
Thaholylemon,1
Solute666,4
declanecr,4
fadhilazz,1
boyebanj,1
aleksioprime,2
ToperGG228,1
AJGARAGE,2
sjperren,1
devshashwat,2
Sproglinho,2
EchlouchiALI,1
adrianskobiej,2
remillw,1
makrohard,1
lukedircks,3
Shunbrea,1
AkimboTheOne,2
Josekawa,1
maik25221,1
droogg,1
albixhafa,2
g0ld3ner,4
yesh00008,2
davodaslanifakor,4
waleedalnajar1997,1
lucasonchain,2
cganterh,3
Kenny-sw,2
Blazzcantara,1
felix-antonio-sl,11
patipanice,4
rishavanand,3
SandmansDreams,3
Prayforchicken,1
LeonardoX77,1
PhamVanHung412004,2
margiro,2
Hartandi,2
alireza382,1
sandeep2048,6
tocomi,2
Novatekfull,1
kleviskroni,1
bekkopapa,2
evertonalvess,8
SkyKaHub,3
9deok,1
tonytran29,1
pabloblazquez,1
ust3k,5
travissavard,1
chris-gc-s,10
yboroby,2
trigger737,1
siacavazzi,3
juniornjuinang12,3
jiwon-choi,1
ysk0423,3
AhmedEldakhakhnyXontel,2
subidriver03,6
Pelemotors,1
GigaBonde,1
iamadityavarma,1
thomasPVF,1
NeilsLauda,2
renoir7th,3
cinnabarhorse,7
mitras-git,2
MarvinPateau,2
BzlZavLed,1
markjulmar,6
brandonkluzek,5
zeblk,7
ax0rz0,2
XinyangHan,2
IAMRonHIT,3
michaelkennedyau,1
Shohei965,3
DRAGONUber,1
victorrobotxt,3
JohannRojas,1
louiskwoklf,1
pepijn-lens,3
herms14,1
ETHNHUNT,1
Laisbat,1
AnupaKulathunga,1
4xiomdev,2
br-to,1
rasoulnorouzi,2
abderahim-belamfadel,1
rishigohil,2
ibrayd,1
takoeight0821,3
hsiangjenli,1
GezPS,3
Tharindu1222,2
jbarcenaclic,4
alexschaafdesign,2
ductan2,3
alpinevm,2
RuthlessScout,1
havers0n,1
yaoyi92,1
xiufengliu,1
eneskoktas,3
dotcom84,1
uguraslan,2
alan707,3
DallagenXYZ,2
ToniTruant,1
Jplape,1
ShrishPremkrishna,1
tylersatre,1
entitet303,2
Edyrichards,8
manaswinik1,8
tsegaa,1
Abdelrhman272,3
ivanzinho09,3
YuryBos,1
vineethm1701,1
kaiqyoha,1
finety,2
EdwardTA92,7
neokrypt47,6
Ckilic123,1
zzh8829,2
yosshi4486,4
IgnacioSimone,1
saroel01,4
Padwalpankaj9,3
KarnYong,2
aphelionee,4
issaev,6
SergeyLavrentev,2
peopleofverso2,2
GosGuru,4
DIGZOPIAN,1
nitharsanbalanavaneethan,1
RockYYY888,1
MGosiak2137,2
robert-at-pretension-io,7
gagandeep90,1
rirozizo,4
ul1dev,4
jiesou,1
mpeng224,1
klose777,1
gwarrior01,1
pspeter3,2
joaoVittorDevv,2
3lveTDS,3
nikhilmulinti,3
JOTIBI,2
miniHaLe,3
IAteMyCats,1
crf0409,1
MayolDev,3
Ayoub-Errami,2
warningafk,3
WizzoUK2,1
simonbuerger,3
Cybersecsolution,1
Agusteando,7
egycondor,3
EuNll0,1
Iwonka1444,1
adubovik,2
leex279,1
caiotava,1
sainte96,1
fpcarbonem,6
Gartalgart,1
kernelwhisperer,2
ChaoUser01,1
Muhammad-Asif-1,1
diegodinizz,2
Tomadrago1,1
watayosi,6
Orshikh35,1
AlainBonneau,2
davekerber,1
hiimisaac,3
rohanashik,2
stata1991,1
ShoKuno5,2
trickhip,1
khaledHamidi,3
dgsh13,1
luisroza,5
AliSafi-GD,1
tarekshaar99,1
rato303,1
UmutOzkan77,1
wanglun7,3
art123shi,1
rigelsss,1
SteiniDavid,2
GabrielMarie,3
chau-hm,2
PaoloPiacenti,4
Bahaa-Ilyas,1
19jyun,1
SNikSY,2
howie-serious,5
jasonprado,3
riza6741,1
kanouituki,2
jarnoveldhuis,1
Quesadaseb,2
brunocapelao,1
Muntack,1
jd-chapman,1
mahendrakaintura,2
QQ0x,11
remoteaccount12,5
katatua,1
Jafelen,2
artursapek,3
cheri01,1
dai28-o,2
Arctizzz,1
sahmed-xby2,4
Teclit,1
jaynandu,1
GoldLettuce,1
jacobbergdahl,1
haibh-wanosoft,5
Gabriel-Lim,2
BlixDarkHorse,2
DiyorbekTursunov,1
Joseamica,1
SergeiBarracuda,2
orkolorko,1
ksngh,1
cmorales1986,1
Nago-Tech526,1
leidi3,1
thisshy,1
evangelosmeklis,7
CloudSeals-2025,2
nikitavoloboev,1
charlpcronje,1
cashhhhh,2
kpeter1994,1
raco1001,3
GeniLogic,1
Bieolzard,2
x0f5c3,2
CHiiii5640,1
alrakkk,1
angelasoler,2
Merlin3dd,1
SethRobinson,3
Sincedai1,1
Iesusej,1
Elmanu666,1
BandiuBand,1
heroaero-dev,3
NotAbdelrahmanelsayed,2
housam1983,2
dionpua,1
coldenate,2
Bobbyh93,1
FurrosInsanos7,2
UmeshSRandew,1
AlexChalenko,1
Shafiul23,1
KunalNN,1
jkrge,2
zombiebsas,1
chiora93,1
maxz101524,2
oiiovn,1
sunnyday0932,1
liubo-hebau,1
PandyaDarshit,3
jdoxey,1
prodigy4440,1
bruvini,15
DevSecNinja,1
waheedbolen,1
KarlLearnsAI,2
eugenekim90,1
dhyabi2,3
TalSerphos,5
amichai-bd,1
eugenechantk,3
MOHAMED1KHEIR,1
iakozlov,3
SONGS4RI,3
Ericksillo1,1
Oddscorp-AI,2
jubilgr8,3
Bekacru,4
fernandobritto,1
DioWang67,1
marvin-k3,4
kmosesdayanand,1
efetopbasli,1
Shopnil09,1
Vavutter,3
gaze9999,1
LaurencePaxtel,5
dnnaji,6
WindowsTV,1
Circuitnoise,2
yacnsdi0,7
SimonBless,1
ceifa,1
LuizPiccini,5
marmazon,1
ravishel,1
vierui,1
mbullington,3
dinopusceddu,2
scratch-nk,1
rakri,5
Sparksx,2
elvisoliveira,3
AnyKey-Nick,3
Pranshu00,1
blueCycle,1
jordanl17,1
jhkim-mzc,1
actec-andre,1
nicole-rappe,1
bisidrillo,1
yssambare12,3
felixhj,3
rickardo18,5
Nadav23AnT,2
bdvandenberg,4
sownik,1
modelistatistik,1
oramabo,1
le-bobbis,2
tim0bryan,1
Cybuniek,1
juanengml,1
Eng-Ahmed01,1
puertasman,1
RobertoRiveraT,1
gibranlp,1
azazgeekster,1
omererdemis,2
yassineelaa,1
gustavoV-doctor,2
alexpotv,1
andredosreis,2
robel-yemane,1
nikalasa1619,1
yuyaun,15
waylongo,1
ghorbelmanssour,1
c2phi-prof,2
ofey-w,1
YiakiGo,1
nicholas-28,2
josiasmoura2024,1
kmalhotra30,1
PedroPCardonaA,1
orangecoding,4
vms20591,5
kuailehaha,3
D00M1909,3
darlinho,1
bastianLisboa,1
jparklev,2
danmaps,2
yaikeda,1
mariacdadalt,1
autumn-ma,1
nikrr4000,3
Gallardo7761,1
androidacvtivity,2
Sebastian1011,2
giubib,1
paulian829,1
PLATFORM8,1
ZeroStudMuffin,1
lepela,1
Vongence,1
juanpagfe,4
bhayes67,1
mmtembu,10
MoirodG,1
NBLNBLNBL,2
volkanikiz,2
canaand22,1
SaintlyTony,5
Jurasz-Jan,9
reyfran,1
BixentEB,1
symmank,2
AL4K4Z4M,3
Auluo,1
ARINTERS000,1
rmrse,1
BahaCS,2
Ashaw34254,1
0xD4rky,1
s3dmm,2
macalbert,5
Beffel,1
Aszazel,4
dcolthorp,1
pparulski,1
Jonasz101,1
madsen42,1
clicat,1
Zifulan,2
wordingone,2
Ogonna1412,2
daklik,2
Factor1g,1
Pcs1276,3
etrizzz61,1
yoleft,1
jkendlercuriolis,2
idotamdot,3
Fawad-Ahmed,1
VishalMahato,1
TheAlanBirch,2
meta-light,2
keiwuley,1
ptak82,1
nilfarres,1
DH-LStudios,1
Luppole,1
ScarlettRosse,1
GopiReddy987,1
seandjones92,1
Tyluur,3
kalm7,3
zataraa,1
Soulinsights,2
rhask87062,2
Sonnels,1
Aputze,1
EdStart123,1
fernandomesquita,1
kyannik,1
edbourque0,1
yizhangchen-ai,1
varshaparthay,1
amelas-dev,1
Ali6x1000,2
samuelvisser,1
appleplectic,1
MarRoth93,13
BigDaddyAuzzie,1
DmytroBaikov,2
VitaliiCA,1
em0nti,5
pauldmurphy,2
ICyam-dev,1
DocHarry22,5
PhilHanly,1
sysradium,1
juanstan,1
shaneafsar,1
juanferfranco,1
SimonW1010,1
Calebcrim1,1
oddiz,1
TheIndianASI,2
enerzy17,1
furaizi,1
mgalore,1
sabaraz,1
Gabedf,1
yvillarreal,1
ZayedSultan123,1
patelsan,2
adominguez,4
97kuek,1
csiber,1
makigjuro,3
stephenspark,2
brogango,1
luisrb2012,1
shahrizalzz,1
davids598,1
buildsmart888,4
Scenaria,1
CKtheGhost,1
ebinej97,1
TZOOTZ,2
Galygious,2
IzaacLuo,3
MikeMorrison1996,3
Ja9vill,3
Joselu2099,1
dannygoldstein,2
ZARUJU,3
yoohooyoo,2
avinash040,2
mertcandanzz,4
Chermelin,1
lightningcell,5
Dylanweba,3
Alleyfoo,2
maguronotuna,1
bledarshala,1
AryanKumar02,1
wavesummit,5
kyjamies16,1
ClementLSW,1
MuhammadAthar85,2
levnach,1
AlicornIndustries,1
Iz-castro,1
Jashanpreet1234,3
brbousnguar,1
rivaed,1
24-20,1
rueetschli,3
ShyamBhagat2004,1
conico974,2
arisobel,4
Jon-edge,1
devBapi,1
crialabs,4
asante69,1
IrfanRa,6
DKatzlberger,2
Rx710,2
Kyoril,2
HustleAgain4Real,2
sknsk,1
Simonwafula,2
AlexanderRichey,2
shin4488,5
Alameen688,1
mberna13,1
renifit-copilot,2
tsukitsukiotsukimi,3
joargp,1
xXxxZikaxXxx,1
bogdannnnnnnn,3
pacoricci,9
Jasiel16,1
JNechaevsky,1
umauma-tanaka,1
yaooooooooooooooo,2
samkc97,1
MrRaccoon58,2
zluffyhz,1
diegolune,1
DiRaiks,1
Rapir-0,1
daveottley,3
bradabrams,1
NFliegel,2
Eduzakup,1
pabloluque14,5
jobaxle1,1
Patricio-Guerra,5
LucasABM,2
Digitalised-hash,2
lrosasmerqueo,1
kfirmessika,2
meffordh,2
Nehanth,1
huseyin-g,1
sagarvarma1,1
salsavalencia2000,1
C3PO-1,2
rishirsv,5
theorigensolutions,1
knivram,1
arslanazmat23,1
andcwsb,1
gustavoteixeirah,2
hassanhamza930,1
HepsonM,5
sbddesign,1
wabarca,2
FxAlSuwaidi,1
ksb0315,1
Rezamans00,1
mbeps,1
gokberkgunduzz,1
Marethy,4
jq-it-coding,1
pettman18,2
JIWOOK23,5
paddywills,1
cmevans5,4
Ruzaid-aman,1
hiendang7613,3
nkeilar,4
PaulCoughlin,1
SCServices,1
MaiaPaulo,1
Ethangp,1
achel-b8,1
carlovsk,5
shamad36,3
CRACKROT,1
abdellahai,1
arriqaaq,1
kiddersmxj,3
deepusharma,1
Bhuvneshn,1
carreraprogrammer,3
mecderos,1
tctinsama,2
blastframe,2
kristeehan,5
srikrishnaj2001,1
Justinodhiambo,1
jroyal,4
windwingwalker,1
krsilas,1
TomasThorv,1
carlosdoriapm,4
dotcal604,1
Sedulous-sedu,1
Khangvu345,3
ishitapatel02-coder,1
c-p-chou,2
lsjjong8,1
agustindt,3
takaki-maeda-99,1
ankannn10,1
AyhanEkici,1
lkic1625,1
oliveira-sh,1
JigarProjects,1
martinfelder,1
RaffaelSchaefer,1
tyson250,1
SamW7140,1
Vedanthsg,2
andregro,1
arikumo88,2
ngucho,1
joxerg,1
petermodzelewski,1
alissoncarneiro-comitt,4
S-takeuchi-web,1
fedlic,1
Edward-Sung-916,2
GururajPatil,1
Phrompong,1
MartenSchukkinkROC,2
mathiasfaure,3
keyroog,1
MrPinogris,3
Destroyed-Faith,1
Tsimech2000,1
welectronic,1
Aryandesai1,1
amdouni,1
camdlt,1
PedroAP91,3
HanHoupu,2
karuntej,3
talfee,1
httpdss,1
RaunakGengiti2725,6
bhamzademir,1
Pax110,2
regtable,2
rskjetlein,1
assislucian,5
snyderb-de,1
persolb,1
PatrickVM,1
najeem-codes,1
matheuspegorari,2
sombrevierge,1
Sepsad,1
wellersonfc,1
pokemonmaster67,2
regdevbev,2
s1krem,2
hegs,1
HenrikJStromberg,2
Blestblade,1
northcoastai,3
Ronuhz,1
slimmohamed,2
raphaelschefold,1
ZoMiGo,2
michaelc9,1
HinokYohannes,1
HRN-BK,9
ChatCrewai,1
tk-mie,6
camaleonica,3
xpyctumo,2
NorthSage,1
2undvierzig,2
IssacHK,1
TKluskens,1
fuadhasni,2
bmeker,1
Noums75,1
Geigerbuzz,1
rajshah0904,1
827aaron,1
vinrox10,3
JosuelMenezes,3
nken0219,1
DhanuLCM,1
dogxxxxx,1
julianhinz,1
sidmidccompany,2
zdburrage,3
leovewc,1
DDjohnson21,2
NODE2C,2
antares-programing,2
lcsmuller,2
emensah77,1
An65011065,2
markfxm,2
patrickaxinte,1
MohamedFekryyy,2
sarpgunuc,4
spencertse122,1
faytonn,1
bem92,1
stefania-solari,1
Albinht,2
robert-laws,1
derid149,1
subhan-f,1
Zikrulloh0405,1
Pykon26,1
DRCortess,1
Wheliver-Rivas,1
Maximilian-hrmn,2
raulgpereira,1
jakub-suliga,1
jmsbooth,1
gonnabehot,1
Yanni1212,1
stranda,2
yelang-moon,1
uwoobeat,1
Strumbe,5
MoshikEilon,2
williandevvv,4
hlhnguyen,1
aidandavis,3
aubejay22,1
justdani-22,1
NTheodoris,3
garciademarina,1
amartinezTG,1
lunamidori5,1
Yue0105Qiu,5
walkskysu,1
dmackey0,1
iXab3r,1
BatBorriss,2
stwilkie1,1
alialperak,1
NihatDurgun,1
gorkemcetinn,1
JonasKash,1
sbroadberry,1
king5tronk,1
faunify-project,1
a-rebets,3
luka-lta,1
inadome,1
wslgs,1
PeppersGhostRealm,3
andjames,3
KC1988-2080,2
Sferratore,3
seanchuatech,1
jaca2332,1
krewkrewkrew,1
SChaib77,1
mreisler8,1
JKoenen99,1
DmytroLysachenko,1
dennisdc16,1
philphils,1
ppedrord,3
abhven,2
Wery,4
FLAFI111,1
Ksionshek,1
aureat,1
ttrung03,1
Qwerasdzxc,1
krozgrov,2
EmranHn,1
Roosted7,1
brimell,1
deadbone,1
Perrixcode,2
p5149247263,1
MindaugasGrigal,1
spbsyahiid,3
tearsandflowers,3
fa8i,1
anqixu,1
YanSzuchmacher,1
kalinichenko88,1
haechojo,1
MultiWorldYT,1
Atlas1023,4
ano,2
Memilson,4
mutalex,3
canefe,1
GabeNaturesSeed,3
Mycomembranes,1
709881059,1
Skillfart,2
YukieKOGA,1
Qipu1220,1
max-mykhailenko,2
fedepo,1
Ingver1,1
ryanvilbrandt,3
piotguz,1
derekbmoore,1
efanfahmi19,1
camilomontenegro,1
michije,3
johndelmiro,2
nicelbk,1
hokbe,2
Aminsch,1
smartin101,2
doruksucuka,2
pracho11,1
Any006,1
johnny720802,1
rajinikanthvadla-ai,2
ImHackerGod,2
notyou61,2
tqk1,1
patrickd420,1
mehmetalisezgin,2
xbond007,1
japusta,3
narayan-khanna,1
rtargi,3
bautiallende,2
dsandua,2
yurirasch,2
deadlydud,3
DevCaress,1
Whos-John-Galt,1
kimjunny,1
YusKivrak,2
ryantotal,1
YumeTravelAssistant,1
JohannaJar,1
bullshag,3
Lutze69,2
DrfitAi,2
RaresKeY,2
cangelesluna,1
Micha040,1
hexmyn,3
gabrielmokke,1
akshitkrnagpal,1
OmriiB,1
DSantana988,1
aliliolek,3
Mamun-Rashid11,1
onwards-ai,2
shahaf5641,2
killoder,3
mariopenglee,1
AdiCoder33,1
Streptococcus-pyogenes,1
jz2ib,1
thamil33,2
stevemoser,4
ishanov004,6
eccsm,1
artemspark,1
yunusornek,2
crasch0283,6
Stepanvar,2
minhvip08,1
60770,1
avaddepalli,1
montaguepianos,4
JohnWickBK99,1
nikhilbedi,1
vickyyuan1417,1
zudsniper,4
fasca,1
nandhink,1
ndegoye,1
kkryon,4
camillebaronnet,1
Qtip8813,2
isaachuahy,1
Davidbuceoespana,1
yonderbread,1
qvkare,1
somebody32,1
adkah,1
vakesz,1
DrBoen,2
ilyes319,1
richardgmsz,3
onopod,2
aalosbeh,1
reuven1234,1
DeadNord,1
PakkiVamsi,1
baditaflorin,2
Prototyx5,2
Wazzaabi,1
PedroSilv4,6
nickhir,2
xGaleno,1
Ristmen,9
Satwik-Sinha,1
Logic42069,1
tbuscher,1
jimrubenstein,1
Kewz4,3
Thecoolwolf2017,2
twrgit7,1
DeusMS,1
mauro-castro-rojas,2
mredzmi,1
dan-s-mueller,1
al290063,1
metro98,1
RazvanRadu1991,1
arivero,1
Hondayo,1
sguistar,1
NejakyMarek,1
lijingchiu,3
yopisimoni,1
michaelangeloio,6
VLReddy1105,1
plaunie,2
jesago,1
tlcoke2,1
Xantibody,1
beska0013,3
francofl99,3
WeiyingZhao,1
vsabolotny,2
bongolegend,1
simonrestrepoautoamtions,1
breadles5,2
Mitch-Fogler,3
thalesfb,1
VanKerkhovenSimon,2
NancyJayne,1
zJeanx6,2
dvapan,1
kensakuaoki,2
ttson1001,1
jasperkraaijeveld,1
pedro-candido,2
Lazzarotto2,1
phederal,1
The-new-ben,1
Gitii,1
bangun0,3
DinggiDing,1
mstarrk,1
rajgoesout,1
NickyVHDP,1
andresz74,1
SSKITMan,1
quam13,1
dukeng96,2
mgoin,2
chrisean550,4
ParadoxIsCoding,2
BenLittle1,2
sudoWright,1
afonseca2501,1
Volynskyy,2
molotovmary,1
saurabhmishra608,2
tarunaravind01,1
varenst,1
dawidrzemek,2
MatthewCaseres,1
anthonykeevy,1
regiellis,1
Haakiiz,1
ded-furby,1
Pekea2k2,1
melvinmng,2
feelhzy,3
lakechandler,2
Crow2525-pp,1
cbdonohue,1
luizzpaullo,1
elponsho,1
mmustafaaslan,1
ademeure,1
julianzotter,1
JeCailloux,1
debtanum,3
ryan-hafen-525,2
AurionRodgerDiablo,4
liaoweiqiang-dao42,1
aymeejanssen,1
Dolp175,1
rovp,1
JoseVcf82,1
dkapil,1
spraharsh,1
MiguelKami,1
burkj99,1
bbisharkk,1
aleguiter09,1
ricardogr07,3
1AnkurSingh,1
martinmeinke,2
IamWill9,2
pgreen-ptrac,7
gnagamine2,2
mustafaoguzbaran,1
smarsha92,3
gurur26,1
Maxbueckmann,3
sparshsaxenain,1
Ibnulaziz,1
edusamaprojects,1
Apprimos12mg,1
MatiasCamba,1
Pawek39,2
WP-JacksonLin,1
afukaya,1
Murmeltie,1
arpitt07,1
ggb367,1
Clayton-McCormack,1
mchebbi,1
kylaokobah,1
kylecarbs,1
rastkosimic,1
Nish-Hub,1
danielhhdev,4
Bugzy1980,1
SamiSyed,1
Cauchy27,1
coutdev25,1
aslan067,1
sergeycherepanov,1
WolfBanner,2
Shwhat,1
Osvaldocaps04,1
davidacleon,1
AminGamer08,1
MrDonNguyen,2
BrendanoElTaco,1
celsiusqc,1
MartinMikkelsen,1
czpavsed,3
dipseth,1
kevinzhao-dev,1
Ali-Alghaithi,1
FrankSanta,1
melroyanthony,3
Forsetinn,1
AidanConstantine702,2
LA-248,2
gitedmond,1
hmallen,1
dnlsdn,2
inigo,4
ricorezultz,1
Shimmy,1
aleternis,2
ValorenceCLE,1
jtellecheaescala,1
sebalesca,4
arondeparon,2
iamlevis,1
MarekLewy12,1
tondangerza,3
muguira,5
Livonski,2
AllenLVieira,1
otaviom5,1
jurcapurca,1
reyesdiego,1
kaboomtheory,1
Nayatrei,1
matiascshaha,3
NaumSimi11,1
ram89toronto,1
bennyy126,1
yeniceirl,1
garrettnorden20,4
Hkgr,2
takattty,1
Pmurtra,1
BuckDaTruck,1
GraceDuquiza,3
Kaaslord,1
RetrixAlfariz,3
lreynos,1
nya-a-cat,4
fgibson104,1
yensari,1
LegacyLoop,4
novanoticia,1
lyndon80,1
tabbakka-developer,1
AndreaPerrelli,3
myh-st,1
interesting-guy,1
oandrz,1
Mosh-AI,2
ddlaws0n,1
lchoquel,4
nazrulahmed,1
dudu662011,1
janschaeferjohann,1
isingmodel,2
twinnytwin22,3
Ovrninthsnd,2
nirquant,2
outhead,1
MateoMesa13,1
liweiyi9893,1
GabriCajueiro,2
maazjamshaid123,1
0zzy-0sbourne,1
Dios999,1
Stojcheski,1
Qctsu,1
colin-bishop,3
dongjason,1
abdellahi5,1
chrismedinapy,1
jorge-martinez-gil,1
Ck-chege,1
Caitsey1,1
takpika,1
AlexKarpov98,2
quweryti,6
Najwanyusnianda,1
ikhlasx,2
D3m05n10,1
projectcaia,1
aliceferlan,1
mineshkumar,1
Mikropps,1
miketipps,1
maithil06,1
alifdanialnasri,1
abduays,1
WAFriend3416,1
cgreitens889,1
themrungruangkul,1
BennJett,1
pietercdevries,1
jpl4,2
CAH9487,2
chungweichung,1
KevinChoi05,1
Firelods,1
JuanSanz7,2
D-LiT-O,1
LukasScotty,1
saerom1,1
hudsonrj,4
EngMario97,1
reganmarshallymcasa,1
dutoitc,1
YassirSalama1,1
netatarin234,1
adquadir,1
EmanuelAV-GH,1
itsdkcode,1
Schtwiller,4
rafiuskes,5
mnbhsgw,1
mshoar2006,1
swchoi1997,6
OguzhanKalelioglu,1
giginet,2
Mimir-23,1
ilyassayh,1
GoldenElf58,4
BHARGAVATEJABORRA,6
VitoOresek,1
HenryJonathanC,1
JS0Nai,1
agilsan,1
WillyMaillot,1
ondryaso,1
insop,5
MatDev,1
yoavz,1
chenlichin,2
lexsf,1
tscherrie,3
petroffss,1
aurexav,1
mohammedarifh,1
Lucas8448,1
hasan-gundogdu,1
nepinepinepi,3
RulleFlemming,1
jtj8412,1
johannesWen,4
somdeepkundu,1
matbout,2
nathan9991,3
marie-stu,2
s977043,2
dan-sarich,2
bergrahm,2
gluckzhang,1
sschakravarty,2
Tzonerr,1
felipecortinas,1
LavoieSamuel-JDE,1
dinhvien04,1
dvgamerr,6
rohitkeshwani07,1
PoratEyal,1
withinboredom,1
yattishr,1
sig9,7
Bognair,1
emreiztekk,1
jjhoffstein,2
jomify,1
tesla2678LLM,4
subhammoda,1
Eternalhazed,1
ManuelVFiguerero,1
DavidSamir,1
GroverRamirez,1
rompom777,1
lguardia-gis,1
c3ng1z,1
ChinskiKaczynski,1
lando22,1
taiz,1
maximedrouhin,2
sonyddr6,1
Taleef7,1
Arakunido,1
becompwise,1
dankellyeng,3
tangent-tz,1
realnits,1
HenryNitrogen,1
enzo-mourany,1
Rahkehs,1
JiraXelH,2
anmarchenko,3
gatikash,1
denden-co,1
torjusb,1
Bolibek,1
talitore,1
vicmazzola,1
GagstyCommunity,2
matthewmcdowall,1
Cobr4173,1
cali-rocket,1
ihelfrich,1
robbyz99,1
gensgenup,1
OsmaRojas,1
ajbarga,1
iguilhermeluis,2
abdza,1
hashpotlia,2
Jcardif,1
KapilKadane,3
nick8787,1
1Divyansh,1
JIMTA22,1
Sagar1905,1
emr131,1
ALEXSTR19,2
roapple10,1
jjuliobit,1
BabyWaffles,1
SerCeMan,2
peterxcli,2
Ulpio,1
Equillibru,1
Vorist,1
tomasbb0,1
romero136148,1
vxguxrd,1
julia-coelho,2
abdulmujeebcs,1
pkul300381,2
Leen-svg,1
t-kalinowski,1
markpiller,1
Jackysi,1
kkattl,1
pityun,1
eskezje,4
emanueleielo,1
automaticc1,3
cSAS3,1
cyansunday,1
cosMo731,7
gcasa,1
sergeivolodin,1
JINGSONG1,2
1UnboundedSentience,1
sonkatalon,2
lucasnewman,2
Tuxliri,4
roblem28,2
LevyDeSales,3
gufett0,1
muratbaseren,8
KaiohTenchu,1
SimoneMarretta,1
yishaik,1
tim4320,1
munchkineatter,1
electropearl,1
Wafwaf1234,6
nbelenmunoz,4
wquinten,3
anasha-dot,4
chen-chao-wei,1
YashGargIND,2
tsentelieros,3
matthiasstephan,1
V4N1LLA,1
joetjacobs,1
elmayii,1
niall-h3,2
panneerss-hackathon,2
jvpoulos,8
nitishgarg26,2
julian1704-r,1
alplix,1
bedirhanklc61,1
xPapashi,1
DarKSanjan,1
Mohammed-Alazaar,1
scwf,1
coppynight,2
arun3676,2
NarcoNations,2
xLoadingx,1
WorkableDirector,1
edmaccarone,1
PEPE1107,1
Hotsnown,2
dalvarez06,1
PearConpany,1
paulmsmith,4
tzve,1
Schuchhardt,2
Austin523,1
crstian19,1
CiclickoDigital,1
janhenriklambrechts,1
ngxtm,1
kudo313,1
qaqeqe0,1
Thomasbsgr,1
ThierryMarchand,1
szewaiyuen6,1
marwanakeel,1
yasu551,1
klaustima,1
ichexernest,3
TheInteger95,1
minwoo-ohh,1
dahhou-ilyas,3
Blabbleu,1
sleddge,1
akashjatwa,2
buchi1988,2
Shankara393,1
Nachiket8K,1
tech299,1
nviettrieu1995,1
lightforgemedia,2
fareslaggoun7,1
Ranjitbehera0034,2
Julien-Devillars,1
Gabriellamperti,1
Leogusmao868,1
TheOnlyOne001,1
noFlowWater,1
Emes13,4
RoXsaita,1
johngroves,1
jkk808,1
tsagi2045,5
Hamelot,1
Ftozon,1
houssamlaghzil,1
tndkhoa,1
WeeenZh,1
edudti,1
ReflectionsYY,1
arielFFM,1
AdanUnitedFC,1
albarracinmiguel,1
Toroid153846,2
alex7r,2
bhawana07,1
hSabugo,1
S4syka,1
m-szymanska,3
SappieKonig,1
ck999kk,2
phamdinhquyet1998,2
minsung0430,1
EdanKroi,1
greg-dryke,3
babadudu,1
alexeykoren,1
juancgarza,1
asvcode,6
rekirky,1
Madman10K,1
whopark,1
xandervanparys,1
Harbut,1
raymondgh,1
butzlaff,2
baf10717,2
madmonyotam,4
mgarbanzo,1
jlaneo,1
elmandelacocina,1
evusler,1
Frisbon,1
andrewrazaly,1
kaysarsamy,1
aliyavuz85,1
hduddala,1
jasonl502,1
csstefan71,2
vasutenko26,1
aravjain63,1
Jiimboeq2,1
pbazylew,1
BitDevelop512,1
radarContacto,3
kamalmoon,1
parvchor,1
dendavidov-codex,9
raphaeltm,2
optimusfloyd,4
yossiwolfe,1
zxc8661,1
maglun-git,1
bchoi305,1
TonyQ7,3
adam-marszowski,1
craz,3
agentevals-pro3,3
nalbaeksoo,1
itsmesubham,1
gadocon,1
samhanel,1
DavidZhang-HT,3
Soumilbuilds,1
comajumper,1
dasbooter,1
arteeguz,2
SagarChalkboard,1
gdemerges,1
Jithin-Garapati,2
alexbas04,2
AbdulDavids,1
PhanindraParashar,1
pawianek82,1
malik-samad-rsio,1
moshtaqahmed,1
davebrong,1
cbharadwaja,1
nicand-dev,1
Abdullo200604,1
chocolate-brownie,1
dgfsdefgew,2
hugo-chilemme,1
Snakeoi,3
kameronbrooks,1
jerryvien,1
late7,1
mehuljindal18,1
mizzuddinr99,1
Arjra-git,1
LB-C2,1
d2verb,1
nicholasm,1
chronis-arcadia,1
Carloschacon2701,1
omid9h,1
Soodgit,1
RyanJCassidy,5
imthor,3
roundcubes,1
zmaibbs7,1
cantart,2
chesswithmihir,3
fgomescyber,1
atakankorkmaz,1
ai-wes,1
casavatar,1
edwinwee,2
serekbieluchaleczarny,1
ImDmmVargas,4
mouse76229,2
ShaydeNofziger,3
Basanth09,1
akilananb,1
suneetdungrani,1
Prudence-Wambui,1
apndatapl,2
gagxnpreet-singh,1
paultsogbe,2
Bunshin-v2,1
sachinpooojari,1
saoc90,1
hyunkyu-cpu,1
mitikov,4
shobhit-khandelwal,1
Halil-C137,1
D1scoDancer,1
svaghari70,1
nkit-chahal,1
MujtabaFar,2
Akansh1108,1
Ferra497,1
ihordiachenko,1
huwprosser,1
drinkcocoa,1
latitudetechnology,1
raysatterf,2
bsmith86dev,1
advtydv,2
JaMagik,2
tunnaduong,2
wmistborn,1
elkolegi,1
EcmaXp,1
canuner,1
rajthilak2124,1
RafailAndreou,1
chpollin,2
LostLegendarySoftware,2
dragor-radu,1
hsnozkan,1
MarcoAntonioOlguin,1
Tomignz,1
cj53189,1
jiayx,1
james-hanna,2
alanstuart,1
Wagner-Julian,1
victoralcavil1,1
pruthuvipraveen,1
luisbarrazajimeno,1
QvQ-Code,1
min3754,1
michalmielczynski,1
hamonso,1
OthmaneOubouseham,1
joelkemkeng,1
daryl2022dixon,1
passsy,5
Alexandrudiun,1
BlueCollarBoost,1
yusufinal1,1
BeLWeRPL,1
sakinwande,1
Th1nk7,2
yeawrongperson,1
msaharan,1
djalal,1
Dhrumil-Kotadia,1
MrTuyennn,1
jzhuhe,1
meniMaatuf,1
akhilchibber,1
mkelly,2
JCASTANO,3
Ginx172,1
keating666,1
bosticholdings093,1
erionnnnn,1
ashkanabasii,1
Snketiah,1
rameshkrishna,1
monfxx,3
litinkumar,2
Saleh-AlMaashari,1
Vaidas2022,1
planaday-nl,3
Thiendekaco,4
LynJohanLarsson,1
GenaVinokurov,1
dSantos18,4
MoShafaamry,1
akirchmeyer,3
00012122Cs,3
ShauryanDeb,2
MengXi47,1
scottcampbell25,3
SantiaGhou,1
tudorhoriadaniel,2
ograce1421,1
tardellirs,3
e-Rentav,1
Soyrenzoai,1
starlayeomanstaurus,1
touficy,1
oisee,1
AxsOne,1
mlwmlw,1
AlexToTheSun,1
saylenty,1
amenegatti1,1
aravindhnivas,1
jerseyzexi,1
p9anand,1
hotdrop,1
nemfogkifern,1
OdyGoundi,1
Homsi959,1
ergusto,1
goude,1
leopers,1
limaon,1
umgmarketing,2
Awesomepieman69,1
Nahuelluca20,1
TonyAbell,2
mfsilvatecnologia,1
DvigoyaL,1
capinure,2
greekhubs,1
DiegoGgarcia,1
ahnv,1
Hemmik,1
andyegli,1
franz65777,1
MattDa,2
Jumba,1
shoutgeorge1,1
ylf881011,1
gurikirat680,1
Dgn07,1
chetan,1
caglarsarikaya,1
berlanpa,1
SaniatAzam,1
HebderFonsecaGuerrero,1
DavisChang,1
NimaMohammadii,3
haizzten,1
omglazrgunpewpew,2
brewbar2016,1
Solvanar,1
bomirgasm,2
FinickySpider,1
chandima-d,3
peclayson,1
marlanamc,1
vlyzvhz,2
omrifahn,1
EngineerShawn,1
Irina-Na,2
Suparoek,1
atariki-haoa,2
kwakudavis,2
melemeng,3
josufh,2
jeanmayorga,2
acoppola16,2
bobbyxdevel-gh,1
HumbleHouse,1
davidverdu,4
stewartshea,2
kasperjunge,3
caiomferreira,1
carlucci001,1
Boatschool,1
MichaelPuhara,1
p-romeo,1
dzianisv,2
chiyoppy,1
Be29dbdff,2
CorentinCoulet,1
RaphiRActus,1
ssingh-ing,1
glkurkin,1
glh-henrique,1
willmil11,1
ChatGPTCentral,1
alanzang,1
Rushivarmora-gep,2
bjax13,1
qqnumber2,1
gedemcl,1
Neyt,1
anoop22,1
Zubayer204,1
weihuantsao,1
cjhutchi,1
JustMrE,1
mr-tanta,4
JackyeC,2
dterracino,3
ottosmiranda,1
yoohyunk,1
emiliogril,1
Aira167,1
atnychi,2
MazenLC,1
TickleThePanda,1
Svartfjell,1
whatroughbeast23,1
iandunham2,1
jedusort,1
schnid,2
pedrojovanuzzi,1
void-mckenzie,1
lunmunx,1
MohammadMerhi,1
antoinemichea,1
GLOUGLOUBANANE,1
kegao1995,1
LoenMathias,1
Kumar2022,1
executivefunk,1
mustafa1996omar,1
jpreyb,1
FaustinoNeto,1
ritchiero,1
Yoko5566,1
yuika-kawasaki,1
Debakel,1
inanzhi,1
Dave-Sherlock,1
imthe71,1
karter-duff,1
ankur143r,1
ze315,1
piopratama,2
scvija,1
jupiter318,1
soishi10201020,1
lee-carnevale,2
aaronsung,2
yashmouje,1
kashtakov,1
seanchatmangpt,7
itsmostafa,2
futoshi-futami,1
gonzajim,7
pietervp,2
nguyenviettung7691,1
raphaelluethy,2
karelvlk,1
jose-rZM,1
DanL1L,1
stephensander1161,1
aphethean1,1
SweetPete8st,1
PxL1337,1
luizera666,1
NickGr24,1
casonbash,2
hamiltonai,1
mcampourcy,1
eelledge1,1
Seno-collab,1
MatiasNahuel111,1
TwstdTwnk,1
webeone,1
WINDOWS-NIOR,1
icewall905,1
mariumtapal,1
johnexzy,1
galacticemu6408,1
aabirfan,1
basal-john,1
Crypto2099,1
NotLovedOne,1
justmepedro11lol,1
eghelbur,2
brien-devhub,2
quentez,3
sabaini,1
JanPodzimek,2
fredli74,2
tony-lizy,1
carlosabad79,1
rtk42,2
prabhasraju24,1
FacuLaion,1
p1modi,1
minaramez,1
jkreller,1
tvdelgado,1
Astel123457,1
curoda,1
maltezcr,1
ma21005,2
kespreux,1
FinleyJDev,1
himiyosh,2
castarrillo,1
wanjia01,1
DBA-Pro-Mir,1
Dhaifallahh,1
dmarma,1
bykadzu,1
binkyfishai,1
Lucky0000123,1
jamshidzar,1
gauthamkdileep,1
Zsanger34,1
shulila,1
Jdrag-KLLC,1
Mohammedalnamri1,1
poraape,1
bohamil,1
GustavoVidalA,1
flower1power,1
timnik82,4
vahansa,1
pallieterdries,1
peteciank,2
otaviozille,1
puppyhearts,1
rachel-hunter-smhs,1
singhianand23045,1
jayjay181818,2
Fanaart97,1
Noahhawkes,1
jsoqui,1
singhsaban,1
mikec2611,2
ARSolar,1
FraktalDeFiDAO,1
TheArtOfTheVoid,1
Rodiax,3
YeonsungJung,1
emrecanturgul,1
chicagorealtynow,1
ArthurBerbert-IFSC,1
rafaelsandroni,1
109naoki,1
sndypvtra,1
NQMP123,1
Alfred7111,1
rotem-blik,1
Nemf1s,2
2nPlusOne,1
tohachan,1
himanshubGS1,2
stevenabreu7,1
LuckyCanucky,1
AnamolZ,1
jduque1989,2
muhammedTayar,1
schie,1
gzg0612,1
MarkMaconnachie,1
Luzvader,1
vishalsachdev,1
daniloneto,4
victorHBT,1
behnamb2,1
yurigranado,2
ron-levi,2
tanuu5,1
IgorSAlencar,2
Unniks-here,2
AlexCerullo,1
charliepiper14,1
dpshepherd,3
HeydersHub,1
adizlotkin,1
boris-kz,1
prabhuk282717,1
quasar2333,1
Alejandrosd97,1
rsdmike,1
surajs52,1
noragoerlitz,2
sergivj,3
tujinrong,2
crosales7132326,1
amori1729,1
dequevedo,1
pavelnovel,1
ajjnet,1
MutumaIan,1
robobenjie,1
ddriver88,1
MichaeltheWise,1
songsterq,6
belriyad,2
RayanneFerraz,2
type-donghyun,1
JH-crypto25,1
ssadkov,1
jmcconnell04,1
timothe-hofmann,2
GabrielMacario,4
ifilipis,1
Rajesh-Ganesh,1
iamtruong03,2
EnergyPlayYT,1
BeingRitchie25,1
Whatop,1
yys9905,1
Ignas0089,2
Alessocoronado,1
marcosgilf,4
dwwoelfel,1
ithubworld25,1
fu-ko-lan,1
CIA132KVA,1
Darshyadav-github,4
mkhizeryounas,1
rayanforshat,1
GlumoFato,1
jmdak,1
HwMex0,4
MullerEsposito,1
eduardofesilva,2
woemler,1
mhmdhasnen,1
SeaSharpy,1
mrkiro,2
yaghofgm,1
gabrieulevi,1
dexvleads,1
wayneschuller,1
shawncutter,1
AleMoraesBr,1
Davidi18,1
Nayden30,1
russparks,2
robert-serban,1
Rodrigosmurf27,1
samantha-letourneau,1
CamilaAlves1,2
charlesginger,1
VictorFRCHD,1
jose-dom,1
paulosevero,2
shiyunliu-battery,1
abdiabbaz,1
Usukhuu604,1
JonierPachon,1
Protoxy22,1
vishal-keshav,1
Arnon-T,1
kramhuber,1
Dhaval2404,1
JereTardivo,1
greeenos,1
jfy9606,1
niya1123,1
sahinkod1,1
ethand91,1
JoshJonesNE,1
Maxigon87,1
jvinceller,1
jianxx,2
dersnyke,1
Zephyr596,1
ThisisLiuNan,1
skovdev,2
0ByteBlitz,1
luksow,1
earthstorm86,1
polts4,1
IsmKarim,1
Orol2,1
seyed-hassani,1
bastien8060,1
anpise,1
rafaelrojasmiliani,2
Andreastak86,1
TheSlimGeek,1
panchito05,1
ArthurDamasio,1
fidgetspinnerkid,2
Jess1320,1
fjakira,1
EkgariKasawala,1
luke-Uni,1
synscean,1
Paul16108,1
jefersonsilvaaraujo,1
thewolfparkcollective,1
adamrushuk,1
cyshi,1
kyunghoon-han,1
johnnysparks,2
Pruthvi-Boda,2
AlvaroMelo,1
gregpriday,1
kyosu-1,1
built-by-Beck,1
eda3,1
willianfariabatista,1
Niciu86,1
yasthilsingh,1
seantmalone,1
mtj0928,1
hrnicek,1
TeaDevers,1
bozi6,1
felixsittenauer,1
WesleyNaude,1
DumbSheep123,1
gidskids,1
DIYgod,1
chechuan,1
mkareshk,3
msm00,1
Nervus86,1
heedsabe,1
be4oo,1
pavit2000,1
PsYcO-Jass,1
The2ker,1
TanerMontaner,1
zfert514,2
dev-bernardofofg,1
brayker77,1
kregmi001,2
veeky-ai,1
Yeusepe,2
ig-impact,1
shlombrill,1
clazzeri88,1
VaibhubCodes,1
EverythingSings,1
StephaneBah,1
carlbjerry,1
harshithgowdakt,4
iChanee,2
m4r4k0s,1
mez-vulero,1
eZtaR1,1
aimeesophia,1
BiaAhmed,4
MichaelMishaev,1
Kao-Shuan,1
Alex-Rasen,2
OMGerEDU,1
Kyrylo-Bakumenko,1
BetterRepo,1
vikrammehta541,1
searavi,1
mas-iota,1
stephanbuys,1
saigirishpabbathi,1
y007at,1
Mamesoke,1
Aubermean,1
Porphyri0n,3
kikudai,1
jonathds,1
thinkerpot,1
wtrdavies,1
sivakumar07,1
masterspreciousangel,1
ddroghini-ics,1
pubgmobile1212332,1
vscarpenter,1
codeanddesign110,1
ajay3455,1
MerozyByAlex,1
Ayoub-DataScientist,3
deephathi,1
thefflyteam,1
iamshal,1
ADR1811,1
ateismossss,1
ggmen257,1
muckiseftle,1
yojihama24,1
Ruwan-Ranganath,2
runarp,2
vadym-boiko,1
Cruzypp,2
crysafe,1
mythat-cloud,1
mabosydney,1
Arwele,1
Stevey009,1
Rolandjg,1
Kunal0110,2
rajalahti,2
that-webdev-dude,1
Lutherpick,1
zeyuyuyu,1
asebast2,1
MAfarrag,1
Ser-AM,1
MANOJMASHATTI2,1
tibs245,1
kimeach,1
Llamarada735,2
Angshuman-Maity,1
samakshmehra,1
boilerrat,1
mohammad-kalbasi,1
jeffpeterson,2
mcrepi74,1
Adones2005,2
FrankCV12345,1
Niburume,1
mamahacx,1
dbdcode,1
Sbelgana,1
mehmetdoganins,1
ntnlabs,1
gabikir99,1
Jeli04,1
merkman9,1
San-canfra,1
shyakaster,1
SashaMed,1
zbigniew-malinowski,2
michel8195,4
hungtsou,1
JudgeJules,1
el-bedwehy,1
c-van2,1
stormxanbo1,1
geogod42,1
pstnpx,1
rony-13,2
rsprudencio,1
JackoSora,1
mmdmayi,1
steve-obrien,1
BBH-Jon,1
EValeriaAliagaTaborga,1
sartu01,1
tanishdragonemperor,1
BechirSellami,1
n00mkrad,1
saranshpagey,1
danny495,1
aristotelesquintanar,1
anoopadvaitha,1
MadrasLe,1
MenghourLao,1
robertodantasdecastro,3
EduardoDGuarilha,3
Keoxil,1
lipinsh,1
lrauch,1
yahiafarghaly,1
sparsharora15,1
Qnode20,1
olegaobini,1
Anupambbci79,1
Femlol1,1
yoniyir,1
Leksidechoice,1
yass-99,1
andycyang,1
andriiseledkov88,1
ortodandi,1
GiuFer,1
wdsbrolo,1
shubham-tomar,1
acmeproducts,1
ravigupta-art,1
onlyclxy,1
EMATEZETE,1
jonathanpostawka,1
Smalik1203,1
pmhellman,2
edwardayoub,1
alexanderlee10,1
Carson2026,1
M1rr0rb4all,1
enveribq-exe,1
miguel-fons,1
PrendJ,1
ShafHaider007,1
fedellen,1
max-macalupu,1
michalfuhrmann,1
dilsidhu13,1
aminemallek1612,1
42punisher42,1
RasmusLiltorp,2
Moharaki05,1
lgmoraes,1
v4l3r10,1
alexomantovanIA,1
Yassa777,1
dutzelu,1
junu1229,1
sattip,1
rafa17magalhaes,2
anantav,1
ekokodan,1
RobbBeahan,1
fettaS,1
bilal-elhasnaoui,1
Ashton94949,1
dannyolalla,2
YogeshSeeni,1
vanhuynhhungpro,1
imamdanisworo,1
tconceptt,1
filippotroiani,1
strangekid7822,1
tDavid93,1
RyoLUtw,1
engineer353535,1
czrps,1
KyleLin1991,1
DavidvDommelen,1
yuriy-tsarenko,1
le-loganevans,1
C-Shi-52,1
johnfb64,1
PanaGonzi,2
MatiasArriola,1
Orphey1974,1
HP486379,2
skasurck,1
0x1337Ahmed,3
bergice,1
MT-Blachetta,2
FomalhautBell,1
PimPoort,1
codexxxhost2024,1
prolonginc,1
Ahmi20,1
zarvent,2
cameloguilherme,1
tarabakz25,1
leguigou,1
buriedgod,1
flytanisha1mg,2
malinsundberg,1
dechadou,1
thomas0609,1
dkcodes2,1
neizvedaniydag,1
travisgerrard,1
Rcasanova25,1
namedotget,2
vjackl001,1
Bgz1988,1
r95222,1
Zaitun101,1
halyn41k,1
Tropiharvest,1
sidpalas,1
vtl10,1
wissamsalloum13,1
kohl00,1
Mzh008,2
shyamwl,2
MaximoPorretti,1
swar16,1
cotulars,1
CarlosMundim,1
gcasale,1
cotzo,1
AuroraCrimsonRose,1
TrollHeap,1
Mandar49,3
Ligongq,2
ptyagi9,2
arcchatgpt94,1
khan-linux,1
notchahm,1
NicceeYT,1
Pantagrueliste,1
iyzstudios,1
caljoseph,2
MarwanGhaben,1
jcbritton23,1
psydevascender,1
Fern-Gully,1
bitnik,1
anavasca,1
juliocaa,1
MrMcMicky,1
Leonardomiorim,1
kpister,1
alexfloripavieira,1
eponce92,1
NickHerrig,1
jeffsharris,1
ricardoamartinez,1
LoganEndreman,1
nathantkn,1
Alpha-ia-tecnologia,1
rahulraonatarajan,3
ShotaPro1515,1
pexus,2
danielshue,1
Frankyx1991,2
jennedy01,1
Metagrate-Developer,1
ron-arten,1
dave21-py,1
anshanaji,1
branchtar,1
MrMoo2000,1
romanov-km,1
BeWorral,1
harixhyadav,1
YinkaiYu,1
dewanandhika,1
HakobyanMher,2
vimota,2
iago-byte,1
PiotrBiela,1
federico-paolillo,1
skyruler,1
h-garrido,1
jujarazo,1
lewispoul,1
waseemabdalla122,1
AI-Users-Dev,1
ChuckFul,1
Somney,1
ArunMunagala7,1
devargmaster,1
jantoney,1
jacobragsdale,1
WadudSania,1
xhronos444,2
thomasantonakis,2
Cjpet461,1
SebastianTerra,2
smiechovsky,1
Ariel-FloresS,1
2b3d4f,1
ndg8743,1
kmf0822,1
rlawogus9985,1
floflo777,1
ramchitrala,1
jacmanh,1
shuaills,1
Damian5314,1
KauaCorreaArruda,1
starshipsevensamurai,1
Haldor77,2
maximelapaille,1
LuiggiMS,1
daafgo,1
AlexMasCode,1
dimasximik,1
alexanderk-2000,1
QwerATC,1
nipery228,1
MrFlou,1
NoamDelbari,1
josefko85,1
shanetrimbur,1
piyara99,1
rrodyz,1
Skelliga,2
pedroinacio11,1
SAlkanad,1
roopanvishnu,1
dongja12,1
tonyfresher,1
a-kh-0819,1
sushant607,1
KakadeDeep,1
arakonon,1
HelloDuongNha,2
JinyuanSun,1
adnan855570,1
Pratik18M,1
ingenlabsltd,1
igor-holt,1
kamanchi3,1
isaac4577,1
Qunovaganesh,1
dnagassar,1
MariaGuerraSappho,2
ememet,1
4ndrew,1
brooksdubois,1
dawood1-star,1
dustinskowronek,1
benvansteenbergen,1
svkvivek89,1
Wanderkarm,1
lamazorkinf,1
dragoshouse,1
AlexGomezPich,1
marcuscollard,1
brunorassat,3
buitrieu1998,4
OmegaGoodJob,1
ketkev,1
Ali-Chaghou,1
SamGuerzoni,1
x19af,1
0megas000,1
phiferch,1
Devaradas,1
Velascat,1
guptahardik,1
halfprice06,1
leepavelich,2
hatakeyama-kaizen,1
letmereviewyourcode,1
itbrok,2
plew99,1
shekhirin,1
afrkmnrc,1
andreasbvillumsen,1
ARMSolution,1
tigranwork,1
jobvink,1
DhruvSrikanth,1
johndephla,1
Gadgetwhir,1
amol-,1
bastelpingu,1
Drewslade,1
Gliany,1
bhanu591,1
maxilevi,1
saligrama,1
NicoaTheSix,1
galshi,1
albertove,1
gfrancodev,1
AliRizaAynaci,1
pblo97,1
rottnerin,1
Tux-cyber,1
zantilles972,1
NVV99,1
n24n24,1
f14ricardo,1
alex-salinas,1
den-dev97,1
oriva,1
erenayd58,1
Hamda24,1
edwardlu6,1
tuonoti2025,1
SamuelMauli,1
Armandolx,1
realyussel,1
Unknown-mfd,1
webnovaia,1
JavierPonzo,1
kizashix,1
agbutt,2
rahulgaur11,1
Angad-b,1
christianvalencia27,1
Panjx2,1
kanonundgigue,3
kimmydotzip,1
berabhishek,1
Imziyasser00,1
fabiodorazio,1
noname3222,1
simpleospresident,1
stefanmaston,1
kkondaurov,1
FedericoCaimi,1
davilucas098,2
Takor0,1
K-Dongyoung,1
Grokent,1
zenmediasocial,1
smilne36,1
benahm,2
rezaostadi,1
FedeSpeltini,1
Ecaron76,2
CLY89,1
J03Fr0st,1
saikchanRPA,1
JakWdo,1
theobouwman,1
srtab,1
zaczilla,1
Rasinj,1
DennisSanntos,1
H-Wol,1
yitzshapiro,1
tomacox74,1
DivyamArora22,2
Xvalou06,1
Baibai-YIYI,1
SWWS97,1
hirovj,1
cs19d502,1
thiba93,1
msa7-dev,1
santoshivenkata2,1
qqKD,1
krishnaansh,1
farinojoshua,2
triplegarycodes,2
mustofa-kamal,1
doricardo,1
MntRushmore,1
JoaoNicastro,1
theoaektsis1,1
rishabh-ml,1
0x64RT,1
TahaJuventino,1
twz123,1
arjunanil-td,1
sagsooz,1
kishxnpatel,1
ZaowenChen,1
pedrofranceschi,1
j4mie,2
abalu84,1
joseprendergast,1
ShawSumma,1
julandd2009,1
karpatan,1
muratclkdev,1
MikaeI,2
yuno0624,1
Ungvando,1
spikkie,1
mottox2,1
sonyakbeci,1
luisdaglez82,2
rdevps,1
avitans,1
itstony-k,1
SrDavidC,2
AustinPreston,1
lillybaba1,2
khannz,1
jeffturcotte,1
aandrieiev,1
verleneencinas,1
progitto,1
georgi-dimov-781,1
pong-pk007,1
ankuldaga,1
Ifeoluwakolopin,1
Jman-Github,1
paxiitdevteam,1
barishizm,1
LeonelVasquezP,1
Yung-Chih-Lo,1
OutF2001,1
SterlingApex,1
mohitchunduri,1
zigam,1
AakashBhelkar,1
leonardorodriguesds,1
wbazin25,1
Matuzas77,1
Banjo2024,1
jkeltner,1
LukaGiorgadze,1
gnoparus,2
jeremyje1,1
rverma-botcrew,1
not2technical,1
marcomd,1
wuuanito,1
dvdkroft,1
anthozb3x,1
JuniorDaliessi,3
Crotoconlaptop,1
dmitriikotov01,1
Fabianvminotti,1
NabaHassan,1
Danz17,1
rakhee2608,1
MRGRD56,1
duongthaikiet,1
NathanP23,1
Fnassaf,1
aoumasayuki,1
carlw0194,1
AgriTechLLC,1
raven2t2,1
John-Belalcazar,1
paulhale70,1
Vprashant,1
zeyuyang42,1
gus-bn,1
i-anuragmishra,1
walkbird,1
Vitor-Cabrera,1
onurcangnc,1
Yayomax,1
daehee1018,1
eddybazzz,1
alfaix,1
bipolarrr,1
JT-xr,1
EhsanCyberSec,1
RezaeiAl,1
GoldenDeo,3
zaakata,1
CarlosMejiaCastelo,1
miguelseguragit,1
Matthew-Rockhill,2
Akash227788,1
geo736,1
liujch1998,1
thadio,1
umarmk,2
sochoav8a,1
MarsDoge,1
rechenberger,1
Hexvg0n,1
Dennis-J-Carroll,1
the-eugen,2
marius-korchia,1
viktor111,2
iCodeForBananas,1
Ubilov,1
ShneurNovack,1
denniske,1
D3c0de-a11y,2
DantePuglisi,1
ellyse12,1
jmajerus,1
joshdean97,1
youminkim,2
botian-li,1
Jching83,1
nik-training,1
1norahc,1
OzzSykes,1
karim-kfa,1
utis82,1
clintonasoh,1
Nether403,1
ndethe,1
griffin9899,1
mdidech,2
RadioRaider,1
alessandrobologna,1
syoin2016,1
dpittaluga76,1
Adotel15,1
Freeteam81,1
srinivasansaravanamuthu,1
kiketo2020,1
lemmhub,1
Redwolfer,1
evnsnclr,1
CyberChickZ,1
JakeYuraszeck,1
nik-popov,1
laurenjack,1
OsbornVentures,1
Ra13s,1
stfgrz,1
mrJSK,1
wimva,1
lostdev-oli,2
gustavogugaum,1
nbergeland,1
sahandset,1
priospino,1
DynamicCast682,1
zeusvlun,1
izzyzs,1
lucashutyler,2
ibrahimhrr,1
bharath-gp,1
rachitb777,1
sfxhewitt,1
olcayaak,1
ksabogal,1
TheusN,1
adgranados,1
hyperdrive00,1
djduecaster,1
oseiaspereira88,1
EliaCinti,1
Watso94,1
GreenHouse007,1
ethever,1
viniciusxpb,1
dsaraf-hub,1
katsuki-a,1
nitinacharekar,1
eBitenergy,1
kokilopezjimenez,1
theAryaveer,1
LasseEmil,1
bajtz,2
tobiager,1
rzrcrsaii,1
cybershop46-us,1
AEon-Jan,2
arashtabaa,1
Amrkurdi202,1
NicolasPennie,1
kelscahill,1
Fomod,1
JDJameDavid,1
krabhishek8260,1
Shinederu,1
Ajundi-M,1
luis2307,1
hardbyte,1
potapovdp,1
abdulelahragih,1
4t0m15,1
sanderpick,1
kevintongg,1
lukabis,1
med-edu-science,1
matulef,1
Clayboy1111,1
duropiri,1
Searchgio,1
ZHUYUFAN3-33,1
Rliop913,1
BMPixel,1
benjabaza1,1
loctime,1
Daniel-J-Mueller,329
costasford,124
onedot9191,208
GD297,3
VillePajala,212
konzjulianprivat,113
adrianwedd,2104
turdjali,2092
FelixFahne,65
nicetpad2,415
alexanderthclark,143
r-huijts,32
Tatsuki-Choki,5
antoinekaboome,13
jrkropp,480
bartversluijs,2
jannegpriv,1
cliffmu,63
fpediconi,5
lanstalor,17
BenGothard,372
mjthree,27
Radilovk,1066
mkamalismail,4
nodadyoushutup,44
streamlinecoreinitiative,174
ianwagner,1459
Flaxx99,11
RealTreasury,984
dave1010,107
adoumbia97,49
gianpolo,54
Hugo9809,282
winhowes,402
mattsq,708
jessautogarage,1
Drakokorian,63
mjy9088,28
gsmatheus,135
QuantumPickleJar,22
savagesssss,1
Daniel451,7
MoeThet20,4
Vadergit,21
bdatascience,15
yk35,8
thaden0,6
ayushanshul07,2
Jorgedehaz,4
TotalTactiles,178
wooferOS,677
Andrejchrcek,5
Mycoearthdome,260
tensorusai,233
amirhossein1376,3
hugomslv,17
rileyghee17,1
softmarshmallow,23
novogrammer,33
in-gain,17
Monarch34,24
Plugnplaytv,38
mschachner,134
jasubal,3
dongpham-tma,1
lukashondrich,35
leitolarreta,45
snoopyeom,130
revenuelabs2025,40
adityapandey3,1
weathon,5
Auroch,4
Ktyby21,2
GraceGuideAI,77
akshaydeo,11
arpandesai,2
bloodemerald,3
HarshitP147,2
ahmadW74,77
Huy1234secret,347
gs1780,97
sudhir1041,19
esv25,193
kurtbrose,154
dqswordman,17
pipjoy,36
Pakal72,76
bullenb,54
redTunaMaguro,5
Denwid,4
iamatimnl,322
musicarroll,65
theoramos1,112
Y-Kilic,105
mrgooty,11
thesavant42,812
abhinavsrinivasan,2
cmorett,176
Xingchen-xin,14
twobob,32
mkanpa-git,254
DavidJmsn,64
erickramer,49
jhull123,50
gpontespc,6
equinoxial2,7
actabi,120
diegomrodrigues2,549
Xerogeiger,74
The-w0rst,184
CCoxLanternPines,58
smkbhd2018,26
kartiksharma14,10
muratturan19,955
ryanyv,90
rafalohaki,597
JustSadSock,337
Clamours88,10
fahertym,753
uxtq-1,113
zemerov,12
watsonpaul80,570
arbone,96
ipepio,10
noaweiss1,10
Sarec21,74
NapoII,1
man-vu,87
corentinsolal123,3
PawelWielga,344
joaqLe,76
MahouSenseii,67
dt2patel,29
sfcdsfcd,68
ThallesCanela,577
Luxcium,95
LazerVV,12
RustySnipers,26
GuiBondi,1
nofi-sys,103
franklinbaldo,152
jeelojacko,497
captainplanet9000,6
NicolaEdward,153
SomewhatJustin,1
KKcorps,23
KyryloTaher,52
seclution,234
jaidencode,331
shaunandrews,23
Elian-Abrao,29
sjaquer,137
Csp-Ai,541
ToniKroosome,27
ughstudios,162
Adam-R-Lawrence,62
mikey1384,4
dannyisbad,49
smtrdev,14
fgrunerme,83
Netherman2440,1
bentossell,34
philsippl,1
StevenJUlbrich,16
Alisa-Novik,49
xoba,8
vikvo11,10
adriantukendorf,2
Patricdb,69
Renvulf,321
Turiedmonds,109
VitaIll,1
sorimachi17,57
yueplush,200
rvdvyver,35
bg-git,93
hoiku,18
sanzuisann,43
Rob9999,154
huangsen365,19
Pxrzival,4
Migaalee,1
ArisAlt,95
Saitoshii,77
MaxK789,156
ryanadamczyk,14
CyberMaciej,2
solresol,336
shinertx,212
swnsma,4
bwerff,76
phil-pk-hobbies,115
DrSm-bot,1
daveey,46
Manuufarina,78
MeltingTitanium,243
Leandromoff,106
norlis,1
kjanat,114
tarstars,94
chetanya1998,1
srinivasa09,2
dragonzzuny,3
Bonapatt,10
numberforty,90
mwotton,34
recepasl44,439
L-Ayim,308
texs14,24
zhouyongyou,92
mimes70,6
RobertKunte,7
croquant,140
chazmaniandinkle,22
DieselRo,67
Leonai-do,27
lefhiro-s,8
AlexanderViand,31
dtfiedler,8
siilarsi,184
cloudcwfranck,81
StuLawPico,149
vantuyenvhp,1
alphafintech,89
Farivarz,1
valcriss,97
wxs3109,6
dev-innogent,16
Blood-Dawn,67
lumencalm,3
domch,12
msfgames,40
phuetz,96
jkdelauney,4
TFM21C,88
carlosfranquinho,63
josiaslg,6
anunay999,6
benjp009,51
mehmetyalcin1,2
paujannick,33
depau,18
yoshihiro999,14
sagy101,97
njilo1,22
pizzetegl,18
CODER-1972,187
jrwishart93,125
pandeynp2,2
Barry1701,63
topicfun,16
kinoshitayoshihiro,23
hb3p8,27
korenvak,27
mtalhaimran,19
Pedropabu82,74
Uli-Z,8
1kozak2,21
halyearzero,10
benjones11,1
JustinDeaneHoke,34
ramanugut,169
fifth-empearl,40
shohrux508,1
nyacly,89
giurgiumatei,2
plusplusoneplusplus,25
Derek-Banker,23
TestSubject-DJ,21
dorindorin97,23
PashaOsadchi,173
Loicniragire,33
tdrose01,81
PabloGPorras,79
Digmusic88,27
Just-Joe-Barnes,183
rwZephyr,193
loxtyrrell03,10
dan-clusterpoint,381
hassantennn,70
bong44,1
valentinvl1,5
staggeredsix,90
myarichuk,52
EE-Twister,289
factor591,82
alex94945,3
pierre-lammers,51
slavques,47
lacinyavuz,12
Znypr,93
Ehsntb,20
Phantomias1403,7
deveydtj,245
Terence-wilson,1
mokkin,10
ShHaWkK,139
QuanQLee,46
deadherd,64
sminerport,34
CharlVS,160
cjodon01,3
ljt019,21
zArgonaut,89
AmberLee2427,133
Cooltie1,26
Oxeigns,376
AryanSharma0512,86
Anakonda1974,158
njfio,83
SlyyCooper,8
Werdo,16
strangeloopcanon,18
InvalidSatan,14
Tutelion91,73
sam1926,16
fhfelipefh,5
MalithEdirisinghe,20
qaim-b,12
jmhwang-dev,26
acak1221,10
shatteredson,12
uozveren,33
EmreDzc,4
comebackunreal,1
CatSu-OSM,4
jamescockburn47,74
satanicway,298
wallieboe,8
G-systems,14
markhallak,62
mittya6,7
Pixel-Arni,5
shamzinator-ai,135
hosanah,92
Adyem,157
BarryRodick,88
DNYoussef,164
barneybarney143,62
neriyabl,16
Quinntyx,19
Shaurya-Sethi,253
janbjorge,29
caninecrew,4
scanalesespinoza,122
ArvidEllan,1
AoTo0330,1
gustavlan,88
mtklein,210
suho-Son,6
cssius111,335
kirill-dorkin,8
fabrizioiacobucci,1
Housgun,3
mphilips22,182
Saifalhail,127
Lysaker1,36
Keno,3
Spacegirl123,14
JSuttHoops,77
Swallowtail23,15
keanuhusen,2
AlphaGit,6
Makimaki1,25
yzxoi,1
tcauth,58
theviderlab,223
Matrixk1ng,2
gmcnicol,36
Vivek5kwt,103
guyfromajax,91
benevpi,15
PradanaIN,368
DougHaber,156
mrkingdevil,3
Jessewhalen1992,147
ThunderMentalist,22
rororrrrrrrr,2
talbronfer,3
psweens,31
buskmarz,1
karilint,35
L1nwatch,51
Stratto-Gestao,20
nkearse1,161
MrCoolition,59
oalangomes,57
tmdaidevs,14
CJStandingwater,1
achaibo,50
RafJTB,96
MiguelDLM,6
HatimBenzahra,1
rawbby-bot,2
t-izuno,2
brookefzy,126
maxaeon,357
AimpactSpace,28
SyntaxAsSpiral,154
TethasGuide,20
AnthonyRako,1
Sbusiso-911,18
dannyaudian,319
jdorato376,38
OilProducts,207
danielr0815,8
freefloatingplanet,88
ColinMcArthur85,39
bdegrieck,24
blackmem712,2
hilemonmon,12
lescai,7
chamarairesh1982,60
4ndr0666,172
basemprince,23
quanq026,1
yusufpolt,1
visaruruqi,26
Frothting,21
AlexBugeac,1
daveroverts,2
OriAshkenazi,21
Yellow-o,2
setuc,13
cha0skvlt,15
thunderballfists,17
tiarebalbi,4
tommys,1
shun-shobon,3
jroblar,3
kchap2000,2
bfaulk96,5
yuga1000,144
misaelcrespo30,56
Dherixn,8
ricardogomez1999,15
matuhiro97,25
tsuzukidaigo,3
ykcoatepe,114
Vaessenlu,38
Lamsugre,16
Kianosh-Solheim,8
omenforceso1,48
artbyoscar,13
pura,4
bondy1k,7
skyde,157
cedigi,251
joeflack4,55
jg23bw,3
Pratikeshsingh,56
notimesea,29
osori,8
nunziocristaudo,22
yasarerkoca,2
ashtraay,1
samsa18082008,4
EroselRey,17
Razorback2424,41
yesbabyrun,6
Chickilover,8
jailashah,1
Ulisaurio,134
nipisarev,1
peper0,8
grungeee,34
Bravenorth,18
EvyOfficer,16
nefarious671,53
psielta,7
gran91,3
IT-Calle,3
boqan,18
githubs010,9
alejingutierrez,295
owlsand,172
Razzleberrytt,305
alitaiz,19
transphorm,54
ParadiseIncDevelopers,48
iPRET,4
nirli-439,43
enemonsieur,19
axisX20,3
Mikarina13,31
luciocs,2
anzax,107
calebmpeterson,11
NA8585,205
SilverIceKey,14
brodynelly,49
Senior-Gamal,32
heisenberg-g,4
mrzinger,3
glo0ml34f,57
farovictor,106
Vidalh3,2
vega-holdings,21
kopffarben,62
BaccioOFDeath,112
dalborgo,5
wognsths,19
klaudiusmiskinis,21
rashwin88,112
Sambosis,75
Scobber,42
polskapeeps,19
Randipa,150
DerTolleMaz,68
acid0ikario,21
MSAHINTR,5
AlePam109,4
rusticlion,176
parkerarob,85
kelset,21
vko930,2
mpf-kfk-tahmid-hossain,47
turingH,50
cematal03,1
louisblythe,27
MrFreaked,1
KornelLionstack,49
BlackKawa87,25
Artasov,117
Alexmod,1
Ilmir43,1
tbuczen,45
irsyadkimi,43
JoJuStudio,67
jnerydesigner,17
Luci13131313,5
alexander-topilskii,43
AABK6,14
greg0r1,4
spindledev,39
JorShe57,22
Greatwaveliu,18
qingy1337,55
RakshithNM,8
tonyjmartinez,1
ramsesyok,38
calaquin,18
vaheholtian,6
mpnetto,17
sreejitheg,21
Ayan556,42
lbfdl,6
ZacRiley1,23
meklasdev,1
Pawlox62,21
Aminorer,26
CeceuSpookyIt,33
Trehinos,47
Sef2002,1
awalters4,8
Vechegaray23,43
EQXai,72
Pablomoura,49
zombrax1,27
Diabaye-dev,3
waor1990,153
dkwolf1,44
rhum0ne,67
VictorNain26,50
hcgenc,1
YacK505,1
ADR82-DESES,1
jsmithedin,17
RamaKsibati,4
michaelpreciado,14
lorempipsum,15
alhassanaraouf,1
Luxurygarden,2
ayo-dan,42
stedini,1
Domi-X-in,15
alexDe8,69
BruceDLee,14
volkermauel,55
utksi,2
CrimsonSoul,54
gazton33,39
fabianaguero,24
ryankmccarty,60
slkirby22,18
JuanBautistaMora,6
devraj-kumar,24
Jeehunt,4
poltronSuperstar,6
MrMiner-org,130
Glushiator,13
Shunebre,56
orleonbatista,43
Andrewsimsd,63
itsace003,18
ValeriiSysoiev,21
QG-informatique,81
Angelottiasso,25
x3haloed,9
sanghunlee-711,150
Prendergast0065,49
machka-pasla,33
tak1827,27
foorsmann,33
dksawyer7,115
zcm58,543
nagendrayakkaladevara,2
23Nimbus,32
piotr-gorczynski,122
MetalGuru434,23
Whittaker555,33
NonstopAgent,32
RicciMatias,5
junseo-0,1
haleemhawkins,1
ProsperaSolutions,1
moonshubh,7
leultewolde,68
technologicalconsulting,2
richgrov,14
dmarquesgasparsj,64
ligarius,81
chefbarschdev,36
pdgusta,8
My-Pergola,4
jishnusenthilkumar,11
ysanchezf,77
1fifoto,10
danielamadori,5
rachel-s123,67
WorkNest-DGO,140
EnmaRyumaa,2
Ronnie-Reagan,7
Matraca130,35
bsnman,15
jimfok,32
stagedevices,69
abelxmendoza,44
christopheryeo,48
jbrusey,22
iraabbott,116
SidU,25
wellfinee,4
liyunlooong,7
lee101,56
bungquiqui,2
YuqiGuo105,63
iadak,7
sdrasco,199
csm03780513,19
aglamazy,56
LordVaderCeo,1
TobiaRigon,22
BallisticJohn,5
clxm-orish,9
wshChrist,42
mikeholownych,30
unpluggedREVAN,1
ComplexSolitude,8
maxDcb,5
Jshawk,1
smhz101,81
RafaelPrumma,8
DramlTex,132
Fared23423drgdf,8
Ensil-dev,84
rodrigo-americo,5
andrewliew86,2
guidotheelen,49
ginkelsoft-development,6
CesarAugustusGroB,67
cauezito,2
SirMathhman,170
bofika,62
carterbs,49
lm862003,19
kylesurowiec,140
HeyArnoldo,7
Dexter8000,77
KyungminJoo,37
Binusz,2
vkarkhan,12
MmadF14,17
ewrvp7lv7,73
marketconnect,5
saganawski,3
musicbydise1,15
fonso7354,21
proydq,45
NeoNinja121,144
dudgeon,174
chinaemu,1
pathcosmos,15
bharat-codaio,5
Mikea54,124
PSNAppz,6
Fr3nn3r,8
tomoqt,6
khamis1992,86
GnarGnarHead,180
Chanakya-ux,6
hockenmaier,14
ksayid,33
KT053374,29
danielcoam,1
alvareztech,1
mikey-heatgeek,46
rohioffl,29
Crysal06460,12
OracleOfAggieland,26
solve-coagulate,200
germainsafari,13
Drbvr,16
afincha,1
TeeGarden100500,17
Gehlhomes,57
jasergfsdfhserdsfhesarh,5
connortpeterson,49
crajjjj,3
AgnelFernando,2
YosuaPWH,2
SimonChabrier,10
tjqjaqhd,2
JorgeTonos28,32
NicolasRancruel,38
hhhcube,23
ZainNatour,151
ndrstmr,132
VladimirPronin,1
JuanTheCreator,4
2rumaki,22
varuncns,12
JustAzul,48
Hypercube2014,8
moonback,17
Shahnawaz-attar,5
hikartik,10
tranhoaithuong14,6
joe10111,1
bwjennings,69
mcgroarty,33
mrchaosbude,22
MEGATREX4,12
iamshashank25,6
ViCezar,36
zukio,32
performlikemj,32
yamayuki87,4
lsteen89,16
thoni-miguel,9
pbandj082,14
maxjo020418,7
AlexisDiazz,14
Norepinephrine-code,6
iannigb,16
abobrinhaa,4
birmacher,15
jake1164,2
i12gocaj,4
Sticlo,9
Maximodemian,13
EpicGamer4088,1
italoag,13
SUPA5INGH,71
patco18,88
BryanLuyo,7
leopoldpoldus,1
Hackshaven,20
ghassenehanchi-esprit,255
costadev00,34
cyh002,50
PratikshitSingh,3
Kmberry1989,48
Derpyderrr,19
distribtech,28
riverscornelson,37
GeneralRod,12
Sebastiandc99,53
ohguowei,44
luckymohawk,6
tomi-exe,10
TimeLinear,1
unmasked213,3
shaydevelops,6
StaAngAI,5
SonJH7,13
joshuaannor,10
MaxTec,3
YeisonCardona,4
VGJeyasurya,2
jcmullwh,11
NiceGuyWorz,1
sleeper,9
MaMiNo84,13
granchetti,66
Orami,40
johntjz,2
Riley-Coyote,10
moose-code,16
DawitFsaha,1
yoshikouki,7
notforyou23,51
OwnTheCloud,4
KRM2308,1
Scriptkiddie95,50
deanmak13,5
leopechnicki,53
felipeaguilarsanhueza,8
ferynd,33
JRDN-R,2
5h1gerun,131
HephreePersonal,96
wonderful123,19
TokDar2410621,16
p4nda1ft,1
babanomania,139
creator-codie,4
mlee0412,76
tanayclay,11
sammygluck,41
mikecruz79,11
rodrigoantonioli,24
fabricionext,36
HeroLee9,7
Bruccio,2
daniellata,3
portons,67
GaetanAff,20
matxxtia,6
thomasahle,3
rubenvitt,9
hieultnecvn,6
Raalmonk,70
hirokinko,20
itsamemedev,21
jindazs,9
investblog,33
bouassaba,10
adityacandra02,8
ethanrosenhan,2
ckorhonen,21
esfolagatos,4
cnulatienpo,180
fernandofbamzn,16
Brockmann2020,28
lplewa,6
GabrielAgrela,43
antonslutskyms,10
LonghornSneal,85
ktakahama,2
ProductConcept,91
am0n666,9
PlasteredCrab,8
alexanderher1324,58
thomas-alexandre-milvue,66
originalmagneto,43
MystereFire,41
Enr1queRojas,8
Ferxx7,1
wooysj1,1
jinzhang21,1
usernameserf,23
apariciocch,76
kjbeutler01,15
dramirreza,7
rhefner,9
dsphz,26
braydio,50
did88,52
raph714,32
wowjinxy,62
RauschSchottManuel,2
mickzuelch,1
raphplt,22
Mori-Takahashi,2
DerWahreMirakulix,5
mseraphin,74
SebastianBorjas,5
DD505818,51
JessePiccione,71
onlyajay08,2
jonapay,2
PedroHSauthier,29
maitdat,1
smallrobots,19
Aurelien-Dev,3
SergiySeletsky,35
ospkiev,7
Kenjji1,2
c-mcalpine,14
Felix3322,18
cyu60,19
romgenie,132
WarrenZhu050413,17
atghiphop,13
sorryforpie,36
zalan159,5
doffpett,10
SnyderConsulting,130
Skytheredhead,18
TristanMiano,49
x-CK-x,123
JanboutHakim,52
ryou-365,8
eristocrates,16
montanon,5
Anderson-Barcellos,39
BromeRST,2
janacm,30
rumiz123,40
alcow5,5
Soundsphere,69
Sergej-Popov,30
hsinfang,13
Ganzosupremo,16
skynetneo,1
AkaiKoinzell,77
berkecengiz,5
R4Interactive,3
cat-stack-boop,41
eshaffer321,15
klabak436,4
pak-223,6
FrozenBrownBear,31
DataGurtchumelia1337,1
DmytroZhyhulin,3
MoiLuxuryHouse,1
Sriram277,1
DylanLIiii,19
TinTin-25,54
aph8,19
joshuadanpeterson,35
EDM115,9
ggruberg,1
liamadale,14
Mehmet767676,1
yasiru56,14
demshin,9
bouwe77,5
vrushankportkey,13
Mehrad1994,3
yJulian,2
Omar223-ltu,2
wykky,3
SuperMuel,8
musickevan1,5
rafael-carvalho-developer,4
HarryIC,1
Kerrigan29a,4
vivalahm,5
kkuang0,38
nsvk13,1
votlon,9
drklee3,1
TDC1Chris,16
dipendra-sharma,6
AlexPraxedes12,76
larsdecker,10
velumanohar2000,3
Kanchanop6509650229,30
jamesonl,2
ObsidianMango,6
robaitusman,1
dimanh55,34
BRADIL,4
luizventurote,11
GonzaGalfre,2
doanbactam,21
tis-bell-jar,22
anisotmani69,2
DouglasReisofc,17
Gabe-Thomp,8
DevevolperPlus,1
Tanzeem-15,2
larspensjo,21
celalasc,170
GetzInsomnia,137
gari01234,111
ChhaganSinha,36
ihubanov,1
dominik-hvln,5
AniketBurande,21
nakesreong,26
aguerov,8
0x11Xera,16
Xintong7EDU,24
LiuWoodsCode,4
AnthonyPython,6
kjhsu1,18
vijaydataofficial,64
itaital,14
KacperLa,9
brunoam2,8
OgelGbuza,7
pmacom,4
malinosqui,3
JimboSlice117,23
rcrespo808,24
mosal1978,11
Joewus12345,105
EdwinKestler,26
stevef00,52
MatiMontenegro,6
zachEastin,23
7anooch,8
29thnight,20
kudlaj,12
NguyenCongVN,46
BikerSam86,195
Johan-Artman,2
jossmilde,21
eliasstepanik,52
XdulanX,6
avysochin256,9
DaniloReis10,3
YasinHossain,220
Seezly,26
SandeepN97,13
WiczusWolf,23
charleslouis83,50
vinioliveirasilva,5
tamtroot,21
rolandobrown,4
DenisBratchikov,8
ryhofix,11
DongyuZhao,51
OpenAIRes,34
ranjanv353,17
martinambrus,2
pskjs,6
skyaakash,2
Albe83,44
HeyMehedi,15
sannysanoff,2
snonux,86
Suraj10123,1
Sleepyluke,24
AleksanderPostrzednik,43
JoshWay,12
Antsevs,1
FerdiDoem,34
rajpol,5
Coriana,1
enano9311,2
EAName,5
Ryno716,1
mayerel,5
dummyindex,3
skytechplanning,15
hieunyit,18
ChetasLua,1
galenzo17,29
mahmood789,2
mbabai,26
saperatech,9
MathysClaudel,1
MINORITYmaN,7
Fajoo01,1
coelhof12,2
ConorKeville,73
JanDub-code,5
lucasclx,151
johnsmithvn,51
threapchills,30
iceman64360-dev,16
chjasp,25
irelia0nerf,93
iterronesc,2
JDBOYYYY,10
jkroepke,16
mccallofthewild,24
gregorac,15
Denis-Butenkov,1
Virsoh,23
fantome3,8
Giovanni-Zagaria,20
ViniciusSperia,1
ArashiWander,104
mcyster,35
tarigelamin1997,32
algotouch,71
K4v1,35
arakhmati,5
ccchow,40
sanand0,71
abhinavpareek655,60
MehdiLouzar,44
GRusar,1
CoDzBeast,11
paschmaria,6
gk331251-byte,36
Icantcode45,54
FabianBarua,2
Chainword,20
PavelBT,109
SeanConway102,4
BrotecitoDev,39
brianbrainium,82
dkicksd,67
DYAI2025,19
yougotborked,6
tzeising,5
Oakhampton1111,31
jayasuryajsk,28
Ellios77,20
Zipties,15
twoablemirror,70
jramos92,6
glynncv,1
felipeaurelio13,20
AT-KB,167
XHAlawa,1
mikebgdev,26
honemik,17
timkindberg,4
calebdame,17
HBautz,48
Git2Swarm,4
hjorth89,17
dheesen,21
SponglyBear,5
andyvance,6
timchilcott,27
fyfirman,2
ahoy-cmyk,6
erikdrouhard,27
lc6chang,2
xAlisher,64
Xanstateofmind,6
zcaspar,1
Ronjea,5
bt1142msstate,20
kawashishu,11
joshberk,12
BokutoZoldyk,14
brothercorvo,47
RFlash007,14
Rhichyllie,1
SiemensHalske,31
koadar,19
RogerDuran808,28
klizarh,5
TyPeterson,2
Ministorm3,6
abhinav-TB,2
bbaransahin,21
lpenap,19
tpereza,1
jeisey,3
RyanLisse,44
zardlector,1
lube,52
bonk1t,41
IbrahimMohammad-pi,4
IsaacSasson,1
hacer7,1
Sarawut-Posan,11
mayphus,10
donghyuk0605,23
Cristiansotogarcia,165
Treytucker05,41
alexbrainer73,5
YoelPerezCarrasco,30
bbeeeeff,7
stefanodipierro,44
DanielWang123321,1
DVBeckwitt,176
elzuzu,139
dariooira,3
3lvisDev,1
flowgrammer,68
thobly,1
ragazzoromano,6
SamWise1987,3
llucasandersen,8
Inigoarze,13
mloubout,31
alexandertataurov,100
wijnandb,3
AbdulKanjo,13
tomtok-ai-agent,1
Gerrix90,71
rfpai,58
ryanMicrosoftTest,6
Husseinhhameed,4
BadrBouzakri,1
cerdiqh,4
Mystic-One-1,1
miwaihnt,2
WismutHansen,22
terenkur,10
malstrom72,55
Ratmil,2
rafaelpancione,8
optimus9021,4
Vandrn,6
teamcmcbot,16
lijianye521,3
timsmolyanin,8
Federico-Conti,1
zache-fi,206
earauzt,25
aliev,3
FKLLFKLL,1
dsscaringi,10
Nimeesh-Patel,17
lankz,10
guruparan18,1
Xapu1337,11
ralsuwaidi,14
kingharlaus24,9
svacant,16
Ilayyos,22
brianhyunsoochoi,7
vwieczorek,12
itsmichaelwest,3
edholofy,6
sakumoto-shota,40
Vermath,4
dkahle,3
Tosbaba1,76
Mikaelarth,110
Kodamonkey,64
danvoulez,26
hasan007,1
kpujjigit,11
BenjaminHenriksson,6
serdul,3
RomCo13,2
IdanAizikNissim,2
gouthro,1
KinixZ,27
drozdovs,1
titan11111,15
idtla,4
Narendhiranv04,50
gjbex,8
Eikenb00m,63
fluxdevine,7
scalvert,10
PedroGasparetto,2
shifur,18
RyanAdalbert,1
sommeru,2
timofiik,6
2chooman,13
fabiosandias,39
Kavan27,6
kvpan,5
Ricardonied,11
AMirror-Hertz,1
Wooldrum,4
zwiezhu,28
damlah34,13
rcmiller01,43
DrunkenAlcoholic,7
singaseongj,26
Michael-Gerges,2
birjotwaliagit,2
FranFerrer3d,55
IamJasonBian,4
nazandr-cp,15
morooka-akira,6
Liboreiroduh,5
wintonzheng,19
youtix,75
herbert256,2
whaleshark187,1
p-carrillo,6
herrbaur,8
beginner-jhj,29
karimaouaouda,5
gideonsmila,9
EndoZou,4
DusunHwang,4
Linkohh,10
ARJUN300399,7
seoddhh,20
jlchapa,5
makaboi,1
euripedesDoutor,8
tsuyoship24x,13
teezdolla,22
Eliasfjord,24
Wesius,8
Tacuarita,4
pyasmenko88,10
iazua,121
harrymcdonagh,7
krandder,4
RyanBruno,43
Tomen,9
viktor-nikolaev,4
luhaitu,6
Halilmehmet,10
kevinPaul21,25
pvanvlaa,30
jensen27718,17
Starnight0402,11
huntsyea,20
benhymans,15
AnaDias756,4
farmountain,19
0x4D31,33
daharimorgan,3
erickGoJi,4
fbal98,30
sntfrc,49
awitherow,2
DeltrosIa,14
nathanaelhub,3
Rih0z,27
pedblan,16
Torfer26,3
cassina,5
JPedroFB,15
boxedgorilla,13
Bytestorm5,9
redmond2742,66
TheBlueBarron,9
ANDRESVALENCIAR,2
6ummy,1
Kikou69f,2
AlphaIADA,40
jamessmithies,1
Artem-Hordiienko,7
daqdev,15
Pwaire,40
windyboy,34
Wesley-codeDr,9
RajAgamSinghKalra,61
bhavyabafnaa,55
Ikaikaalika,7
MastaP,6
EreliaStudio,29
rkollataj,1
stb13579,21
ChristianGaser,40
thoughtwax,1
gdtroszak,5
kriskros09,1
ErnestoCobos,11
pedroanisio,27
bvic-dev,1
SebastienChevallier,28
florisvlasveld,33
YA9,5
apantazi,8
OyasumiDev,2
Romer77,1
TheAndree7u7,3
Smiithx,1
ref4t,7
pablo-ddb,2
robertoecf,22
thiagofquilice,38
Slickhit,8
almtrackers,4
hanmarco,5
ibrahimalzubi,11
AndreaDortenzio,1
adrianhdezm,36
Shubhf,1
racommit,7
AMBROISEMaxime,1
Sorok-Dva,21
warny,40
lquastana,7
AlexVideoFX,8
lauradeng23,2
ricardosoriagalvarroguerra,6
EmmanuelZaleta,2
dajaco81,30
VictorChen199811,7
dasunsucharith,82
himanshusin,8
npazzaglia,17
govolmec,11
camarokris,13
Wais-A,15
urizennnn,30
alexeyavdey,9
AurelienNicosiaULaval,17
didikoh,2
Kostrominn,24
marimondaa,4
mveril,1
RicardoKers,5
Driseri,7
JackyyyWang,4
ahmet79uygun,1
artinkavousi,12
stefanutti,29
tkapnisis,2
Nikoloai,1
hrishee-phottam,3
topstolenname,29
peachza30,8
bennyhandball,19
ivanferrari95,12
P9428,6
baranovlad,14
bkram,35
skrapkam,22
sahidattaf,22
tindallh,1
Valuablehope,11
Anoligo,107
gareth78,70
audiencebase,4
scott12123,43
gfra54,10
platolin,3
promizhon,27
MattiaSiri,37
davidheineman,15
MarkEScheidker,3
chromezeffyr,1
gwavin,12
lorangriel,41
alexandrbasis,52
JeandePaula,3
Esa-Gavin,3
Druesel,2
sylviohmartins,1
Christos-Tsoutsas,7
agradecido,10
Bilbonet,3
karimdescombes,8
Abhis33,3
Senpai-Sama7,20
Minebot17,4
stabgan,7
gtejas1,2
marting555,23
edgouille,15
Nbarbier06,17
Rodrigo-Motta,14
smartasscoder,6
gabrielkron,1
Masakazu-Adachi,11
its-dedsec,10
WellBakedTech,2
TRECEXZ,1
SMANahian,8
ahmeda14960,15
DevonTheDev,42
JosueRDx,1
facturacionWeb,2
Saaarthakkk,2
pkovarsky,4
jasonbluewizard,11
kimobu,10
u8921013,5
wahengchang,4
tenderworks-prodigy,14
quantamixsol,36
ronald-leung,1
kyoya-oga,17
blizwing,11
filiperochalopes,44
hiiamyes,2
heinrichwest,20
ManeX2001,1
shotintoeternity,1
somework,39
frahlg,9
CelayaReptiles,1
theonlybex,1
Pukssito,5
joseantoniocampillo,1
annmonrajijames,16
peter-dolkens,29
WXASEE,4
kangdora,1
matsukuma0719,1
givdieri,7
unbreakebubble,1
ShonaiMichihiro,5
ramanshrivastava,18
gmap1998,6
ben-mansor,21
aaron-one-club,1
JamesonC,2
Rodrigueslope,1
V3RSER,2
JPHAJP,4
mazharrasyad,13
mullergerman,7
Franmr11,4
romilpunetha,2
justberare,4
mhpm,12
nakamoton,3
Monsterelch0,7
KoraIntelligence,48
elkarto91,32
npcoiner,15
eondev-inc,5
cjw296,17
ereal21,16
ziadnasif77,9
that-scientist,3
henryblu,32
razordz,5
a20r,7
centralhardware,35
demib72,15
jinxmcg,1
omrycee,1
XanderOlson,7
Ktoya2314,1
vincecordova,14
gusdnr205,3
cloudnull,21
nhiroyasu,5
hobbist2102,3
Omnilon,8
Chrismart04,2
oleksandr-voznyi,4
Ans1loker,4
ventustyl,10
prajulaaditya007,1
GeorgeWingg,1
lukebryson,4
codebydivine,5
belnik12,20
Zonvimar,1
Amtho,55
oomlout,6
rushidesai1,2
rollinbe,5
Walrus94,16
swetha-ganapathy,2
SafouenRabah,1
TINVO04,28
vivian940509,11
DoubleN96,4
Emifacio,6
benpodraza,44
yeldarby,7
cslowik,11
freshmea,9
pmenglund,2
learngermanghana,9
alvinwan,34
PlumyCat,31
etothexipi,1
mtouma56,72
neka-nat,17
cpb,1
marinator86,9
ciekawy,2
VanixIsHere,9
mikecoronel,15
jkubat,3
stuart-hahn,2
2701kai,1
karolgle,18
Fheodoor01,63
mark5225,7
sumugit,2
ardszsantos,1
krnk0,14
kirillnepomiluev,20
shaun0927,99
Malomalsky,8
Romulo-Queiroz,7
arksenu,14
dereklegenzoff,6
tauki,2
ahmadfah1612,1
Ambro86,3
geritwagner,11
mirza-rizvi,6
0REDGAR0,2
thnhan1,17
ra1111,8
tavind,14
akaiuun12,2
aYaish-dev,45
ironhe1met,13
felipebossolani,26
11w5,35
derko510,2
ngurah-bagus-trisna,1
xinliu97,13
MasumModi,4
mbxraslan,1
jhuQwQ,1
tomtactom,25
stevenflyai,1
oaklandflyer,19
mjmiller3416,40
ryanchen01,8
gafszap,5
zekusmaximus,38
MattOrmianek,8
mkht,2
ekoori,7
jwutsetro,5
Kuan-Lun,10
bartekcostam,10
mphanhthalath,5
NoMaRu123,1
c-dickens,16
jmktayag,8
ChrisLouw1983,8
bastardacademic,8
RevivoZ,3
tiffjai,2
kingassune,8
dripdontkillmyvibe,12
MarceloPreissler,2
visar-polymath,1
evans-family,10
Kalebe091,1
Faysk,53
Summer498,75
rburns124,30
GKepuska1,16
Mikieb1982,34
Shankargeotab,7
Kazeirokie,5
jrmintz24,43
omarcarrascoo,11
Sufuron,15
viitorguerra,4
snakewizardd,15
nataliagodoyst,41
MarcosCast,5
sargont,10
ronthesoul,1
andorsk,1
dsaez27,6
monabiyan,1
eliam-villegas,6
polaris428,1
thanhsvaisn,1
bmeddeb,5
pchalasani,1
ConservativePolling,12
Mo-101,12
FKGOD-dev,7
gungs,1
dimuri360,6
fredaime,9
FahdB94,5
Aslan11,11
cyril103,1
greatTinCole24,9
niki21599,3
nialse,14
nielsradstake,2
gonzo-code,1
Kadoinkus,20
jonnovaretti,5
WickedForte,2
bashmohandes,1
WildStrokes,25
Heavy02011,5
pasatsanduadrian,82
iegorov553,7
kosajohnson,33
snahrup,18
de3ug,16
SomeOrdinaryBro,10
casparjones,29
jakubsejkora,1
scarolan,11
navery-dev,16
jaGri,35
karakanb,34
kota-yata,22
YKBlake,2
nkh1l-png,1
Lochinvar-Camporal,20
AzaleaDevs,47
m-a-r-o-u,67
ImranAdan,2
haroonrasheedjava,6
Yoava95,28
scorpion8511,16
rshiramss,6
PimPamPum2211,24
lucadimaggio,56
JGMC96,10
dawnbakhshande,7
tekercibasi,6
Juan-glitch,14
mraescudeiro,33
aawwad172,5
secretguard,1
emperorpickles,2
CainKilled,11
rishadsanian,12
BettinaBa,52
p-stojkovski,25
flushfactory,14
yyoonchul,1
Rahul-Jain-1,1
Brenden-Morales,9
llbartekll,5
Ingenium-Education,6
eden0102lee,8
dre365,2
insertfahim,3
yanzzzzzzzzz,8
MalloyTheDev,21
itxseng,5
Mid9658,9
mujika,3
zmandel,15
Dolpix-git,6
ghmacg,5
dmportella,6
THERAD1,11
dvir-biton,2
bruce0435,2
vkuberan,4
Trevortds,1
mikedemarais,37
Fran-Jos,1
mustafakart000,1
pepperworth,9
Speellz,13
islegendary,6
Miskler,10
mixxen,1
shreyasrkarthik,4
Abhinav-ranish,7
crunchysmoothie,14
volodymyrkhrystynych,3
Bruna-BM93,3
I-794,3
trebatak12,4
belubruh123,4
monisB2B,10
MRJN2017,30
pancho508,1
personlin,6
cihadaydemir,1
daoanhkhoa1103,2
mahditz,3
krissen,39
paramababu,1
EitanBlumin,18
brandonramirez,3
Eddie-Uncle,4
bsrancho,3
jafranks662,17
colinhacks,12
eloiseboudon,103
MrAyham,59
ethanzrd,9
Joon-Hwan-Hong,2
zariantt,10
Quemener-ai,1
leonardosouza,3
yhg926,7
ebozpolat,13
justinkay,15
CarmineBD,12
Psionyc,20
SixZacScript,2
process-black,18
santosomar,8
FooQoo,29
victoremannuel,1
shakedaskayo,1
Code-Hugo,14
kongzue,7
StoreNowEnergy,13
duy-tung,12
MauroMiranda0,19
JackCraftCode,3
jwafle,12
malik0,10
icraigshaw,9
maniebra,1
pascal71,9
bmjobmjo,3
mebelekeziak,12
sankerkrRTS,17
DevDynamo28,30
studiosystems-bot,5
0RYM0S,2
water-beetle,2
ibenali,1
marciomerconi,15
Grandthefthx,21
Devmagic9,10
hansjmelby,1
George-RD,11
DepierreQuentin,78
hdkhosravian,6
fynnrossi,7
manfrimjoao,7
tylerwayne1994,1
EdieAprovita,51
oravandres,6
austeane,64
danielgwilson,2
shiyu2011,1
Jwillc,7
chunchiehfan,2
ivanfioravanti,12
hayeah,21
IvanEfim,2
ALEXGREENCH,43
fortybyte,4
Jhordy266,1
Techabilly,61
hmmhhh,3
osobhy,1
lewis-morris,4
apierri,4
N3XT0R,9
deividlima1711,2
denis-gordeev,6
bogdoslavik,7
MuskanShinde99,84
filchyboy,23
DahSidiAbdallah,11
arpanjaidev,2
who4u78,2
a3faarms,2
breakersol,5
cnilsen,1
michelknoop21,5
sncooneydavis,4
MilennaAbreu,17
Ponywen0819,2
Ziad-sheh,20
CookingLabs,1
wu-tian807,1
hamoudilaz,1
BDalkilic,1
progesor,4
Niorlusx,5
alisson-foundry,16
A1Tman,19
shaiws,5
GWStrzelecki,1
xienanzheng,1
mehtab-afsar,1
OJKT,1
Meghvadalia,1
bill90c,1
smazki1,2
Rodfox31,14
shlomi98,1
skryl,4
alberto-cardini,1
dunglechi,1
cannycookie,28
bahouyassine,2
capt-mightybeard,1
imudimud,32
rmcmillan34,5
jtmoney007,2
yuvaldolev,2
m-yoshiro,3
oduvan,5
nwjlyons,2
Salpertio,3
nawwwal,23
hamasyo222,7
chenfengMeng2021,1
QML-Coder,3
kaqu,89
pa-mu-da,1
mogurittyo,5
nixxxon99,3
pahansen95,28
Walvins,1
leviwillms,10
crazypizzaman52,5
kotabrog,7
ant3869,25
water25234,4
kirkylesich,12
renhong-zhang,1
hochardga,1
Haor,10
StepSisStuck,2
melledijkstra,22
guillermolam,12
jverbus,3
MH4GF,13
lumulumu,19
buzo1234,1
andrewmowlam,5
uyphu,3
Fenitek,1
Sujaanb,3
mrodrise,1
borgesr18,12
huijustin,3
cowby123,13
nthomasau,4
SarelBeets,3
jamjar919,8
luhsprwhk,3
Anand-rahul,2
chrisi51,10
noraataco,34
diegomrobledo679,26
HsienLu,17
michaelachmann,5
Arsenik1,2
luskay595,2
schergr,24
kameleon1919,7
Farplane-Eterna,3
zack5769,5
luizfgemi,12
hakunaTgl,6
BigBull-H3RO,1
frank-salah1,12
hugomd,6
shalnoypatron1331,11
CopycatSE,14
Elmisa117,16
gianpaima,1
teswolf96,8
pterw,17
diego-roberto,18
mtgr18977,49
parallax1s,38
Minhcardanian,9
ikg001,1
gg-g-g-gggg,1
bkmetzler,2
FunSnaps,1
jbee37142,3
cblanc,1
kurtex,2
Rene-Jacobs,13
Dheerajb07,3
xvenkyx,1
natatoussaint,4
TolibovZafarali,7
ForgeMaster132,5
salbahra,12
LegeApp,4
AndreaRR18,5
chandralegend,23
synth-rabbit,15
Pedro-Arruda,4
AbhinavChoudhary24167,42
DonkeyKong1021,2
wskozel,4
PimHuijnen,14
OguzhanBerkeOzdil,9
hawkkiller,1
szabyg,2
peumacedo,6
developer0hye,2
wasanii,6
YeswanthC7,16
vikramnreddy02,3
easwaa321,3
ivandome,22
harikayedidi,5
DorukEskicorapci,4
RuiSu-gif,9
cascadesoaring,15
umutc,1
habib256,7
codeExplorer42647,2
wmarti,2
VIJAYKUMAR00O7,6
jpns3334444,4
SandPod,2
robbertpopa,3
Monster1234,21
Hosefu,9
Diogo444,8
ha2va,12
stephancill,26
Demite,17
firewolf12123,3
dinukasaminda,2
jtzach,2
ahmadadeltub,2
matteozajac,4
Patrickgrunwald,10
ammagofficials,2
brunovjk,7
mhsalimHFX,4
patrickamsler,9
ObservedObserver,108
xcjwq,4
MRG301,11
KianSadat418,26
amoona6,1
Postlytllp,1
Tstrebe2,2
amranu,5
SamsonCodes,1
gaspardpetit,12
multimichel,5
mdavid800,2
Dhaval0001,1
ParyaPayami,1
DarioMartin,13
kalisam,57
yousongsun,18
noureddineidali,1
DrWorkhard,2
roiem1etx,18
adfras,23
ATabor89,4
kylebrussell,5
navjot-nangia,6
pleberre,1
TeedsK,13
frankmark94,6
gavinuhma,10
NoTolerated,3
jky01,18
Abdx-l,3
AmitSubhash,6
patrickdeanbrown,5
AxiomaticAdi,2
kmahadeo,3
OlawaleLasisi,7
DragosTana,4
RobertoAssumpcao,2
anukamanghwani,1
mballentine-1,1
HamzaDevz,2
Karan-44,1
nupsea,1
planet-s2,3
sean-andrew-barry,10
JoaoPalmasBR,4
HSILA,4
mycguo,5
gauravmahto,5
yng87,2
Fujita2148,6
ANNADAROY,1
masato311,1
arnaldo16763695,3
Pitu696,7
D1skin,6
lollipopkit,6
ddec3,1
ra-xor,2
robinmanuelthiel,3
leoparente,2
Krafte8803,34
shamashel,4
BenjaminBossan,11
dneish2,9
Lucasgdt,1
GJoe2,6
dufve,4
qWeX23,30
JoosepLukin,3
wuhao2809,1
gotlostinparadise,21
Brad-Edwards,10
itsYork,26
kish613,5
Siddheshmittra,6
TerryNex,17
OhmSpectator,10
lyagushka228,5
silkroad-coder,10
laske185,3
harkaranmann,3
aquiros007,1
Aggiebryan,3
nmo-genio,15
JairoSchmeler,15
piedol,36
emcol,1
vdidon,2
Riccardoengin01,84
chollak,35
Kinetic639,14
Arkanium77,3
AlexLin1234,8
MadHazz,9
m-pasima,20
wmbalex,6
andrewscodinglab,4
mmabas77,5
oreo-cloud,1
JoshPainter88,1
bodimfm,11
Nativu5,6
darh78,4
vansh-005,16
0noel0,1
Parzival2103,2
GoldenLucker,1
SkyWing3,5
apexadmin1818,3
ndemarco,5
glass9,7
NRGGIT,17
chessitay,4
gdelaplante,36
Rodrigo-Henrique21,2
Centroplan-france,14
gpcsim1,1
imranrasheeddeveloper,3
smartbesttechnology,3
npdare,8
MAHDI-AQ,4
EternalKingss,8
plenat-erf,7
adangert,1
klocke-io,1
Norderud,3
dimubu,4
lydiareiter,10
SamuelCvel,1
birdsean,51
topgunfitnessmachine,3
omda2000,31
Deep99739,4
montjeffrey,10
ComradeGu459,15
eunhye1kim,2
mgaliev,1
QuentinCody,7
Zatoot89,5
florianwittkamp,2
GsusFC,1
jimmyw,7
kyomind,7
ilitchv,15
TheOverthinkerDev,5
uwi-cherry,95
hacker-volodya,8
ZakriaKhan55,5
antoinecaby,1
0xTym,4
0nu-e0,20
tsantini,1
medvedmed,3
Gumball12,6
seanc-dev,15
todo1991,14
3oD,9
TimChatt,16
mustafa-m,1
valprav,1
arnaudgrunwald0404,2
CraftingBuilds,31
Ahmedhamed3,11
skrtalex,34
LemurPwned,7
JMarani,2
dalibor55,5
basedvik,3
personalmukti,3
Bwillia13x,27
wannabehero,2
dimas3007,2
felix303,5
dunghcmut,4
Michael-OvO,2
TSV-AI,2
dom-liu,2
tozwierz,6
Javiercseconnect,1
datatweets,6
ToJen,4
habib-maafa,1
Dominik-Saur,14
Jamesb989,53
akinaydin0,1
oozye1,2
aliendabz,2
Divkix,4
wentylz,3
Brandon-Anubis,4
Tatiwel,4
Florian-Celibashi,13
SSSTAiNLESSS,5
ivan-berlocher,10
rajmohan4419,10
LeeLupton,15
Phobetore,7
c-mco,13
alijabbari00,1
Catneko-0422,2
rishithay265,6
Cre8XF,18
ricardotgomes11,12
alexziskind1,3
MacroChip,7
edenlau,18
warn4n,11
DPN-AS,42
Rob803yy,33
DanielEncoderGroup,9
jackjcoop,22
Tooroplo,1
fxlainr,2
surgalxy,6
yutanpo1227,9
tauseef-khan2012,11
Sls0n,10
OmesDev,1
udogad,1
yaqoobzazai,1
bahadirdursun,3
gmullins0009,1
andysolomon,6
dvillagrans,2
pspn,2
AB261,2
eslam-aboutaleb,1
tylerbessire,9
KAVYANSHTYAGI,16
GUOJIE526,2
RECO-Accounting,4
netrom-source,22
Sytsevdz,35
julianbaker,3
juan-gonzales,9
khaosans,3
Sakura-Byte,1
makingme,13
prieston,1
020perry,2
diegmonti,16
MEC-EAGLE,24
alanurban23,3
04-impiousrust,27
KrauserHuang,3
iAxvleda,7
TahierJerr,8
aerialcommandant,1
goniszewski,3
Yuto-Tanimura,1
cfsandoval,2
grimaldi89,8
JackNg288,5
KentarouKoizumi,9
PetrefiedThunder,10
YunTaeIl,2
echo295s,1
RG-Varahe,1
EMDPLab,2
yonathanarbel,1
magedye,17
mvleandro,7
Carlz10,3
Mukesh-Analyst,4
lucazav,2
mlecar,8
hemesh0204,1
sotomayorlucas,2
agrowd,1
pazoozoo42,2
alareon123,2
FuelCrateVending,15
astro-kevin,4
CandyCheng-git,2
gavin-black-dsu,17
hevnsnt,1
LeandroConrado,6
Anuroop2111,8
henrriusdev,7
josemorenoo,2
Roayati,5
akhilcs06,9
MichaelMees99,3
panaresium,115
johnmclain1989ai,3
joneskim,1
Lassehoutenbos,18
jacksonford7,51
Sum1Solutions,10
IntervalMedia,9
dejay-vu,7
monatomicjapan,11
hudsonhrh,12
ingyukoh,9
AlexZorkin,2
yalagamsrinivas,2
sunlordgm,1
arbtrader,1
DecoreyA,1
gbove73,1
sunshinegorgon7,4
dhazzero,7
ddanrob,60
zrhz11,1
chandlera92,1
cyrusaf,12
cdreetz,9
CLbaillie,1
a3626a,3
bbn,7
fractalical,1
Racream1,1
PizzaFormaggio,1
pussycoder99,5
timlenardo,15
anpicci,5
drudenko648,3
blopen,5
giLrv5,4
xiaShisan,1
hbaldoneto87,3
Mr-Logan,2
MuratGoksu,1
tomwebb644,6
Mashward,1
NoelRDB,2
dkhjmu,2
djafasteve,4
JulioAsillo,3
skylerahuman,2
ComicBit,4
IustusRenidet,23
KINGDEMON6700,1
bgotti,6
Ovi1kanobe,41
Bachu123,1
stefbach,1
AlanMartinez,4
cmachacacordova,32
kleberbaum,3
lovetwice1012,1
AlSwaidi,1
AhmetTK4,5
james-m-jordan,4
justkaran,6
NorkzYT,11
bamba-ops,2
joanllodraxcale,6
dakotaradigan,24
tuananh582,1
rholmes777,8
natevm,1
SasiKaw,11
nidulamallikarachchi,5
bourinto,3
mzst-26,1
mikkelkrogsholm,3
Sithum-Nimlaka,4
Nextc3,1
Anchorquery,2
Ryson-32,4
ty-everett,31
betocom86,1
henryperkins,9
keita-ito-4423,2
kostay0505,3
AtharvaPadhye,21
123hpcomsetup-j,1
endhrk,2
Kj9255,3
HealthyElegant,18
johnrachwan123,3
mRemAiello,18
Valverde-101,10
rehanmehedi,1
Schubidu,6
mishaeligho,1
ibrahimelbakhai,4
baristanislar,1
georgehaws,1
codew7,8
babacana,2
GuilhermeBorba2,1
hatton,11
ac-opensource,18
StillCompeting,10
shahkushan1,3
usow1028,2
antoniomoneo,33
zli96,1
azemmol,4
Dxmup,3
duanzy47,1
dannyphantoom,18
Kingjj36,1
Mazar77,1
AJgorEx,74
Tung204,7
zaibann,2
Johnnybyzhang,15
zhim57,41
Bruno-Franz,31
Carisky,30
tralaleo-tralala,11
amirewontmiss,5
smartzan63,2
GeekFreak01,15
souvik0306,4
BigTsung,46
terades,9
aagii4520,3
takumi0211,4
WangWDog,11
zf-aoyama,15
RealignedAwareness,4
bradhilton,3
dobriyeeh,2
LyonMuller,2
denisvmedia,2
tomasadamicka,1
tebib91,5
urubass,33
bloomcyber,4
rohanc2k4,6
Cameron-Lettieri,8
MatousKratochvil,5
robert090300,1
FerhatCengz,1
laboctsunekawa,24
ishigakijunichi,5
falconeaj1,13
GlennAyden,5
tbrandongarner,2
victormoca,7
maheshgosemath,13
mikek498,5
bairnhard,2
abbbe,2
karam-ajaj,4
nickzren,13
HackingLZ,4
bfuzzy1,48
vitalii-bondarenko,15
romans14,10
jianhuayang,2
valITino,9
matagul,3
lolwierd,18
NahuelPardo89,26
klyok,16
BijlesExponent,2
sorin-bolos,5
ilakskill,9
Perfectz,15
matheustoledoo,1
thorek1,13
raguirre24,8
kamalsrini17,2
cristip73,8
kudige,9
SSKirillSS,3
ColeVan,5
LeoRizza,2
emreekerr,13
iamirulofficial,1
ParhamHatan,9
eodorfman111,23
DBOYttt,4
Hxxxz0,5
mrwadams,3
tixdev,10
dmytrokrutii,1
Kenshu-Miura,11
mbispo22,16
mrxiad,5
kueyoungk,3
FrancesCoronel,2
vidurangasw,1
lueluelue2006,1
turtleDev,7
JohnTwenty,4
QichangZh,2
kousukekikuchi1984,3
juanmunoz1986,1
Amoebathegrey,1
yopaz-quanlv,6
michaelb3800,13
bhootjolokia,2
lopezMan91,1
whyClayton,1
CabanaMan,3
PHUCTITAN20,2
TheMatrix-ion,6
jjudson3,2
ttomaye,4
Programmer-RD-AI,4
Divinical,2
Ji654,4
neonbiohazard,1
artem-xox,2
Magnus90526,1
kurmashovb,6
ankitkumar1302,11
Persauder,1
iedmrc,8
Gm3nec,1
pierreportal2,6
sebthaele,1
BUsavsjo,10
iAlias,12
yancostrishevsky,8
MatheusHenry2,9
DJRaidRunner,1
simoninglis,3
MortezaR,1
ch4542,17
alimxk,1
ramo772,1
nathanzbl,4
Ludin-6724,2
Ibaan2,4
ElPulqui,9
Proboy25,1
SivaKannan85,2
zipus,5
devlogy,1
twbraam,3
bradtaylorsf,16
abnerjacobsen,4
Ceus,4
ConradChoi,1
meguia,1
rom1504,2
Shiv1799,1
Nowass,12
Lesultan93,14
default82,4
marekmiklusek,1
huule2605,1
lmxt12,1
preduct0r,1
Vinhkt2005,7
logickal,10
sabhirud,2
coleg143,1
mshams999,2
V1CMA-V,7
jaystonez,15
kuyeonkim,2
hmirin,1
suneettipirneni,1
Adrian-MC20,1
shlomosfez,10
bullardji,31
davdxpx,11
andyrat33,2
hcarstens,19
HeikoBornholdt,4
jey3dayo,10
scortes5,1
LuisDiazData,13
danapsta,3
joosuhail12,4
Igorsouza1,8
hegasz,10
TonyGravagno,2
buscapy,12
caplitos,1
HeitorQuaglia,1
henrikhenriksen,1
vash2695,1
mrz1836,29
berry-13,7
reycotallo98,2
Kasparex,1
aidachud,1
codexhubing,2
mrhegemon,1
Avdhoot-x7,10
lDeank,1
jarsantos,11
TomoChart,6
mikastamm,4
konne,4
boutaga,11
Olima34,8
Bolpccc,1
BalAlexDec,1
amcchord,2
bussyjd,1
ggkkaa,1
bmarquismarkail,5
yuki-koma2,9
sachinsonipa,15
Ich82,3
sabrikaragonen,9
shroovv,4
kenmarshall,5
Wapeto,5
jedisct1,2
quickDESIGNnl,1
Ludwig182,11
AlanTN13,1
scragz,16
alfiansmart,1
3x-1,1
harsh-mittal-tryzent,2
clystian,5
BranchX-team,1
luketou,2
TomokotoKiyoshi,1
SeluneElegy,4
Pillenski,1
TsungHanChou,7
nemanja23232,2
naumoffp,1
AMOHA-98,2
manucastro93,2
avelev99,5
mcolangelo226032,3
PushPull-Hub,8
LISTEnergyIntelligence,1
Khriztian9,9
Markandayan1518,3
GOWTHAM-1mb,1
caioplcerda,2
MattMagg,8
RapidWolf95,4
pinhorenan,1
ParthibanRajasekaran,1
DekBaCom,2
MiroslavStoyanov,15
jaikishanchaurasia,1
adi1506,1
JWolloch,1
erfan56b,1
aryan01104,1
jamesrcounts,1
byteshadow,4
thomasswf,1
Giul00,4
cahhil,1
tomconte,2
1Jadaru,9
jakeosmith,6
ChrisPirillo,10
jheinem1,9
alexeyhome21,2
ODET-hub,1
meteorinca,2
spookjin,4
Navaz-Chilakala,1
Deepakd25k,1
carles-abarca,7
yamy24520,1
talgo10,4
Lorenzomeravillia,1
KubaGameDev,7
jordantolin,8
GStan5,1
ITCH2-POSGRADO,1
santinopolidoro,1
AutoGesto,2
Dr-Ake,22
TotallyNotLethal,6
makizeninop,1
jodeci,1
danbodruk,4
Jordondunkerley,4
adhyanaadi,5
danishi,9
SwineCoder101,1
sabir116rus,24
Isabelladjohnson,1
gregory,2
KultiginOzturk,2
juliocebrito,4
tyashin,1
enzoRam1rez,6
premac,4
sellarim,8
ambijat,4
leonvanbokhorst,8
941design,4
vladislovely,1
pedrosaunu,6
hirosuke0520,5
strickvl,19
tLewisII,5
Luis-GameDev,1
JackChan809,1
aitorivera11,1
nukk-pain,8
Tommy-Parisi,4
erickviking,41
Riozn,12
rdgr1,2
ra312,1
sameers22,2
mfilipelino,11
sosamaru,1
Kratcker,1
rifferreinert,1
rajarajananbu,1
ivanclas,1
Rensodiaz,2
ohesotori,1
seira93,1
Netaniya,5
wiktorlaskowski,11
kozlov-dmit,7
giovannifrontera,10
43CH215,1
ferdhika31,2
DeagleM,1
jamalleelee,2
ai-assistant-idyll,10
marcosantoniorapado,2
hippee-lee,1
erimkun,5
N-Shimoda,3
enjoykunta111,9
AmanBothra,2
dmeisler88,3
Ju4nD4v1d,4
levtit,12
asif-07,4
tofisch,14
majestyz3,28
vaishal35,2
ahadx-12,1
eduardomizael,13
julianhmm,4
jhocan55,1
anton200369,12
j-labbe,1
florencito,17
RoboY59,12
Uncommonness,1
rasulstorm,3
Quadraxis77,3
MarceloGarciaRojas,1
adityakamat24,12
dovorokwa,1
psiholog-tsa,1
alexlyan,1
abwalls,16
kobayashiAdriano,14
mohabbati,5
soulexx,6
sethuiyer,6
costaeder,30
MandoLop97,19
heitorfoschiani,2
Abdo-Nady,7
baking-bread,2
neurachnid,18
AyrtonBorges,4
simonkell,1
ice1x,8
kristo-godari,13
sunick2009,5
clarng,2
omitsusan23,13
MCPeppy,4
Evilander,8
hiroseik,6
rosivaldocamjr,8
megamoeus,1
dcomley,5
amarhany20,1
TNEli1,1
nak2002k,10
CodyRay96,1
eshaanarora99,4
jvazmad494,1
henrique-gerhardt,1
Hernangpr,4
kivle,11
jameel0901,20
icher06,1
alibowbow,7
alarv,2
saadh,2
bassfredes,2
urunsiyabend,2
Nico090909-eng,8
EmirhanSyl,4
brownho,12
sametargin,1
xKaptanCan,2
ogix34,2
kopyrin,1
JamesBelanger,1
wenyen-hsu,2
enterlink-gr,1
WhatTwoWear,1
Pablohorch,11
andreystavitsky,1
namoopsoo,2
AiPulseInc,3
sixesandsevens,15
sommer-ph,5
kw572,1
TommasoBendinelli,5
BjornMelin,26
waelsy123,17
renanaugustosr,5
Zinkirdazol,1
MemelyPepeartly,5
CleversonHenriquefg,1
nicesoft-labs,10
ELjayMedia,13
wrightjb,8
ikhong0303,4
aldiaa2009,5
sur950,9
StoatCloud,1
hfgong,3
Mellisa-Kiyokawa,9
masonbesmer,15
Raphaelhhc,3
menjoo,2
filipmagula,1
larrelandin,8
bassings,1
PamelaOrmeno,1
mvsite,6
reversedfate,3
MirniyPirojok,2
Yongerulm,13
Bryce-Reynolds,2
wong-ziyi,14
swyxio,2
shaaza,4
kojott,2
JellevanE,6
im23b-busere,14
litio2001,2
hugothomel,3
marsch,2
2112kraken,1
hamza5645,5
mkizka,5
rikim811,5
ksoda,4
Matheus-araujo-dev,4
mariusvm1,1
benaja-bendo,13
pardinithales,4
kstruempf,6
duwuboO00,3
CivilEngineersCanAlsoCode,2
reisene,4
fuwiak,5
DreamCatcher369836,3
sumedh1k,2
cocamendez974,6
japen0617,1
sebrusso,5
Julz19,4
buechijonas,1
jaschazittel89,4
Israelgoularte,3
drgom1,4
cssjoe,1
thePostFuturist,6
mank-kk,1
sanjushahgupta,11
filimonov,3
simonscabello,1
drblallo,6
ZenTheMC,5
Danysahne,12
murasaki-violet,2
piyneenee01,1
LiyamFlx,6
reindervdw-cmi,4
burak-adanir,5
zriw,1
Geert,2
justgithubaccount,6
Nestert,12
3arlN3t,1
YahyaElghobashy,1
pewuenzet,1
JacobZuliani,2
White-Green,16
Rainman1980X,2
ling-nyc,4
fscheu,4
larseneirik,24
swiecki,2
MtheTeacher,7
ajubin,1
zariuq,5
heitorsoares12,14
RenyEnnos,5
AthlioSports,5
dallyp22,12
emirn,2
PabloViniegra,11
Alvetore,4
twsky100,4
mkotlarz,1
otman-dev,8
kickinslowly,1
Nerd1029,1
cyrilghali,10
VertyyBird,2
auroris,2
BennettSmith,3
Ziqi-Hao,1
dlrandrade,3
AlanS839,6
alexbarbaron,1
Figuier7,10
boenmax,1
radio-hate,3
khalidelmerrah,5
dumbusn,1
keisuke-0617,2
Thecreative1,5
UndeadRonin99,5
emdeh,2
JZwanepoelEVG,6
vakilbashi1,2
MRxwr,1
Lainelle,3
santiago-afonso,1
Charliehemes,1
nocontextwindow,5
Cinezaster,3
sebasmoreno7,5
talissoncosta,1
AveryPalmer,10
borispulyer,5
michal78,8
mrlewismharris,11
gustauobr,4
Nanu-star,12
DouglasAmaral0,5
mattkuda,4
Grimmasura,12
monsieur-akhir,1
Steventran8888,1
asherellis,8
alexander-fischer,2
MrTarezo,1
YafahEdelman,10
sanmis022,5
allen3325,5
chiragtalsaniya,3
NicklasWallgren,8
prikotov,8
paulbreuler,1
Dbliss,15
pablomoretti,2
max-commercetheory,1
LexHarie,1
Nic2311,1
kahl-dev,1
WASlab,2
yshyp,1
daveingle,1
toughluck007,6
haroldavenia,2
nestorguerra,1
saxenauts,2
romainmorel,1
Akash-N-Pai,2
Otodeodo,1
maxrekorder,2
swap357,16
stevesamy,11
matiasanchez14,3
PawelNiedzwiecki,6
RIXXS443,4
hsynalv,3
charles-gentry,8
faustogenga,2
vps,12
decli,3
abduld,5
luminati,5
TaewiKim,3
bgub,1
wanawin,4
SpringerSquad,1
SvB966,10
Poppo001,1
a2chub,7
kenken0830,3
ran-polyscape,1
Hiromi-Suzuki325,1
weikejia123,3
Jackson-509,1
DanielFsH1,4
Augustocoder,5
Alexh2807,26
clefss,1
Allo11727,6
kapil-vishwakarma-7,1
ordnaela1210,1
ihtushar,13
jflatow,2
gogog01-29-2021,7
niosme,8
ldmarz,5
jeezs,11
djey2007,5
Gakommunication,2
ivuorinen,56
AlpSantoGlobalMomentumLLC,1
nguyenthanhasia,3
Lotar-lucas,1
elestirmen,33
hishamkherbouch,7
xristoskout,1
TaiTrien,9
DataRelic,4
banksad,6
meesum-Ali,13
kmosoti,2
jab3z,3
cevatkerim,2
viniciusad,4
Stanleykenneth,10
bares43,9
YashwanthGathuku,7
chanrithroung,1
cobaemon,16
Ishwarpatra,4
NguyenLeDuyy,1
nakakoh,3
tamtamchik,1
rayw000,3
xkaze09,1
Podarkes,6
TechnoNene,10
fermano,4
daichira-gif,19
terrycox,4
jackdelamotte,1
saransh191120,13
bastosanaa,9
MetehanYasar11,7
ticnutai,2
mattrulesallok,2
MstfOztrk,10
xIceWizarDx,3
cromee,13
jihad-g,1
ChiroNexus,2
dorseg,17
Mesmon,3
MohamedMBG,4
rsnummerdor,3
max-pantom,25
justicart,51
superkaiba,7
choiprogram,1
sugyan,23
endymion,6
williaby,17
mzbac,1
stonecharioteer,6
Alexbeav,1
brandonbloom,1
shanebarringer,4
coderberry,3
simons-plugins,7
traponion,4
sters,1
haya14busa,4
toms74209200,10
braindaamage,1
hjanuschka,1
yusuke-sato-engineers-hub-ltd,7
spwebcreat,1
xtymac,1
jdx,15
joaoblasques,11
24taro,6
0x1NotMe,7
majdyz,3
arunsathiya,4
MasatoMakino,1
stevenweaver,2
baskaranz,1
g7adrian,2
trevorwhitney,2
yannbam,1
orioldc,2
daveio,11
weppa-cloud,4
yukihito-jokyu,1
ktaka-ccmp,2
Doarakko,1
ashmortar,1
adamdude828,12
dansisco,15
fukubaka0825,1
malston,1
renovate[bot],2
lsj5031,1
andrewleech,3
panghy,3
necofuryai,1
RolandLittlehales,5
rmc8,8
robwhite4,6
plageoj,1
fohte,4
gabadi,9
yone-k,1
hanscj1,2
osauer,2
jedarden,1
CXwudi,1
siakas,1
camoneart,6
JoeDupuis,2
adstastic,2
sserada,10
bouthilx,6
laysakura,3
mkrueger12,14
MHarris021,6
misza-one,1
d-nishikido,2
davidamacey,2
r0227n,9
bearded-bytes,1
Benjscho,1
primeinc,4
intellectronica,1
jons-pf,3
solstice035,1
mpecan,2
adrirobg,2
jonallured,1
galligan,12
h-matsufuji9,1
mikearnaldi,5
ricable,1
gs223gs,4
ohdearquant,1
IAMCYBERRY,2
dtinth,1
yuru-sha,1
grepsedawk,1
kazuya-tanimoto,1
teaguesterling,1
seakayone,1
emahiro,11
reubensjohn,1
Kurogoma4D,1
IgorLeno,2
BridgeXconnect,1
sumee-139,1
richhaase,1
ChadHattabaugh,4
nalpari,1
SecKatie,5
fk-dcardona,1
maurelian,1
bskertchly,4
warrenb95,1
zpetrace,2
mssoftjp,2
swm-sink,1
Marimo-317,1
mintiti,2
zancas,1
shawn-sandy,3
ViperJuice,6
9c5s,3
jsonify,7
lightningRalf,1
okayus,2
epanonymous,1
apple-techie,1
levmichael3,1
m6511,2
navicore,3
ming86,1
kylos101,1
a-c-m,1
nnegi88,2
unsolublesugar,8
K9i-0,1
Samar-Bons,4
namidapoo,1
steezeburger,4
busser,3
Nagomin-dev,1
korallis,1
wen-templari,1
thusdigital,1
kako-jun,5
SotaYamaguchi,4
ModerRAS,1
YongBoYu1,1
rueckstiess,1
taurean,1
anoncam,5
ssyberg,2
harsha-gouru,2
nickskalkin,1
paulgb,1
abrichr,2
vim-zz,2
yintzuyuan,1
shellen,1
johnwlockwood,1
kenalba,1
junkfoodsrc,1
t0m0m0,2
kirniy,1
jimsantora,1
TraumaER,1
pjvolders,1
HeinzDoofenshmirtz285,1
taras,1
drapon,1
jamietanna,1
mshinwell,2
pwt-cd,1
a-deal,1
hamkichi,1
cy6erskunk,1
rishigundakaram,1
zmoog,1
Tantanok221,1
tasuku-suzuki-signalslot,1
stefanoamorelli,16
bubblepipe,1
zensai3805,1
fyuuki0jp,1
pinetops,1
cnuss,1
rahul-tuli,1
Oriloo,3
ivesterr,1
man87sharma,1
Anta18,4
skvrahul,2
RobertAntonov,6
isaacwallace123,1
wynner,1
huseyinxates,3
HubGoodFood,3
dpes44,6
lsivitz,1
tsaiy,2
MrManifesting,4
imadilkhalil,7
Aaron-rpre,2
sectumdeus,3
warlley,3
aweijnitz,12
mattyep,4
no4jargon,10
voidful,10
maximilianoarmesto,1
Rsho11,3
malditogenio,5
BenharJohn,2
AniFan01XR,1
ddg885,1
Dams0n,1
vijaycodes-tech,1
guaxassa,1
XiaoliangWang2001,1
taeeyeong,3
meganeguma,12
Balazzzska,5
aaronguostudio,8
biaojiang,2
devwithdani,2
Cutty1483,1
elelier,7
esoto,4
tanujdargan,5
MrHim0thy,10
steviepinero,1
fredrikgrahm,2
mblackst,6
KD23243,1
NazaMejia11,4
wwExpert,12
SykkoAtHome,7
Picklesasdf,4
adienstag91,5
6cero3,7
smilefortina,3
maxundeli,2
PGer871,1
ana-cabrera-veevart,1
leosmillovich,2
tozash,19
FractalVantageAI,3
xuanli,2
RX78G,20
bulutk,10
KikoPalomares,3
RenanSantos0,7
SidharthAnand04,2
RizzHole,5
Wesllen-Vinicius,1
Saterz,5
Cnstechgr,1
TriangleSide,9
lrwlf,2
muhammad-rukunuzzaman,3
carlos-morais1507,4
RadianDev01,1
MahoItz,5
Tejasvichand,4
Jonghwan-dev,5
maryp0ppins,3
jchua003,25
WillianErthal,2
silvafilipe9036,1
Bricx1,18
chenzixin1,1
kevin4hig,3
RehaInce,2
pmuscat41,16
ornsteinfilip,2
mula306,5
kkjsawantucla,4
facundopignanelli,12
mehrdadmoradi124,4
pwalter92,1
mikosanil,2
anyulled,4
blduffie,3
IWasAClock,2
RushIjokey,2
GitZillaa,1
tsolomon89,1
r3tr0eth,1
YvonneQin,1
anusha3ali,1
shota-yano,3
Yannix,3
hallj2,1
yushinliou,1
ThePalad1n,1
fky8,1
Duckycoders,4
ferdean,8
amirhossein-jamali,2
Kazimir42,1
ChristopherMori,7
Art9681,4
SourodipRoy,12
duskdating,9
MedouneSGB,4
romengrus,3
LahiruV,11
paps,2
AstyCX,1
mkArtak,3
akashdbsf,5
Fours9,3
Halyconer,1
Bernuz2003,1
GoBeromsu,3
aseldawy,1
Sakirul21,2
tylerc66,2
Mrtecr,1
chri75252,12
avilaf49,2
marcgarmen,23
Kingwilly6942,2
dhanunjay1729,2
ksong0xd,2
boryzo,9
abdullahadel98,4
kkohtaka,8
annajenkins-openai,1
filip-porebski,12
maxipes99,1
C4rlit0,1
eiji5520,5
LucaDelmarche,4
MarcValls,6
kutluege,1
edenagar,4
BharathChinthallapalli,2
TheLosingEdge,2
RobertOlomon,11
JVSantoyo96,1
nekofar,2
looser1255,2
Maltlac,2
peppapig450,10
tombomann,10
alexdesander,1
afvallejo,9
therealmoodt,12
adrianogil,3
manojuppal,1
Gil12401,1
Elsnight,1
Abdoullatuf,6
MikeC-A6,6
ruisu2000p,5
drperky20,5
karlokarate,4
navjack,7
andytip,1
kochpaul,1
jonathannorris,16
derder3010,1
runlucky,1
Xproject233,1
zNirro,1
theandyl,1
maxim920,1
Zpankz,1
Z333Q,1
bonsai-tree-model,5
DongVNguyen,1
idenfar,13
mathiasrw,1
CetinSert,5
Vookmarket,6
mananshah3923,1
NeckrosJAC,3
valentin2romero,2
bhirmbani,25
yashrajp84,9
Flarenics,2
AfnanYapu09,12
josejesusguzman,2
Zveruga,1
serhathus,6
akshav-coder,10
roryheaney,14
JeanPinto1992,13
vsamimiadesso,5
ropal-m,1
lhadjchikh,4
b-tierney,8
kushal-10,3
tiagossm,17
michaeletro,1
codecapelo,1
shiningxy,1
jqman23,5
chenle02,5
destinsunglow,1
anasseBricha,1
jnunne-hub,6
gofuckbiz,1
jeffkos,5
giannistbs,2
fr0derick,2
jevke25,1
camgrimsec,1
gvfoster,1
tsle1-ua,1
ParZ1fa1,1
kevin-cantwell,11
vossccp,5
yxshee,3
TwixtedChaox,4
olibark,9
manmohan659,1
marcotulionasc,6
DLink33,4
javisin,2
crydone87,1
ingyamilmolinar,2
BachaBajceps,3
cordis-dev,3
kelvin219,4
likon-francis,2
mmh80,4
da25,7
Denison1526,1
Administrator2023,1
kentwills,3
redeye,3
6uhrmittag,5
sriharshamittapalli,12
igrr,1
Kelvin0880,1
SaiRam-Peruri,2
goldwizards,2
hagaybar,7
kleper,4
decode9,11
SantanaDV,2
buzybee83,6
RENicolLLC,2
izaakk,2
edgesigma,2
Javier747ccc,5
Billtracy,4
gaabrielmunhoz,1
CJavierSaldana,7
IvanildoBarauna,9
kaitoyama,4
laurikjk,3
JohanWesto,7
Paladin92,6
sunshine-sutingjun,1
Zaka,2
MMoreira9451,3
bitterbuick,10
catatsuy,15
danielzaslavsky,1
abpa33,1
Bryntet,4
ghyter,3
508284405,3
AiVentureAnlytics,4
harryroy,1
xyhan-github,3
ThePloy1990,3
selimbayac,1
MarlonMedellin,1
carametal,1
gabriel-lucas-a-silva,1
Ukunda,18
wverri,2
richardkundl,5
MindToMuscleAI,8
pmd3d,1
xen3rgy,15
CesarNog,9
uwesterr,3
aliraza2594,1
nemat082001,4
tomasrl18,7
tbernhard17,2
manishshah-dev,7
stephen-ashby,1
ForestWarbler,1
samsonajulor,1
Beno-Tu,1
MilanUngerer,1
VictorPrudencio18,1
gianverdum,1
anantvignesh,2
mariojp,2
VISHNUVARDHAN25012002,2
lienching,1
zetsuchan,16
Nathnaelmesfin,1
craviotto-cloud,1
DaisukeHORII,1
sanket467,1
alberto231090,11
ericman2001,2
bartosz1212,4
MinCha,2
baxen,1
hiqsol,1
goodjobjeb,11
hbstone,5
rhodes7777,2
Abhishekcod1,3
Chris27008,1
cbgregg,3
shubhaygautam,3
farhad-abtahi,5
CernyMW,8
destroyercreator,3
alec-flowers,3
noam-alchemy,5
abdou-2000,4
jacksierkstra,2
scottgigawatt,2
xendose,1
Juancho1909,1
haiping3,2
Oksefar4700,2
tiagosantiagomkt,1
strider73,6
gsharad007,7
engqsucessor,4
svbui,3
reactivspace77,3
y-mae-dev,3
Knocks722,9
shashidharTuring,1
DaFum,3
sufiyan-cyber,1
jose18-miguel,1
JoseDv1,4
C0R3YY2,1
Serpenlog,4
williamnoon,3
ftnext,4
neurochilds,6
DiVotek,3
Helw150,5
kevfuzz,3
mihainadas,5
ptech2009,2
kasperbirch1,1
c0nsequent,3
OmarBueno,1
amanish05,3
sara-hamza,3
diego-cavalcantii,2
jaim-ito,1
hananather,4
erikafranca,1
Yengner,2
SlavikBlxt4,2
nawrashaswia,1
juniorfontenele,2
Tristanalois04,4
james-olmeda,3
mmistele,1
aboys-cb,14
tsaosula,4
wesged,3
RecheDev,2
royvanrijn,10
RodrigoArd4,2
QuiltyVal,2
Thisun-17,1
Inoi89,1
mrgizmo212,10
mnencia,1
ris2830,1
idrisay,1
enesbytmr,28
gilzero,1
agatamasataka,2
LucasMiller2020,6
bumbutudor,4
Yapibe,3
foye3,3
altair-sossai,6
LionLoo,1
ciplab-dubai,2
vasanthLee,2
rishabhrawats,1
vincentschen,3
sanjeev2981,3
Kayariyan28,1
Tomcrconsultor,1
acoletti,1
Medden63,26
GelatoGenesis,9
Atypis,3
RobertMischke,2
belenkymr,2
randomor,5
jknowak,9
siewealix,9
ajfahim,7
butoshi,19
jeshapiro,3
wbratz,3
Sevaed,1
IAenFormation,1
declanhuggins,8
MisterFlask,17
Mr-Ye-Cao,2
samebr0dy,3
danabentz,10
michael-zidar,4
MLPChag,4
hammsvietro,1
FilippoLeone,2
r-agus,12
jarvis-oneai,7
ahmedHashwa,10
jorgecif,6
Dolfino,6
otassetti,1
Raz3r-Hawk,1
bhupas,4
Tonnydesarrollo,1
SebasnanoU,5
MarksmanGotc,1
ksduran,1
Yassi0022,3
harche,1
gustareis31,1
KisaragiEffective,2
andviana23,3
Aboodtarek2004,6
David55512345,2
nguyentruonggiangvbs,1
kilianp07,1
IkeyBenz,14
reif-is-a-foofie,2
v-anunciacao,4
andromedakovach,5
Toasted-Aep,1
daanbosse,7
DaleDibbadel,6
chrisprideC9,1
mpkelevra23,1
joaodebossan,1
Royal16980,4
nvnmsd,1
CS42org,2
nayopu,5
shanejholman,2
mangiucugna,7
jayasaikrishnalp,2
AquaNyan,1
Durgesh6474,2
fabricadenicho,5
PravinRF7,1
applepig,2
pirrencode,9
charz12344,1
MatheusGeambastiane,7
ep1lept1c,1
LabnexDev,8
weidee,1
surielvevo,2
UsamahMoin,6
ishan-1010,6
ragalex12,7
fardeenk8,1
fchristian1,6
Peadey,3
denn5551,10
softartdev,9
MisterE123,5
AdityaSharma911,2
MGX-LJY,1
iloveburritos,5
ddeshar,5
krotus,6
Kdy010010,1
daanifm,3
cserra16,7
Lollo176ITA,8
skymlr-cnb,3
eliw13,2
RodionQNX,1
steve-suhr-codes,2
GILREICH1,3
Daniil274,5
blackhuang0121,7
juehai,2
yantoblandar123,2
robinbar1,3
iam-skdr,3
bmeyjohann,8
wgbeckmann,6
vincedgy,1
donapart,14
KarimMostafa2012,3
viiewss,11
YohanNzi,2
davidbuerge1,1
lokigod69,21
danteachqe,6
franciscosl-fnet,6
jmcentire,2
devils-universe,3
alukach,3
seopseop77,3
7matclash,1
yibbidy,4
teastin65-Norm,1
VictorEneias,6
ohana23,16
SimonJeppsson,1
TheROCK1985,2
mmasooda,4
vzornjak,6
VICTOR-JEON-1998,8
WYZDataManagement,8
Pikimell,5
Munna-Manoj,1
hoosenmurad,1
IyadSultan,1
iamanshulchauhan1,1
vrognas,6
alric05,2
jirimaier,5
nbonacchi,5
Keriim,1
rlutgendorff,5
designarttdev,5
Segersson,8
Max874-bit,2
sebba081,5
apiscevs,1
luca-weishaupt,9
davidkarpay,4
NiloGregginz33,4
life423,3
hidim,7
dasch,2
josem4pro,1
takiyama-aki,13
tony-pitchblack,6
mbleckmann,2
Mausmato,1
Ezpcy,5
Pouauopp3,1
Starbugstone,4
abhimanyudogra,6
silc22,1
jcnouwens,8
bgromala555,2
JustinVillacorta,6
redEevee,8
kimuti4516,2
AndreasKallstrom,1
rvillalobos182,1
Tristan-rm,3
RookieJoel,9
DylanMBrown,2
2050xfs,1
alhllc,5
jivtesh,2
Anik06102,3
davidcameron,1
hasnainali659,1
Shajan,1
RAKamel,15
jackkerouac,4
slooops,1
hima700,1
josevilanir,1
RussH,7
Vaatjie,2
justiceo,15
sumeetksingh,1
asama0,5
jescarri,1
Matum-sw,3
WhyTrevorWhy,1
SirGamebot,1
jtiemann,4
Zhangyanbo,3
msr2903,5
TimZmD,5
jeremy-p-mann,1
ARLT-Tino,1
maury91,4
simenovrebo,4
Gsus01,3
TYNCode,12
hyperpix,4
ssimpore,1
iulic876,2
Toxap,2
simonzen,2
Ileices,2
tlanch4837,6
aytugeren,26
palaanudeep,1
truongduongkhang277,1
njm1250,1
salmanmahmood199,9
vbassn,5
eluzgin,8
sspenst,1
nick-youngblut,19
gallaghb24,7
Vadim152,4
ahmedshabana,5
Mau567,7
abielallen,2
yonxel,15
abhik-roy,2
suyashss,2
EvertonTeles036,1
siva-k85,3
ArdaFidi,2
Shivsaranshthakur1,6
pablorsk,2
lucasfads,1
dsohonosom,3
Kevinxyk,11
changhyunBack,3
tony84727,5
WentaoX,1
PetrosyanDev,3
RodrigoSHL,8
wwardha,11
PiotrJerzy13,1
c0zzy98,1
JBaczkoeski,1
DonavanAlencar,1
kaushika05,12
jaxfry,10
thdev-mobile-team,3
Corentin-Bds,3
VincentGuyader,5
SashouSashou,1
Phenomik,1
ceddto100,1
alherm7,1
GUNDEEP07,5
andresayac,1
adnvilla,12
Shinsekami,16
suxatcode,6
datainvest23,1
berkayC01,2
pulssart,4
flowsn,1
Adishumla,3
idlebear,2
golikovva,1
fabceolin,2
EB200000,1
Anpr01,13
camposds,2
DKRANGEL,1
sidan5,1
joshmorgan1000,10
imagene-shahar,1
jmandel,1
joulei,3
BebegeDev,2
TaylorFinklea,5
duchuy1612,20
hanihashemi,1
whreissemicolon,2
MueidSamad,2
TakeruIto,1
cosfiner,1
purpptastyy,4
spezifanta,6
aaronfi,1
krishaamer,1
alirezaaghae,2
Yongqx-0313,1
ewokninja,1
tipsycode,3
Anthonkost,8
AlanDi123,5
bobliboya,1
i-tabu,3
dbaldes,5
fabiombarreto,5
Wally0517,1
lehuunhatminh,1
SafetyDav3,2
TangKL7,8
Daichi8922028,12
puddicombe,5
FranciscoMontiron,1
Sergjey,1
saint-scandar,2
thumuladinu,5
BibamusErgo,1
tbuenger,1
PneumEvolve,9
KingMo5h,10
efimerotiempo,11
osher-reuveny,1
KaiWalter,8
xb1g,2
davidhermosilla,4
kylewhirl,7
sledigabel,3
esanchezm,1
bruisedsamurai,3
ceearrbee,9
ajcassanodev,2
willbonde,1
JohndeVadoss,3
SohaibAshraf218,6
pedramamini,2
suleymankayacan,1
arda-sahin,1
emreozdemir0770,1
Mobidat,4
onurdevs,5
dedelul,1
xtrade1002,3
mihailmariusiondev,3
bnsdev1,5
luciancernauteanu,1
gitjisu0805,6
NJRca,1
Ai-camron,2
GroenOogSeeMonster,1
FedassaMeg,1
ucielq,2
arunkumar-av,1
AustroMelee,2
srrk-GreenMan,5
KristianLowe,7
lakshmikant4u,6
maruarandi,1
cecrdle,2
shyam-menon,1
Jenda1yn,1
cmavro99,4
g3lson,5
Viibrant,1
snopshot26,3
Nhimphu,80
macglencoe,2
koutsenko,6
FacundoSpreafico,2
a2o1o,2
chesito1120,1
nadaldejonge,3
omrryldrrm,1
Yolestick,1
diyaaebrahimm,6
geromendez199,3
Redcat468,1
chennurivarun,9
stanchev-dev,6
optc-ranking,5
bob234566,3
Brahimets,4
dan-rocksolid19,1
Vbenzer,8
valleyUp,7
vereggen,1
Everyonelies135,5
lucauv,2
thanos-wandb,1
chefbc2k,3
NevaSec,4
Wegatriespython,2
ac-rupesh,2
nukejhuang,1
seanmobrien,2
peterswimm,1
drzo,9
Tunzale1,1
bader1919,2
juvi07,1
doggy8088,3
W3JDev,1
pierceboggan,1
jkotiuk,2
andrehe001,2
jpalvarezl,1
elaverde,1
CasualEngineerZombie,3
midnightcrisis,2
DatViseR,1
AshishW,1
Alexmiami72,2
arbaazkhan-ak2,2
alexsrs,2
tnaum-ms,1
pskrillz,3
tiagonunes1491,3
Trungkien2,1
UzairPasha,1
okgoogle13,1
Cbarillot,1
HishamElhamayel,1
ta-tofu,1
krelinga,1
jnorvi5,1
schrecknetuser,1
Koloqs,1
mederhoo-script,1
yovoyTecSRL,1
rachandzach,2
lakafior,1
Natteens,1
gasparfranciscogulungo,1
petrosg8,3
dannistoneca,9
VitorViel,3
sebas30073007,5
mzxchandra,4
yuandrk,2
tdrkn,17
kevinstumpf,4
Kacperfis,1
jaineelmodi11,1
Jaroslav-Loskot,3
FilipiSanguino,6
Aloush7717,1
bairesearch,2
jfernandez,1
graniet,2
boomshivzz,1
OriHoch,14
samholder,3
ho9036,2
bnjkhr,2
azusa-dom,2
Fixuuu,1
Chris0Jeky,3
HeteroCat,1
rozlemieux,1
NavratanMIS,1
TaigaTigerKobayashi,1
snikkam06,2
rossvz,3
Abraham-y,1
swilcox,4
emiliocastorena,1
Matyharo,1
mrezk84,1
Camfenris,1
BlackHC,5
carlosdp,2
madooei,6
damianparrilli,2
joelprakash2003,6
Isabella-Bigoness,1
princegyan,4
espunny,1
brandonbryant12,2
eghasemy,8
JBerrios08,1
Emerson-Okopnik,2
deangilmoreremix,5
JuanJoseSolorzano,1
mac999,5
wardchrisoid,7
rectinajh,1
MalfridurEiriksdottir,1
fmanzur,1
PrinceAli08,1
ionmaus,12
psych7,1
onegoodthing,5
gs10n,4
vijayanandmit,1
crymesmikey,3
ColemanStone,9
gaybssz,1
shreyasgharad,1
manojmobo,2
kartikk-k,7
Amanhandele,6
colohnter,1
p13l13d13,2
mrh0ql,3
datxale,3
Mbrite-osmose,1
hamzameer,3
Yachitha,2
wcygan,10
zorotl,3
t0nn1x,1
urshanselmann,4
uridiumadmin,18
2b9sa2owa,4
bym010312,2
MarioFfm81,1
Fleer02,1
SimonRollus,1
Tokioace,145
Skorp321,2
feczkob,3
JagerSu,1
sijanxo,36
ayerswj,18
CUTZY,10
mohammadhosseindarbandi,1
hunterdwhite,2
mlzoo,6
crespoh,9
liam-blank,2
x3ns0u1,1
MovieAddict88,39
ps0405,3
graf4ik322,9
AwitaRefrescante,1
fnfadelnibras,3
shubhamrai03,2
DeeptiBindra,2
fahim-w60,1
chadneal,2
VinitGurjar,1
Lefays,1
mitchell-johnson,2
gourabop3,63
Air4ce1Jr,6
css-test-max,1
vstyran,9
williammillerworks,4
lichtbaer,56
Indumati-K-Raja,2
bhargavqwertyuiop,6
Ches-ctrl,1
hikkyne,1
imsks,9
raihannishat,30
y-nishizaki,27
cholmep,2
aspen-1021,3
onedayonepaper,47
Mdishtiyaque,1
website-deployer,1
Ravana-indus,12
matyp1,1
DansiDanutz,1
joellugochvz,2
saminacodes,10
thomasltlt,2
krishsanghvi,5
Gbrothers1,6
tilturmundleufer,22
pietje030,1
subejoonfire,15
BillyBobz,2
chris13524,1
ShadoowDz,7
ArunJoseph19,1
scopsy,25
kaiuhl,1
Rul1an,50
LuciferK47,21
Parth-Patel01,5
Aahana04,1
AI-NOMIS,2
willccbb,9
catdevnull,6
RMMwalali,2
mattiaquiroz,19
gabrielblue,2
Guduyiyan,1
bugragungoz,7
fugufisch,1
MohSeyam,131
hungrymanrohit-oss,1
adorade,1
DPINE8302,4
SudoCrazyDev,3
Ryan-MG,2
utariyld,15
Foster13,1
Muhammad-Hassan123,9
extendedbyte,6
JoshuaVazquezYT,2
odooanujahabib,1
Nesajecar,1
nimeshgurung,11
sitemedia87,2
jay-matere,1
husadahani,2
everyoneelse,16
Webbro-mani,2
marcocastellani,4
sanjeed5,1
luoling8192,4
codyde,22
praneethpillarisetty,6
pmazumder3927,11
rtlvpn,2
bhuvanthirwani,1
nrattyp233,2
JaydevVadachhak,1
myungjoo,24
cleverleo,1
Murderlon,5
Sriragbadveti,1
levensailor,3
abhiksd,13
pekka-poukamo,33
allahdad01,1
PiCarODD,2
ianjmacintosh,2
lws803,5
sugawaramasaya,41
bllchmbrs,10
mbaretti,2
jethrolarson,42
skinoxbit,1
wilkerHop,1
johnballentine,2
mattheworiordan,4
iamwrm,2
colebemis,6
anc5557,1
pedroohaubert,1
louspringer,1
prisis,15
danielxmed,10
RicardoRonan,3
af03448,4
SengdowJones,2
DiazColG,2
cuevaio,1
himanshu3024,1
mayank30,4
Laziti,6
cbhl,2
CBfrost,2
Retr0Hub,14
dzekuza,1
Kqlios,2
AngelOfLlife,6
alegarcinascimento,1
shelman-max,4
tommitt,3
ericyaukc0519,3
vertX-dev,15
lejw0925,5
vmontanoo,2
robwizzie,4
acxcr,1
mattenarle10,1
pramahosting,2
proframetools,1
KerryNK,2
Krissz554,2
hnmdevs,1
FarhoudFlair,27
noneofyourbusiness25,5
JmsDvll,72
mohamed-ben-lboukht,1
thakuramrita,4
kocobee,16
remekr,1
kzndotsh,8
ethanrjs,1
stachjankowski,2
vasylenko,3
nagdeepanjan,2
nitzanpap,2
soujotals,1
sadkoeni,3
TimPietrusky,3
UrduCraft,1
evrydayjunglist,4
mark-torres10,18
Bennnnip,4
deboorn,5
norbertas156,3
Deeksha313,3
WangChikai,1
ctafsiras,1
hanif-12-01,3
atul-1602,1
mtogi,1
Idea-R,4
okimar42,8
Minhquang16,1
rbhun,1
bumpier,15
dinobuljubasicap,1
vance6891,1
MustafaKoceerr,2
buragc,2
RealScriptix,3
rifat-simoom,2
jadenn13,1
atksh,6
Elinaldo719,1
jusdino,1
TiagoSM0203,1
NobukiFukumoto,1
BrandingNovation,3
NikitHamal,8
siavashfrz,1
Lasidar,4
walkerkaiman,5
adurban93,2
Tempomarvel123,1
phuongnguyen14,1
YueyOare,4
arthurostrauss,1
nimarb,3
shieldscansec,4
junaidAhmedSyed,1
shubhamraghav1,1
Manjunath982-cmd,2
thanhnguyennguyen,1
bybeloss0,1
Misbahkk,3
gabichirazi,1
MiawMio,2
EvgeniyViTk,1
menewfin,1
DenisKoleda,1
Mahnoor-Rana,1
ewswlw,3
dennisallen2020,2
ayushsuryan,3
felge88,3
DinkerLay,1
2002Bhavanak,1
jasonlim131,6
bhabajit54321,42
MonuYadav02,1
Navya032006,3
Madhav-M01,1
ramsys28,16
kris-nwcc,8
mARCINEK2244,1
Oalkhadra-geico,7
AP0L0N,7
SachinS00,1
okaka1a,1
Thomas-Faure,4
emnl51,3
Caiolinooo,1
wmastover,5
akin-mustapha,3
Mastamardi,2
manishhurix,1
delios154,2
ofou,1
tianwei630,2
MauricioSuescun,2
kevinbin,1
laiso,7
gucchon001,5
shouvicksamanta-pixel,3
billyvg,9
thiskevinwang,1
joshsears2,1
edeNFed,7
NajiNabulsi,2
Victor-ZHC,2
Elijah-June,6
ayushsingh186312,1
LeoZlZhang,1
Sayali7002,2
f1shy-dev,2
twosdai,1
oioki,1
jin-zero0,1
aiwabox99,1
Rahelio,1
Lesnak1,2
Abishekkhanal,9
taippon,1
luisvieira3434,1
moyueheng,1
SimpsonRoss,7
ulisescruzescamilla,1
Adric4p14,1
ErikFortune,2
MajSpace,1
AliHamz10,4
Tec-Wang,1
toni-2050,1
giminini,1
mganga-mganga,4
KainoaNewton,4
n1xan,1
sonpiaz,1
KevinB1313,1
reycranel,1
FabioGCastro,1
MohamedElkhouly123,1
igluuan,1
CryptoAssetRecovery,4
ronaldmannak,3
lightning-bolt346,1
spirttomb,3
geneparmigiana,1
byronwade,2
atian25,3
admin091224,1
eduardomoraes,2
spookymargiela007,1
qin-gold,2
Steve-M365,2
thuthao444,1
Arvmor,7
edmofro,2
Skuldier,1
yaramohajerani,1
sadip-khatri,1
metaxatos,2
todicn,6
Hengselman,2
a-metta,1
bemnetbeshah,1
yann-pourcenoux,1
Sowmya-Madanu,1
stephenc222,21
SoySaam,8
jkpanda,1
Taras277,1
freasy,2
testWeb010,2
cpakhale,1
JustinTong0323,1
schwardo,10
dsnrbrwn,1
kalpanaG2004,6
haohanwong,1
jaydeep-sf,1
husseinsafwat,1
hpal1614,8
easiyom,1
shaq2131,1
Jery12345678,1
mp-166,2
Amitjha28IP,1
1093865678,2
keham-10,4
HassanIbrahim1995,2
Donutcheese,4
DeveloperC286,4
Nkauerbach,1
taiyab1208,1
kodaksito,1
Michaelvll,8
GeoGitLab,2
himanshuraimau,3
Anvithshetty17,5
devinhenkel,2
shrriyans,4
yaniva12332,4
Wasahme,3
Lgulle1,2
gitethanwoo,1
yazon,2
youtaya,3
afghan7861,1
7351015,1
Rakkontyagi,4
cloudresponse,1
saklain-s,1
sruzanlolla,1
ManibhargavR,1
Karthick999999,2
rekram1-node,3
ogghst,2
lakshaybhushan,1
kalaiyarasan1919,1
AnushtupKumar,3
krewdev,4
Kenfiz123,2
KerolisKhalaf,1
alex-shumilov,1
k-sakQA,3
Hemalatha-hub-sudo,6
thatnerd64,7
Moondear,3
zzoomless7,3
Louis454545,1
vronskyvitaly,1
christianvuye,13
navyasreenakka14,1
Ajaynagar444,2
martinsantos,1
dz0tto,1
AGADA-BI,2
Rajjak-Ali,1
remo1705,2
hayyantharadar,1
lokopo,17
osvo,3
Aashishvas,1
watermint,3
dneprovets,1
Alon-Abekasis,1
26rao,1
Deimantx,17
Aman2-001,2
MohammadJazayeri,2
leviwaynedaily,6
ruyam-07,4
gtey355,2
mostafaalagamy,8
Yashkrishna25,1
MarcusNeufeldt,3
PuruSaluja,1
Cgxiaoxin,4
alepot55,1
okwama,2
ErNader,1
clostao,2
alcado94,4
0xferit,1
H4K3R-TOOLS,9
houguanchen,1
Udavkaa-ai,1
himanshuchandola,1
wengxiaoxiong,4
AumGediya,1
whojan,2
tasharahmann,1
Amandine0610,1
beshah80,1
maheedhar07,1
NITISH6NKSl,1
DevZAKRI,1
GInv3st,2
Sotatek-LongPham2,2
GGiorgio1903,1
uAvicii,1
sommdigi,3
beihaili,1
ZRY1996,1
betty-murad,1
hanyslmm,3
ximxim,2
jtboss,2
rahul-pahuja,1
Muuuchen,1
bhavynaso9016,1
weizhongart,1
dantex20-debug,1
iamkkronly,1
jesudianch,2
markgoho,1
SpenserCai,1
bharatgolchha,1
KeNnYmF,1
vprimianiheroic,2
bezalel6,3
DimalMaloku1,2
krishmaniyar,3
mikemajara,1
AtlasKonger,1
QuyenNHPH56802,1
sjd-bsbri,4
dheeraj099,2
jetjeton26,1
pradhyumangoswami,4
tymkiwdylan,4
accesstechnology-mike,3
israelElad,1
SRIRAM6369791334,2
pivo444555,2
zhangbiqiong,4
notyoursbaby,1
simaygur,1
Madhav1716,1
ridaalexis,1
baman95,1
rurifu,1
ambreeze,1
dh1011,1
yashraj22,2
kuitos,3
akky8299,1
TPE1314,2
jairodriguez,4
yinyimoshushi,1
pranavnanaware,4
shixin-guo,2
Nakapreto,3
mayanksharma200,4
harshalmore31,1
TofikxMama,2
KevinLetsTruck,2
jasonho318,1
xiaoman655,1
fatoslala12,2
Husnain062,1
MrFixITslu,1
lachyts,1
mikaelkara,5
devalparikh,4
hoakhongmau98,2
Fuzetea888,4
KushwahaDK,7
AbsonDev,3
troydai,4
Adembaba38,3
Lasse-numerous,3
asilisaurus,3
keshav55,4
ivan-kyu,1
LarsBruurmijn,2
harshithakr613,1
byzdotme,1
buckallenlu,1
wanshariff,2
VijayChCode,2
olliethedev,3
IH01SONG,1
Falzz1010,6
HimanshuGit3,2
Bvvvp009,2
geoffvrijmoet,1
homburg,3
matejminar,1
catalinpit,1
Resource-Hacker,2
sureyeaah,2
zulaikhamir,1
SakuraLust,1
ywgr,1
lovelilimary,1
SUSSYFREELAND04,3
Dzhuneyt,1
shipeast-beep,1
gadamsatti,3
lprhodes,2
Giddy202,1
nhatnguyen11111,1
accesssuccessfullcode,3
myself-Irfan,1
zhongxiangaixiaolan,2
mengmaomao1010,2
sanjeevpatil804,1
Rohit-Chatterjee08,1
Rcuz8,3
dev3point-cpu,1
BruhaGronkas,1
francanete,1
asedra,1
SFMiner,5
AkshatMadhani,1
Sureshsangeetha,1
GrishMahat,1
theLupin0,1
Naeem1144,3
cuffkin,1
binuka-imalsha,1
aadarsh-tangudu,2
Sree666498,1
callmedanieldaniel,2
LZong-tw,5
Snail3D,1
Geano1,1
LanunKraken,1
anaisbetts,1
codywilliamson,3
TheGlitchr,1
chetanupare,4
samdickson22,1
Demitas7,3
martinagualberto01,1
rdramanet,1
myidkd009199,1
Lbassoco95,1
knucklebumble,4
SatyamDave,1
0xjgv,2
pure0fheart1,2
henshao,4
shubhamsahu1,3
heavendai,2
themanforfree,1
Py-CI-Park,3
pentoshi007,4
AmalgamatedNanotechIndustries,3
Anwesha321,1
infhyroyage,6
astikasta1,1
HyangDan2,2
sachinsatyapira,1
googletha,3
tarachandpari,2
santafdf,2
Naawaal,1
dan4o99,1
bezhai,3
mohit-nagaraj,1
RVP97,5
Kulaposis,2
24b0902,1
webmapLee,1
melvinfolkers,1
yayayaaw,1
omerkr0,16
randyscott777,1
hyperpoint,1
DuhoKim,5
ashenjay,1
garrychateaubon,1
AbduU1laH,1
pravtalk,3
jarolim14,1
CraftLLC,6
supreme2580,2
yooooonj,2
ImamAriadi2022,12
modarresrealy,1
Enxi61751,3
melodykriste,2
data0to100,3
Aspect5,1
kushal9963,1
rolanyan,1
victoryforphil,5
tanbamboo,1
hetmmehta,1
mohamedshamel575,1
agentfactory,1
Godzilla675,1
skeehn,2
dan1229,10
joe-king-sh,1
sacscloud,4
maciej-trebacz,2
SavinMA,1
StraightUpSearch,6
santh0sh00,2
diegocabral,1
codelikeaproz,1
obolte,2
manu-ventura,1
DimaDoe,1
Br7eleven,1
ethanfuerst,4
dubilla,5
JueHenCN,1
JAManfredi,1
sthairno,6
shamsucomsoft,3
MartinRestrepo97,2
darkkuma,1
Pawan4356,2
harikginoga,1
Ignaciobao,1
LalitSingh07,1
Stiles-dev,1
lostguk,1
Cronicweb168,2
Late-bloomer420,2
agusanaluam,3
Bandy0121,1
Muppalla-Ramaraju,1
zitsuby,1
Nisash321,1
Bryllebanquil,6
AmirExir,1
diectorkim4752,1
hyyds,1
andresmarpz,1
g-hyeong,1
HarishVijayV,1
renyuantime,6
ankush1409,3
aclijpio,1
svrnhdl,3
GaurangMhatre31,1
stunkcuf,1
abirxgpt,1
klept0,1
sambergo,2
Sudais21,2
Joyboy009,1
fillingp,2
valclmb,1
Spandy94,1
itsevenn,1
gmoshkin,1
Higashi-Masafumi,1
Cameron0942,1
tonyketcham,1
qemqemqem,5
clovnrian,1
Yu-326-ta,1
churizhike,1
Remodash,1
pablojavierrodriguez,6
spandanp1005,3
TimbVald,1
MYNAMEISU333,1
yuu56777,1
Bhuvanesh1988,1
qhvssonic,1
ruftwell,1
jostenlin2018,1
luanfiszer,1
Wafaberr,1
daibogh,1
kapilthakare-cyberpunk,1
kurikinton105,2
mateuswolkmer,3
miriangarcia1713,2
epaynter,8
becktothefuture,1
Guitar07,1
JackWReid,1
yutzu1370,1
Georgeamir1,3
ianalloway,1
kyanstack,1
sowrya,1
Yussef-Makhlouf,1
w-duffy,5
vaishnaviparashar14,1
martokk,1
Lizh606,1
buyan-kh,3
skn-1998,1
peli95,1
mclean,1
quanglets1fvr,1
Arhanace,3
will-bates11,2
Vrushabh-vb,1
bejoinka,3
dage,2
NV18Codes,1
mmalakhov777,3
vik-y,1
YuukiKawabata,4
miet2005,1
mvb0005,2
KanishkaRajputd,1
ajw4sk,1
jackdia3,2
gordonjun2,1
jiacheo,2
Erickeren,1
Soheila-sf,1
haotrr,1
robertnishihara,2
nicekate,1
ChaitanyaAmara,1
ake2l,1
jrcasalis,1
Sun-Woo-Kim,1
HungryAmoeba,2
ACHOCKALINGAM123,1
intratechinc,1
lollipop-onl,6
jhonatanrojas,1
princeasare1,1
xpipatx,1
tim-atapagra,4
mohanraj0410,1
mmcmillan1999,10
Harshit4681,3
radhakrishna131,1
fliycode,1
7azema7med,1
moneer824,3
kmedya-dev,4
GITMEB1,1
ChakshuGautam,1
RHILLZ,2
lukebreakground,1
zkreutzjanz,1
rebekz,1
untrustedrevenger,1
RikMerkens,1
opposatto,1
RG5775,1
elliotpalmer,1
kevin06074,1
finn-maker,1
pvssynmusic,1
SrimanthReddyDamera,1
ateferos77,1
mmmeff,1
keyurITworkspace,1
AutumLeaf,1
ahmedmshakil,1
yuwen-lu,1
bhatburhan,1
speedykay,1
hishamedayatt,1
mehmet199916,1
dnlaldrn,1
Aravindan-Harikrishnan,1
pxw00611,1
Gilb807,4
Titulus233,1
flll,1
GreatestDisplayName,2
rafaelgandi,1
evgeny-merzlikin,2
emre-ozcan,1
corsacca,1
Chrisphyne,1
Fidelrock,2
robintsang,1
Mustafaemre848,3
WybornyWypiek,4
otmanebaraka,1
HariboApfel,1
jassBawa,1
guyinsane71,1
Hamzacherkaouiel,1
LynnPoon,1
vrgullapalli,1
GilangLiswiyanaPutra,1
arec1b0,6
CaduGiannini,3
MarioDeVelo,3
adektyarev,1
Udyalan,1
semihsipahi,3
jonwel2020,1
Asingh1248,1
halali,1
HariKulhari06,1
matiiiastorres,1
Pushingcapital,2
rushil-transak,1
Skyd466,1
Alonsoich,1
wayneharrel,1
deerox999,1
ritiksahni,2
Sohamnayak4,3
Vermontnoubs,2
Vineeth415,1
Alpaka3,1
Alfaqeehalandalosi,1
Worldwidebro,2
AbHaY-PaWaR,1
alexshyba,1
Ravi-Badami,2
akinbinufemi,2
jigsawhere,1
zx7m,1
takayuki-ou,1
propr1121,4
darcyclarke,2
htahir1,1
Imtiaz17,1
HelloThisIsFlo,1
damthieuquang,1
Safaet-Rabbi,1
pelocen,1
shashankmpCS200,1
Eeshan-Vaghjiani,3
SafwanChowdhury,4
kondaveetiGayathri298,1
syb3rcy,1
KIRANDHEERAJITH,1
PlanckMind,1
imethakintha,1
SebastianElvis,2
wpdata,1
tanaka0430,1
chunlea,1
jlaupa,1
yoni016,4
zxma-25,2
prishim,3
evgenytr,1
baycemcetin,1
NakulKumar409,3
violetyyy,1
explorboy,1
irfan7-git,1
Victordtesla24,1
T-rav,2
sujayakar,1
ecoffie,1
PalmBeachPropertyBuyers,3
ibrahimsaleem,3
freddiev4,1
iHypeDog,2
djcee-24,1
bwescott,1
Thunder25Beast,1
Ayandeep9,1
fbetul13,1
RobertoSP15,1
Ajalmarri,1
Vikaspatil-hub,1
BK1031,1
nandhakumar04080408,1
djoiner22,1
ishuru,1
cnantoninor,1
AlexandruDodita,3
neoo726,1
vominhtuan910,2
proxy125,2
svstoyanov,1
xDemirci,1
PranavSutar851,1
AmanBhaskar16,1
Nor-ron,1
KunalSingh19,5
shaonirfan,1
staticaland,1
shubham91150,2
coliff,1
saqebkhan,1
Welcomeardin,1
Umayalnagapan26,2
Diegobsantos,1
oyelajakenny,1
JoaoCastroF1,1
Abishek1998,1
malifathi,1
vagrantcuriosity,1
SHIVAWD93,3
Rooman,1
ViNN280801,1
srikanth-iyer,1
TMaYaD,3
websitedesigningstore,1
pablonification,2
Carlys17,1
osm1us,1
Mrutyunjay01,4
Eli-Shine,1
Iamnavodyajain,1
feifei325,1
echandler5956f,1
InsufficientLove,2
mjm75,1
manso24,1
Frees0u1,1
OkeyAmy,1
Sjadr,2
Simonwarui01,1
shailytech12,1
dooodi,2
H3R9,1
xalatechnologies,1
mritunjay-chaurasia,1
kongshine,2
sachinkum0009,3
delphisk,1
zishas1,1
saurabhk1624,1
wertycn,1
karurikwao,1
CarlosASM2001,1
Sandipeyy,1
SatendraBaghel,1
Anderson-Tavares47,1
chingo09,1
Dhamodran16,1
Vladic20,1
huyq84,2
nullpointee,1
nigamyadav72,1
satyakamkaul,1
anirudhasher,2
ykkko,1
Zohair-coder,1
Rajput-Vivek-16,1
prince-creator-lab,1
reski-rukmantiyo,1
CodePro-art,1
ejstreet,1
chirahbhal312,1
toan-2406,1
jessebarocio,1
joshua23,1
Powerck7788,1
Mojo7823,4
DuongQuocNghi,1
liukang95,1
mozedwn193-wq,1
HaySad,2
cgatting,1
Shahkhan789,3
jainammulani1617,1
leomancini,1
karatekae,2
venkata-ganji,1
sunnyyang1576,1
LakshmanKamatham,1
foolyoghurt,1
Rohit-48,1
joseeeeeaaa12,1
AmishaKS-bit,1
tiodio324,1
padmajajayakumar03,2
tbustamante98,1
waquararshadkhan,1
lantos1618,3
enislipovicaa,1
gabrielvaldivia,1
Ashlo,1
whlcshit,1
CharlieLi111,2
odaydarweesh,1
foster1373,3
ParvMaheshwari,2
Hormold,1
coolljt0725,1
maxbolgarin,1
RamonaPrower,1
patabrava,1
is0060hf,1
maheshindexnine,1
ganeshdhadwad,1
jopa79,1
Sagar3333,1
radubrehar,1
exist2021,2
marliessophie,1
TheEmi,3
alpersamur3,1
rt247479,1
nkenjahDev,2
Nicoalz,1
justani,1
prathmai,1
Zhristal,1
ahmed21260,1
WolfSoko,1
Vatsalya001,2
Harsharyan05,1
cknan,1
Ryanhn717,1
jocelyna828,1
Yinrui-Liu,1
rutvikchoksi,1
jacksmithinsulander,5
ggarber,1
Fatttttr,1
CarinaS459,1
Akshaybaby,1
Dev0711,1
soklinkim,1
Coder-analyst,1
JettChenT,1
dav-tech-work,1
mplatzer,1
bgt30,1
SachinSahu001,1
ardaaerol,5
manojdeveloper1999,2
ADML003,1
david30907d,1
Maxime-boulle-bot,1
18844096322,1
gurumurthyramakrishna,1
KishoreTA-Kore,2
turian,2
school-nexus,2
thenumericone,1
Muntajir11,2
SiyahKale0,1
dolceboy103,1
Mina-Sayed,1
bkimo,1
Avni-921,1
aman007j,1
lishalzal,2
jhrsya,1
Hesstillherdog,1
PurosotamKumar12217474,3
joshwand,1
Kurasakirookia,1
therealstablegenius,1
goosewin,1
auqhe,1
Karasu69,1
michael1714,1
Chaokeli520,1
B0SS-C1AN0,5
raghulal103,1
googlesky,1
tobiasz-gleba,1
luccahuguet,1
Aadityasaxena28,1
Hlavos,1
tomstrat,1
amr-anish,1
alanha2005,1
phong151104,1
thejk25,2
Abytronix,1
Lenda-arcs,3
bhanguyen,1
tqgps,1
abojamil,1
udaykiranch2,1
See-Wise,1
quangvdao,1
SimSimXD,1
San-jay-x,1
akrs-code,1
OBozova,1
vaishnavucv,1
ozayys,1
DanielHesse79,1
heyfeelings-official,1
mariuszsportigio,1
homakov,1
tomapple001,1
kopenkinda,1
Shrivastava19,1
MGraphla,1
Krosnoz,2
mountdennis,2
0xV4L3NT1N3,9
eilyashko,1
jay8860,1
swapnilsen9,1
tojo17,2
life-of-kar,2
ricardo39985,3
chukin38,10
synologyy,3
walidouchaou,1
Abdullah-tuheri,4
Salvar,2
HundesaSiraj,1
ashrawan,5
martin3698753,5
Johnny95420,1
dimaby,5
f3rnandomoreno,6
I-am-Soma,8
eupedroveloso,1
shadtorrie,1
Dan-Cleary,2
DonDavici,6
mesbahkhan,3
Yuxuan-33,1
niclasnilsson,1
mecencio,5
tuhulab,1
BHasslebro,2
liduanken,8
michaelfournier064,1
rith321-lab,2
ShaunDanielz,3
AzatJalilov,10
UaDreamota,1
handi425,3
abutarameen,9
YanAndrade61,1
desilvsj,3
jaredsburrows,5
Aleksander-Piekarz,1
lennypeng,2
sunner,3
dhuang-hub,2
pnav1023,3
SahinOmeer,4
xDURNSYx,3
callmesukhi,4
Dcrash89,7
ryanmac8,4
matiollipt,2
bbfred,1
beaumec,11
Hari-Govind-M,4
jpvan4,8
korchasa,1
Thetechnopig,4
gvorbeck,1
ksellesk,1
Ahmad-mtos,1
oskogstad,2
ToshioDev,2
bogdandanielioan,3
renadodreis,2
Abdullahu5mani,1
juanaleixo,3
ICodeGorilla,6
StreamlineHealth,2
viefmoon,2
psolivellas,1
Diix46,1
krisograbek,2
YXDsimon,2
ali-kin4,10
ASMunknown,1
selimcarter,1
Zeloux,7
TaeBbong,2
lochlanmcelroy,3
almerindo,6
RevanthNemani,5
sivachintapalli,8
katurian112358,1
zpark,2
HeatMarie,1
lukifer23,7
kyryloren,3
tiendaenofertas,7
HonorCodes,5
roeybarda,1
ALQASEER93,2
webmasterbecks,2
kvantricht,3
LAraujoA,2
jords1755,1
yymgch,1
ZhumaCoding,4
luizniero,1
aadi30thakur,2
SNAKE0211,1
suhasdeshpande,4
DelwinKim,1
Chojins,4
placek,4
sy-wada,2
Per48edjes,4
Miska-raligun,1
JhonatanRodriguesDaSilva,2
245b,2
ethecheth,4
L30N1Dz,3
rojosinalma,1
dromerosalem,5
Flux-Space-Cat,5
elijahgaraz,4
w3kly,2
gzmask,4
troyfactor4,4
axeUUeng,3
trysmr,11
dreamstudio-satheesh,1
quickquiz545,1
HatOwn,2
Theo200H,2
idmonz,14
sergiorebelo,7
KDobarskyi,3
JoaoV028,1
DJMKBRASIL,1
4eh5xitv6787h645ebv,2
wowzero,2
Caide21,2
petervflocke,5
sealmindset,8
adrianoandrade23,3
hesamcs77,5
rChilLab,6
andreasnonslid,2
Jonathan0004,2
Piotr-Majda,1
Riddy21,1
natebudde,1
nchudleigh,3
bigash42,1
DanielDunca,4
Jcarchboldd,18
Anikesh348,2
ProgramasCamargo,4
cesarvarela,10
vilpessoa,2
dylanlap98,1
crishnakh,3
zhjlin11,11
jack-wz,11
hashLARNET,2
cuttydark,1
covertsonic,4
thedavidgreen,4
Ginter86,1
Jokr02,1
nalyk,3
CrisFunes,1
trungnd18,1
rm-NoobInCoding,1
zahias,7
nickPaterakis,1
barissglc,1
joeljose,1
pranavdesh,2
SamGr7415,2
danibonilla1,2
dineshbali18,2
dinatalediego,7
vinniny,1
usahawansyurga,2
igorkurochka,3
Sam-pedro,1
log-4,1
hjchoi395,1
Temmie-Tem,5
RTJoe,1
madpower2000,5
AlvinRadeka,6
pedestrianlove,1
jdwd40,1
siddhantparadox,12
ghfarzad,4
Epokhe,9
SaimonSantosOficial,2
villecova,1
niklausse,2
LisFamQ,3
hiteshjoshi1,8
epli2,3
castrovroberto,4
mingtao0609,1
ausernamedtom,2
yamat247,6
wooky94,1
Elimara387,3
rubjan1107,1
mkyoung23,2
gauravdosi,6
Rubaine,2
faelsou,4
velokastalyan,2
WalterDevIn,1
zef-j,2
MattiaFontana4,4
Ivory125,6
skcc321,3
vfernandez4,1
raykhumz,1
mehakmushtaq,1
sharpen3d,1
HelixAutomations,1
benstewartskyscanner,2
alexlitwinski,7
raulGuru,5
stonewashedturtle,1
hasankiraz,1
dmitry123,1
Senuu01,2
hat-sag,4
Julioamancio,3
AshleighMab,1
D00mch,2
pcmoritz,2
parothead13,6
nghituanloc,1
NFurkanC,1
seshachalam-yv,2
Meekala,1
wuesten-fuchs,3
marcio-reino,4
cissebakary,2
layfredrc,3
elijahrenner,17
LMayhew04,1
lahirusb97,6
juanifraga,2
FrankCaglianone,1
mingsensei,1
ArgirisGkogkidis,1
hammmkatsu,1
eljuanorey,5
jmossie82,1
Pdbjork,1
hjkwon-github,2
remorses,6
kirillbobyrev,1
SBryanK,4
josemanavarro,7
robertsousasantos,6
builder20th,7
protagorai,7
cosminimum,1
ideasrealized,8
ThatSoulyGuy,5
siwoose,1
silasjeon,1
skaraman,2
basjebasie,1
weiloon1234,8
bean1310,4
XuanTu2002,3
MoritzWallner,8
collinparan,2
wendao2000,3
JesusFV04,1
Loocist23,16
ajhellquist,3
Onuorah-Joshua-Nwani,1
FlpLeite,3
SMD3353,2
brettdorrans,6
MRIQUE,2
ElpharienPY,1
Strongestguy2,2
Xvision-rgb,2
6DiegoDiego9,2
CharlesBoydelaTour,2
MohamedElashri,5
tmoubre,4
aislop,10
yehzx,4
majicmaj,1
kimartamonov,1
yusufdoger,3
Thangtun3r,1
Khrx1999,1
murairyo,1
kgvdeepak,1
ax2to,3
LucaFrincu,10
DrZivil,6
Jules-Rabus,2
ianchak,1
faelmarcondeli,6
hallvagi,7
Sorin2003,1
vebrasmusic,1
djestick,6
xXPapabloXx,3
Aalexalex,5
claire-pelletier,3
ipoweb,2
fintechquotient,2
sutasmantas,9
ChuTungDuongg,14
Sujoydey29,1
Bossy-Ye,6
Soufianef10,4
yxjiang,3
melaraj2,1
eloquence-test,2
leandroecabello,1
bharris82,1
jadenfix,2
kevenike,8
ngivan2004,1
joemurrell,3
AI4DevSec,2
cryptiklemur,2
wargoblin,5
aebrainerd,1
akashinde,2
AlexPeppas,3
sreenidhi707,3
cwilkes123,3
paulohm0,1
renedewaele,1
deryjuslin22,1
Dogebooch,5
devvyyxyz,3
Marianna22Rezk,2
thebrianchannel,2
vinnikirsche,2
Ravager2019,4
Memo-Aldu,1
Fireboy086,1
leiyin11,1
venkateshterikuti,3
atulmangat,3
calledlvkas,1
rcelebrone,6
morongosteve,1
bicury,1
surya-madhav,1
jury89,1
sekuruf,1
haoranzhang929,7
titania-nz,7
laelin,6
andersonbcdefg,13
pmckeown,2
dungbanguyen,3
marcus-zz,1
drbrago,16
tsantana84,1
vmanoilov,2
pdeforge,5
moumen-akkad,3
Midsnipee,2
alandelacanal,2
DanielLasota,1
evil988,3
GuiFranca,2
marcardioid,2
Niek23,1
Linus16666,1
DavidRaffeil,3
flowersbloom18,1
ashhitch,1
happykcz,1
kgetech,1
Neckername,2
eliyahuri,3
bobby-rust,7
DeadFrostt,2
asarah2,3
insightcivic,3
1XC1XC,14
novabyte52,1
hesscbjr,1
orsh23,4
mpckkk,4
BartekDan,9
jojogeyer,1
Lavoisier1,2
eduPHP,6
skl-fusion,4
OlegK96,2
iffy4ever,2
JoeHelbing,4
nateydunks,1
hummusonrails,3
fireharp,4
MateoHeras77,15
joaovmgs,3
haryve,4
Umut-Can-Physics,4
glushenkovIG,2
shiva-gandluri,4
waltercerrudo,1
ummaruje,2
ivanjsousa,4
camilobe85,2
Helmi-Dridi,2
CodingXiaoheng,1
ayaan511,1
castrocap,1
Bhanupratapnewbie,1
PrevailNetworks,1
cesarsotovalero,2
Quyhvsxdbg,1
gurkerl83,1
fedefirefox,2
voirfilm-tv,2
vpasumarthi,3
aedessler,2
SynthAether,2
guilherme14888,1
malarisch,5
WDRshadow,1
demcruz,1
hidabo,8
hunterjsb,8
SohailGidwani,10
A1p1n3,1
martinpolacek,1
Troxx0001,6
ArtinMFar,1
alberto513,5
cbvibe69,23
RudhyDev,2
josefprado,6
gapima,3
alexhuot,1
windpei,1
zachariahsharma,3
dooop,1
QAntonio19,3
hkweijie,1
amnxmhd,1
a7me63azzab,1
kpg1t,2
Loks-,4
migueljsalazar,4
benjamintd,7
joaoabdala,1
Nacnud88,5
PowerPlatformCave,3
MaribelMed,1
mattali4103,1
jkrick,1
mahit777,1
Aledelp,1
BarthPaleologue,4
morgsdaly,2
phucvndb123,1
narvall018,1
im23b-schmids3,4
SamyPesse,2
yish8213,3
radcactusmedia,10
MtKIta1227,8
ensariskin,2
Chromebook-tester,1
kienyiap,3
OmarMt23,1
BrailleMil,2
nayhanAraujo,5
santolan31,1
ralibardi,1
band8266,6
FABROX-debug,2
Mada-png,4
jamesckemp,1
Janca,3
danejahflexx,1
loonietick,3
imugenyi54,1
dkyleward,3
thbaylson,3
Towardscybersec,1
gauravbhatia4601,2
FloydRose97,1
cl0v,2
emmnunes,1
DanielLavrushin,1
ZInfinitum,1
nestorrente,1
SourooshN,1
dhippo,1
lidiads22,1
koalazf99,1
poteminr,1
Dtpike02,1
Larryveryhandsome,1
tomaslau,3
DipeshRajoria007,6
lucasa,2
minhalo113,1
SerhiiOberemchuk,1
gastonmira,1
antonroesler,5
Dwamper,2
mfarahats,1
minasoliman,1
Bgar2309,13
Sniv3lbe,4
kspield,1
calysteon,2
venumadhavkaza,1
Dh0zZzZz,2
rexologue,2
YokeSin,1
rubenfiszel,2
helenaliu666,5
tbaums,1
oguidomingos,3
sourabhnamdev,7
AlexandreSona,1
sdhekale,1
KOU050223,2
matzegebbe,2
djoyromeo-git,1
oktetik,1
MateSousa,2
dtedesco1,2
King-wo,10
andikveris,2
michielryvers,3
Azreil-OFD,1
rnoske,2
mariustoft,4
Armin9220,1
bricemix,2
orkotr,2
MKubasiak,1
adrmbo,1
rickeerickson,2
alfredough07,1
daravenrk,2
Jolymmiles,3
brycemcwhirter,1
lashlo,1
IskandarAlter,1
sadikbilal,1
marcsist,4
fm-dev-mx,4
cdevroe,1
gamertjb,7
jeremyheslop,3
BradJJJ,1
noricha-vr,6
fiberyaprint,1
thisisrayner,6
salimesmailjee,3
cancel-cloud,9
truepele,2
centralbarbarioli,3
Charitablebusinessronin,1
Jeihaan,5
Kapriel-Talatinian,10
KirillKatranov,4
TheBoiLeroy,2
Jessica-Morcos,1
kss239,1
HMCo1,1
tajemniktv,1
Mins-sr,3
luizcarlosfaria,2
drmoldyn,1
vtorovskiy,1
kanekoshoyu,2
horidawn,1
Juanc3,5
BaekSe,5
Sh0ts12,2
xiaoxipanda,1
LambertLeong,1
RashmikaJayasooriya,1
fegamon,4
budsxbach,1
alacewala724,1
JordahnZ,2
jwwtc,3
drakcore12,4
LeonardoASC,1
SaiVamsiKolla-QA,2
magaman,4
lucyeks1,1
MemoMiura,2
sajitsasi,1
Eliya-shlomo,4
andyfriedl,6
richardanaya,2
mohatizaoui,1
patkenneally,2
Pon1147,2
kuies001,3
Thiago1326,1
LP-CREATIVE,3
kalp9197,2
amohindru,3
cwkumar,3
fakhryfernanda,3
phintegrator,1
antt122,3
ntu254,2
akaiHuang,2
pavankay,8
franker1234,1
cglaser3,8
VozarX,2
MORTAKI0,1
listaction,1
janfitz2000,7
Rejnyx,1
Dominien,2
brunopedrazza,3
rogercezidio,8
kiansham,3
Zerohour214,13
himanshusharma930,3
lipanekk,1
monstercodepl,1
Gr4Fi-2,6
rawatadit,1
sharfarazahmed,1
binesh-b0,13
alexpostnikov,3
itanka9,2
tcodes0,3
mustafaozturk0614,2
waizbart,1
sapient369,3
jlwainwright,1
DibranMulder,4
TNRIAAI,1
kreddevils18,2
vlkvkn,3
nukeboy76,1
MarketingBrabant,6
luckystoned,2
grx123yxx,1
themanoftalent,4
yckao,3
Teodoro5432,3
fjbarrett,3
KhshyarB,1
Gaboobga,1
flaconfirenze,3
Duplic8e,1
cullenjohnson,2
maboelsoud,1
jsgoecke,3
marcocappai,4
PooriaT,3
shhwangofficial,2
Wangkun0903,1
assafad1,1
ShadeCorp,2
pendryl,2
KenYAMADA,1
shadowwhiteorg,6
Guillelopez99,1
vizzdoom,12
NotYourAverageAl,1
yonatanppr,4
mattdelacdev,1
MaadMat,3
shamspias,1
Paulolinks,1
papitalos,2
mtozaj,11
galvari,1
jun3543377534,1
waterchop,3
Ezel4,1
Jehru,4
Linchong-The-Panther-Head,2
paripatetik,3
covesun,3
tharunnayak14,1
Sodkhuu1,2
dailypush,1
Akkikens,1
baksha97,1
sia1408,1
dntrply,6
omerdersu,1
arnesahlberg,4
wamq-hub,1
willianguerino,1
nimula,2
ivanyvela,2
deeer777,1
JojoSwims,3
Barshachar,1
yurichamblas,2
seriously24,2
art-kslv,2
Mercy811,3
patrickrchao,2
chintanbanugaria,1
RicardoUnionSolutions,1
AllTerrainDeveloper,7
korki1903,1
admhan,1
BoustilaFiras,2
Axoloteera,2
ScottGuymer,1
fkorotkov,3
lmully,1
phunkyize,1
Shawnyu0217,3
Himsh1216,4
arnavgupta43,2
vafc21,5
MaquinaTech,1
AhmedAmineBejaoui,4
ZamiraR,1
mairsj,1
noahcha0907,5
JCumberworth,7
rhyver,2
ucirello,1
nitayg,1
greqone,3
AlfonsoContreras05,1
CineFilosVibes,1
danyial,2
harsh7913,2
llsilvas,3
EmersonOkemoto,1
Musabe24,1
Cropi,3
0x1337F00D,2
Elisei-M,1
louis-gratien-nws,1
ravikalla,5
smizuoch,2
vgiri0,3
r4nd0mth1ngs,5
objz,1
Tokamakulus,1
ERPtech-prog,5
dorinvlas,1
Srikarreddy9999,1
FraSeb6,1
jwhite-GUS,2
zara-pedro,5
stevestavropoulos,4
carapie,2
Nech07,1
mfniv,2
xhypheno,2
Tatagame15,1
lmaxxor,6
davidchaves3,1
pmsa2024,2
matix38,1
IamCoolGuy100,1
Knooblegooble,1
JameyGeoghagan,1
nnicu98,11
aont,1
rahulroy-io,2
ChunyoungTech,4
ChinmayDharmik,1
TomChnt,1
Azilone,5
iCalculate,2
myblacksky93,1
galiData,1
inode64,1
josepharrieta,1
surenth14,3
jakubjanb,1
flotob,2
kserw,2
MrEngineer0,1
brandongalang,2
kavocados,1
Fritsii,2
simchap123,2
gyan21,4
taterowney,3
lucasfgs,1
IryVk,1
VA3KWJ,6
alexeibrousse,4
samanthatowers,1
shijenwai,1
wail-arch,1
technoabsurdist,1
braykzmi,2
LeonardoLeiteMeira,3
guilhermegarcia86,1
olidealer,8
danpejobo,1
NataliSDesing,2
progohan,2
master0slave,1
iekrasii,2
Erimsaholut,1
MicBun,2
lovebirdsx,4
jmcinern,2
guiijoo,1
WoodardEric,2
nhanwei,3
jlaneve,5
Hecktoon,1
garegin,2
dlwowlb,1
dimitarbinev,2
kopendozz,1
haythembrr,5
adgregory,3
DevDias18,1
Pomoky,1
89sooner,1
ormaq,2
henriquemalvar,10
GuilhermeGongora,1
debajeet123,5
tzecuan,1
salehtl,2
Arcodiant,1
Xonci17,1
Anish20678,1
MaicoGrimaldi,2
seanmartinsmith,5
janabimustafa,2
Arthur-ca,2
naorlando,2
MRGPT974,2
chuangsteve2003,2
leoric-crown,1
SadJester,4
LilNach24,2
GiuliaPuntoni,2
dodolereporter,1
Mac11q,2
irees,1
mrmatho,3
enessubasi63,2
Roy-Kid,5
epicurust,2
scmarinelli,1
suraj-dev,2
cyberbrain666666,1
donlasahachat4,6
komi786,1
jeffh,7
gokald,1
Jayluci4,2
efey1ldirim,1
sveraplay123,2
Nicolas71500,1
caioyo,1
motoki-github,1
artpops,7
Fargv,1
adrianse09,1
eassy97,3
oryan1410,2
AchilleasFtq1,4
tyama-ds,1
juaneduardogb,1
AngelF4,3
gabrielmonje,3
mingshuwang,5
gabemarshall,1
meschansky,1
LeetHappyfeet,3
lcha134,1
newDevPL,1
Vishak2310,1
bbauer04,5
BBSRGUY,1
LeonHafner,1
ThisiskrisG,4
laerthe-souza,1
jamesaloy3,1
otartsulaia,1
fran-ct,1
seiryu285,1
RobinWinters,2
Gabbsx7,2
gabozan,1
varol2024,1
thomashebrard,2
ArshiaEcho,1
biopticstream,1
eohjelle,1
trethore,2
rubenebels23,1
cpaybr,1
Triinuj,1
Joormann-Media,2
DevKailan,1
RandomCodeGeneratorDavid,1
serg84Berlin,3
rio899,4
nlile,7
MLKDAO,1
Fruncky,3
gokui9k2,1
ZrufordNaga,1
hotnutella,9
RomuloCifer,1
Younoulegeek,5
mutsu-6,1
kortatu,1
quasurana,4
petesaiacct,1
jrashtian,1
DevJoaoLopes,3
armunro,1
SahinEgilmez,5
januszbak,3
ppatibandla,2
igelone21,1
sugimoto6654,2
khaoxkongz,2
JiseokHan,3
tacurry0,1
arthur7114,1
DeaconMizzi,1
silviooosilva,8
felipefernandes,1
luizguspro,1
momagdy84,1
santi34mg,1
emyrite,1
wasimakram777,1
pulkitpradeepgupta1,1
shing100,3
likeMike001,2
emaurtua09,1
egelon,5
EsatAkkasoglu,1
saysharastuff,3
tom-mcmillan,10
JesseRed,1
AdamBraun,4
mhands123,1
Zachary-Ip,2
kyyala1,2
galakozak,2
Bioclin,1
Saktap23,1
Laksh-star,1
Jonmegit,3
bilwifi,2
LV4thecash,2
SavbeM,5
vitaliiklim,10
AxelMRomeroAyala,3
b1rdmania,2
mohamedyusuf01,3
HelloFro,4
tbuchloh,1
RefrigerationUnit,1
SuctorialLime2,1
zynda1415,2
hrmainland,1
ijustsnapped,1
pratikthakkar,1
brennschlus,1
HamzaHassan9320,3
NikyAviator,1
ponyyuhan,5
zsoltDedesi,1
a314s,1
Cezar708,1
ElsunNabatov,1
omvillegas,1
Ankitpatel43,1
lccardoso,1
FJosephx,2
ramu807,1
Amitmane699,1
OsuGerman,1
lunarmankind,1
lealpjm,1
echoes-and-paths,11
mike-trsi,2
Shiv2183,1
h0w1tzxr,3
istarengwa,1
keremtufan,3
neldien,5
Manzely360,2
junmaruyamamusic,9
EeswarKV,1
michabbb,3
jhon0010,1
Stasan-minecraft,1
Nubele,1
Jhayklaus,4
hlxwell,1
stegish,6
aburan28,1
tnosadsharkdev,1
ObrellusRex,4
LucasAschenbach,2
koelho2000,2
gbpnkans,1
DummyKim,1
nilanjanb3,1
AlFlanker,1
nachocuenca,2
D3fau4,1
brtkwr,2
krishnanprasad,1
camouflagechicken,1
Abby-Vishwa,1
krll-corp,3
marcinmilewski92,1
F-Kao,2
toniemasz,5
kwikmn,2
jl-990,1
nallamaduguvk,3
pateljignesh293,1
matsuo0603,2
f0rodo,1
MswTester,12
LeCoinStat,7
JJ27,1
asbilim,5
SeungyounShin,2
thanhtuanh,1
dcanbatman,2
KeremIlhanArgun,1
MattMakes,1
stefansl,2
martindybal,3
cristiandrc,3
srab1980,2
Prof603,1
tac-eillA,1
LucasMouhsen,1
shreyashkar-ml,1
LukinLTDA,1
clwest,1
Ahmed-Jawad-Tahmid,1
itzpraveen,2
keylorpineda,1
rzg777,1
duyqu-chan,1
bishnu133,1
MmDZ21,1
fireuser27,1
haledalolabi,1
JoacoPrida,2
mfoltz,4
rukgithub,2
pedrohmarconato,8
carlosdelfino,1
inkletspace,1
sarward3,1
ChristianPedigo,1
Arturoo09,2
rishimj,1
dmtomczyk,1
nervous-rob,6
myysophia,2
herrMirto,1
mcaldas,1
orioncb,2
A1yCE005,1
vishalpa8,2
Dustin284,1
0x2137,1
dm-rozi,1
XC-Xinze,1
oyzh888,1
MrMime369,1
MaxAnfilofyev,1
ForestCGuy,1
weysi,2
ajkdfe2e2e,1
ZeroHedgeK,6
zhangshushu15,5
rgardien,1
yalmn,1
WolfofWalnutst,1
AndCarrillo,4
ricklamers,1
Baselabohof,1
bush1986,3
bs3vcenk,1
Porter97,4
SrivikramMV,2
libaice,1
akallbold,5
Kaslun,8
robertvirany,2
akitoshiizumi,2
jmservier,2
samuewalton,1
recomp2,2
KadirKiz,1
Fl4gell4nt,6
gulbeneser,1
kuramabells,1
emperorjke,1
museyib,1
Fadinv,1
MitchBarnett,1
trigx300,1
Moakir,1
Faolain,7
juyoung-02,1
SegaMegaBodr,2
eddieir,2
vivek091990,5
ferhat-calibtos,3
Baasty-OCh,3
lfpoulain,2
gary109,1
kenarai,1
dzimin,1
juancanelon99,1
vineyjohal,3
ChathuraDWeerasinghe,1
tecram,1
QuocVu00,1
functionFox,1
Zahed316,6
raptor1820,1
jcweaver997,1
VanGoethe,3
Stoneinwaves,1
PradeepJajjara,1
kubakuhn,1
MyDentor,2
Xilef-OW,2
DELV555,2
vinc0u,1
taghassan,1
Gaudeamus013,5
choijjangl,1
Harris-KA,3
zachary-david,2
praveenrichard16,2
hmackowski,1
elouafiqAli,1
Thyriso,1
joncooper,4
saltandpurple,1
kodcum65,1
LeoJohnChassotMadesa,4
grawellceo,2
bennokr,2
teiturh,1
Daniel-Grounin,1
mayuran-deriv,2
MiquelUB,4
Bayrktr,1
Kore-afk,1
MartinsDonins,1
PcKiLl3r,1
penguin045,3
Moonwolf711,7
6mmLIU,4
madtizm,1
Latharne,4
ABDUL-HANNAN-code,4
yousefmfawzy,1
test-yama-2025,3
alineknn,2
0senno,1
ertra,2
tornikegomareli,1
jollidah,2
emilcieslar,1
Breaz123,1
s7nfo,1
alejolizal,2
SokolskyNikita,5
Wladefant,1
ImZadeQasemzade,1
Spelbearer,1
andreichenchik,1
Reachariramanan,2
ravitiwari2002,4
Ramnck,2
AJester69,1
Eyorakci16,6
GlennColegate,1
euvhmac,1
yilin-gong,2
rtcimi,3
CollieIsCute,3
Patrick-Hammond,2
Maximus203,5
yeonathan,3
DilshodbekIkromov,1
Veysoo,2
alialkhiame,1
penghy27,1
alexcoffman,1
Marcofernandezvaldes19991,7
Taty-B,2
coderbrodda,1
NotSeijas,1
bjorngun,4
sthabiso-iv,1
Nxssie,1
seriouspunch3d,3
SenaDok,1
Jhalaas,11
marknorgren,1
SahinIkbal,3
yokai1123,1
darthkali,2
mixerka,3
0x5YF3R,4
speakman,3
MVprogramm,5
sumit221292,1
OrionVerdikhanov,3
serhanoztuna,1
ItzDevii,9
thisistaimur,3
sadounyanis2003,1
seraph27,2
AnanthHariharan,2
j0nsmith,2
719257898,2
lanpia,1
jakemooneyham,2
MarlenRamoneG,4
AlexTechLegend,8
noliv3,1
ShoValentine,1
AziCodder,3
d34thkn8,1
AnselmitoStreitenberger,2
ezflashback,1
CarlosMelendezMejia,3
treveshan,4
Steper158X,1
audachang,3
arnaudfl,2
gitrus,4
myDeity,1
lennonshikhman,2
shadowae,1
Heis-source,3
engahmedelkholy21,5
jhyj92,1
jelepotier,1
TireniDavid,1
adityapalve,1
theyonatan,2
T-Kisaku,5
ichim-david,2
lidankatzav,2
Dikshantjung7,1
MKBMIKEB,1
kczyk,1
artlzo,1
shubhammehta2019,2
leretah,1
capret,1
6namdang,1
mikkel32,1
deepanonymousrepo,1
bobameow,1
NeuralNetworkingAlaskan,4
Shiho-chan,1
avoidbeing,1
peterdavidfagan,4
pombaldir,1
Namain20,1
DrkDevil,2
Luciano-1983,1
dymowlok,6
terry960302,1
nitsuj,1
alexerlandsson,5
erikmuttersbach,1
dalv,1
LuizSSenko,1
joelrosario,1
tdsone,2
RetroTrigger,5
RodrigoNeoEx,1
valllkoll,1
kiredoo,2
khartago,1
satishsurath,1
jurietto,6
thep2p,1
GasparFabrega,1
TerfyHorizon,1
Ethiventure,5
weedylan1,1
KoyoKoyoo,2
anfeliz79,2
Clarques,1
harshiempire,3
MarkChenYutian,2
blueset,1
cmbarinaga,2
meran77777,1
slyguykai,3
Talok97,1
RitheeshBaradwaj,5
luchoFlyr,1
xapponent,1
unomat20b,3
vnesh-san,2
RoiNeuman,2
sunghojang,2
rajatguptaa,3
sebaguadagna,1
fisherman1200,1
cuahydro22,1
xx2416,1
tqfbso,1
BlitzLZ,1
mt0488,2
alefr99,2
sarahhfalco,1
elliotdeutsch,4
NaM12s,1
carlosart26,1
manushabassa,1
jxwalker,1
WolfJohannes93,1
Drkdmn,1
Delta161,1
lcspinheir0,1
GLxBOTAi,1
ethosylar,1
nano-o,1
D-artisan,1
megwaynee,1
matthewz5,4
Philip628,2
nullstyle,1
moifort,2
shubhamchauhan659,1
amartyamandal,1
khodaparast,4
aggutierrez98,1
robertyoung319,1
Hidzero,1
refucktor,2
iga-gawronska,1
Ashutoshkr23,6
AMDfocus,1
DiegoPratesAraujo,1
jme21,1
dinkelk,1
dankaf,2
Kedar8855,1
cglee-bg,3
s-schumann,1
mkhlone,3
Zhanbingli,1
mikedotexe,2
eugeis,2
alistairwalsh,1
Albery2000,1
erseco,9
mouradTlemcen,3
Vince33,1
Maci3lelee,3
qrpike,2
krunal811,4
darkrubiks,1
will-bogusz,2
vfg222,1
wchluo,1
vzacharopoulos,1
rk3usox3iz38wom,1
Bilsyp,2
kezmo6666,1
attt80112,1
brombrombroom,1
xiaonanzzz,3
dimitri-yatsenko,4
genew1970,1
Das-rebel,1
copetus,1
DGBooth,2
AlexKata1988,1
Alikarakalla,4
thinkflow19,1
LeeTaeSung0628,2
COF-RyLopez,1
nyasukun,1
naman-github,2
asshat1981ar,6
Badders80,1
holohup,5
RentonWEB3,2
s-a,2
nivm-playperfect,1
maxjonasbehrens,1
pditommaso,1
dyxisfine,1
MarcinWylot,1
HernanRodriguez31,1
lleirgarcia,3
nb3228,1
RomeoJackson199,5
AgusSaravia,5
restyler,2
ikmalsuzali,1
tlarroucau,4
happypepe9,4
yashagrawal5757,1
PolpiFD,1
Ralvey1,1
neko-kurage,2
jc-fireball,1
arnold01235,1
AdamPippert,1
muqtadir66,1
AndreRobitaille,1
mclenny22,5
ethanf,2
goutham1220,1
doemefu,1
ChatPlus777,1
cesario-julio,1
itsmattch,5
brandongraves08,2
hucklefriend,1
jaradhcs,2
hppaygirl,1
toreis-up,2
KDudumov,4
therightjon,1
ENGINYRING,1
CaraAlexandr,2
sahni619,6
Geropose,1
SukritDesai,1
mahdidorosti,1
BaiqingL,3
bbigsam,1
wurth13,1
Riefind,2
adelian14,1
gallwitz,3
domzhu,2
jayhuekim,2
StefDCL,1
Lobo148,2
kayacelebi,1
hasoma60,3
irfanapriansyah27,1
nixeens,1
aryan51k,1
vitorhasilva,4
ByeonghuiPark,3
ProCreations-Official,1
thalesaugustodias,2
lucaslap,2
finn-1o8,1
aayushga,3
ahmadsalahudin,1
Bvillalobossv,1
unixfg,2
isfjdev,1
jackwang010,1
keeganhurd,1
natakprabhu,1
Walidwrk,2
MopedG,1
Nomulus,1
KilianKoch,1
GodlyShima,1
Komal-Poshan,3
codenamed22,1
babaak23,1
futurealecks,1
evaldosoaresjrs,1
davicovre,2
moiseslucy,1
Ziyuli1121,3
FalkenDarts25,1
paisig,1
dmitriysturov,1
derio8290,2
kmundaray,3
segunemmanuel,1
hankimmy,1
xavirodriguez,1
stasborisevich,1
SpauriRosso,1
i99dev,1
sharan-sant,4
Nicolle0910,1
DerivadaDX,3
BorderlinePersonalitiDisorder,1
nikhillokare,1
kkargool,1
mrncstt,1
nwsf1,1
29lcannon,3
CairoP86,1
filofini,6
LastTherapy,3
jubedoyat,5
vaibhavheda,3
Heraw187,4
Swiftyhu,1
hellrainy,2
bailliem,1
sagarajab,1
codebyutkarsh20,1
hmedire,1
ArtiomNosov,2
wandersondavid,1
GuilhermeSalles,1
PVenturaPalones,1
ceedubbs,2
AndreiSoroka,5
iaftesla,1
sasha505001,1
iankit123,1
Kaiwen-Guo,1
fredrik-hugotech,1
adel-haidar,1
ESTAPIA,2
UXMcCauley,1
MoorOverPerson,1
usmanaftab,2
dougdalo,1
KillianBrisset,2
vvtan,2
theaspirational,1
Wilhelmi93,1
elmir007,1
zero-0x01,1
akone42,2
Houdalar,1
okaysidd,2
angeloromasanta,2
LeonIncoffice,4
yudppp,8
itscleber,5
LucasOliveira99,2
tamdt89,1
gtcompscientist,1
robot468,3
ranomia,2
durgaprasadveluru,1
Fero737373,2
MingyangWang-Tom,4
italocaruso,1
sarthakj1997,1
ttimora,1
DinleyH,1
awelm,5
jan-glx,1
mpraky,1
ka3-0131,1
Kornylo,1
dmrajdm,2
instasergio,1
thepuh74,1
denaxen,2
yaochao128,1
jpbuelvas,1
Swabble,2
LilMasala,4
pazthor,2
dlccyes,3
Const-Ali,1
slliver2111,1
nilberm,2
jackrvu,1
ll-catacomb,1
sdrakulich,1
DanielAtos-20-24,1
takinashida,1
mescu74,2
mateusz005621,3
Brollix,5
gabri24899,1
SondosAhmedTaha,1
jeonsworld,1
Maliki313,2
jordanperkins98,4
emiralpK,8
NeetDodhia,1
venkat1122,2
wcscr,2
alex4u2nv,1
izalke,1
snw1317,2
404commits,1
mitarashi2025,1
mustafa-tola,2
Sibyx,1
nAglTI,4
saikatmitra91,2
Zzzlaya,1
dhkimm,1
kuang-hero,1
schlinkertc,2
Davidinox-hub,2
agustif,1
squip,2
ThibaultYVD,1
DataMindCzPrivate,1
esawtooth,1
fragment78,1
AdrianFRamos,1
osamasparky,2
edgeteamdan,1
kojo68,2
david-loe,1
tinoosan,1
prindyn,1
inbetweened,1
Tommaiberone,1
trd44,2
webguru11124,1
yatharth-b,1
robertoegvt,1
bos-hieu,3
anarezend3,2
martinbrose,2
toprak1919,1
Inothhh,1
juliankleutgens,2
Ancient23,3
Jaddes,1
raullenchai,2
westoncb,1
ptully33,1
Markuze,1
ElectNewt,2
nluu-shippabo,3
vardhanharsh001,1
1150acres,3
neodain-net,1
AlanRenteriaP,2
vladinski12,3
abbyslab,3
Obsivium,1
Divyanshubansaldb,2
joral,1
alwell-kevin,4
diodz,5
ut90,3
YevheniiMelnikov,1
faridh22,3
wiwindos,3
alexrao2000,4
PavelDomovoy,2
ZikraInfotech,1
shajra,1
Jeon-H-Jae,1
sarpotdarsoham,1
Wiicalo,1
Markus-Martin,3
nbai22,1
jysngmb,1
ehirwa,2
dftorresro,1
ajaykrishna00-7,1
moudimash99,6
MatheusFranklinLH,1
11B25y,4
NobPolish,1
kiyarash78,1
frankbueltge,1
justinqcash1,3
jmendieta1234565,1
JackWangWP,4
at2005,1
Swb4y,1
PossiSoftware,1
NicoThelen,2
hasanbahadir,1
DogukanDG,1
TamerSarioglu,1
Naptarak,1
unzilenurkaya,1
jasonChoqu,1
msouza10,2
utkarshm19,3
Armbein,1
COLORLINK,1
arraywong,1
vcortez1004,4
nabi-tw,1
PanOlifer,1
chihchi0717,1
bveluet,2
Samuray4ik04,1
eskopp,1
CYBERELLUM,1
joanjcaceres,1
GustavoSVillela,1
juliemar,1
kaiquincy,1
FladChris,1
neilands93,2
Trex5,1
timothywong731,4
maribardella,2
tmck2,1
Mawandu,1
Yogds,1
Micjoey,1
yigengjiang,1
crumb-haven,1
srivatsn,1
michaeldubu,1
rubinette,1
MySimS3k,1
degima-bot,1
paul-thehuman,1
GeorgePaulson,1
IACodeX,1
immerspwada,1
hkanpak21,1
ramoncurto,1
rjgeng,2
snirosh22,1
Jeimmy12,1
dasnullman,2
danielmcheng1,4
officebanking,1
ferruzxca,2
ashwinirath,1
candidomachadoneto,2
VoltTech21,1
aitchwhy,1
SchlichtDev,1
jonny50905,2
zozo-11,1
orbek,1
ivanmediaform,1
orhoshen,2
Marax-github,1
gabrieltang515,1
msammons,3
matiaskameid,1
KeroCore,2
raulleivaolmo,2
lop1381997,4
65jp,2
chiuchau-cyril,2
osbornmex,1
wkloh82,1
Mohammed-abdelawal,5
wegard,2
Caldwell10,3
sijaramillogo,2
jeffmetricas,2
marioschlosser,1
NaanKaran,5
igordscode,1
sknuth,1
octasya,1
diiinesh,6
PoiDNA,1
pedrollucasbst,1
Richie1129,1
ShawnKBeck,3
tonystark2005,1
DhruuvShah,1
sgb-io,2
Nhatthang27,1
bvosk,4
oacamara,1
jvsoest,2
anuvindhs,1
Mgczacki,1
Farid-Efrei,2
AboutLabs,1
RNY9999,1
andrepaganotto,1
brunolbeltrao,1
yagih-at-live2d-com,1
lordsyncrus,1
CommonLion,1
Riffelalp,2
RobbieRotten,1
Ceesaxp,1
BenediktSchackenberg,4
Maxr0895,2
JackFurton,2
mikev-cw,1
jaavier,3
ethyssen,1
lucutes,1
mzakany23,3
ansonshengit,4
matt-kropp,2
deep1ne8,1
ramrezsabbagh,1
Paulo-Temme,1
joshmoon827,3
mrontio,3
Nikovsky,1
emaarco,1
nicolastarragona,1
GabrielCapila,1
AlexandreGaubert,1
twinklesaga,2
naxoootcnjncgjnnxfhjjv,3
JaredChangSWE,1
officerdwn,4
danielcabralhannatools,1
Festuskumi,1
theflash-jl,4
orbital188,1
yetkinkrsngr,1
cinoid,1
YogaWithParas,1
michael3abc,1
Alibek0301,1
yoshi-35,3
heyns1000,1
RumHam1,3
CityDom,1
andy-zhuo-02,1
Fahmigans1337,1
mmdoo7123,1
JROdeyemi,2
Andrevtlima,1
Silas129,1
vahidabdy,2
ChrisMuster,7
systemshift,1
nwatanabe97,1
TheBartoszGorski,1
carmare13,2
tig77777,1
vasikanth94,1
AllanF01,1
ekacnet,2
jaewoo4200,1
hoangdo1510,4
SimoneMartino98,1
polyalents,4
macarenaandreaherrera,1
bernardo1024,3
lmendes86,3
Ahmediq11,1
marcosfeitosajr,1
kitchenartsandletters,2
ssdzd,1
JackReis,3
na8thegre8,2
BlueRoyal,7
anthonyrussano,2
user5693378,2
YouYouTheBoxx,1
Vealending,2
nrweber,1
linroger,1
Cristian-Ipaz07,1
zoom1781,2
simonespataro,1
ry4ntr1,1
jainsee24,1
gokulrajanpillai,1
xiao-1n,2
gptgroup001,4
nextlevelcontent7,2
oleksiigolikov,2
alexpietsch,1
Gulgrot,1
yuta-hidaka,1
sirmagnick,1
nofanto,2
KAnggara75,1
Yuuuutoggg,1
niccolocoppo88,1
JeffreyLovett,2
albardn2,2
skalacodebr,1
diekof,2
mrksbrg,2
MiracAkdag,2
PiotrKaptur,1
abdullahmoh21,1
VorsinEO,1
ToRzeczGustu,1
fanxin199,1
oaqque,1
Larceniii,1
Athaly,1
Cra7y,1
Zero00502,1
a-tamwasi,1
sirackxlel,1
colevrya,2
alistergray,3
naviddehnavi,2
Brunopassamonti,1
tardycornbread,1
momo-AUX1,1
77nimesh,2
mesummer,3
djm1203,1
QuantumTed,1
Lutir,1
dongwondavid,2
kevintunc,1
Innvohub-abdulrahman,1
reikubonaga,1
Jamesthegonch,3
cphiep96,9
sporaktu,1
godley44,1
Ransli,1
jesusrubio3,1
lrcarey222,1
thereealmango,1
nas-cam,2
DrinAsani,1
yutriharis,1
hutongx,1
Marco-Christiani,1
medetshatayev,1
GenRubio,1
moonkeenbusyness,2
anass98h,2
phanindra-max,1
Wangshengyang2004,1
jhonzuloetadev,1
HawKDesigns,1
DanielZajcev,1
jude-rouhana,1
atwalharry7,1
anojan-s,1
Akramz,2
m-rithik,1
ManuelPueblaVega,1
Compphsy,1
shivammalhare,2
syun88,1
Azuxe,1
a-arfaoui,2
Sukewarm,1
vinhelysia,3
ChumburidzeGio,1
TiaoVenanincio,1
armpl14,1
pierrevanrensburg12,4
BabiNoli,1
sohamxda7,2
akoruti,1
gegu4,2
khaleela3mer,2
ShurexBRT,1
wolski,2
Ernesto1214,4
dylanpicart,1
jirispilka,1
cmarrero01,2
Hampthamanta,5
mikemertens15,1
mathematisse,1
nasir26,1
IbrahimMahdi97,1
camilonietoma,1
Mugiwara555343,1
KamiKruse,1
g1331,1
recreanext,3
njayant12,3
Saik0s,1
demetrisperdikos,2
Cruiz102,2
jovmilos,1
vigneshsrini88,1
younglucas,2
ferhanjemal,1
mrshu,3
samirbonnet,2
pdewost,1
YodaTheCoder,1
EmreArslan8,1
Ahmo934,1
route250,2
st3phani,2
CaioLSouza,2
volekhanh123,2
leducduy520,1
Dripgl,2
fivetran-joemarkiewicz,2
SeriousSurge,1
taekwanpark,1
MrFlacko,3
MJDL2,2
VuxLuan,1
Xblade0430,2
Alexanfr-God,1
Shresth1822,1
Harsha8695,1
siberkolosis,2
SemyonDerduga,5
Endymion1236,1
RemyJrd,1
baaaabbabbaaa,1
jojopqt991,1
Diriande,1
jahnzh,1
sahilgandhi15,1
lnewportmsft,1
jgar1221,1
jaypvebuin,1
MDBillingSpecialist,1
soclight,1
KeyurDesai53987,1
yonwu,1
deyanlyubenov,1
D-Lansky,1
darioespeche,1
dachris420,3
serazo7,2
takpfive,1
PoliTwit1984,1
jdejones,1
KGBYT,1
mncgart,1
Joe7890909,1
Bambeek,1
qrlbk,2
Pauwels-Xander,3
getajent,4
timhibbard,1
jcamelon,1
evtrnist,1
marcosvzq,1
dohenyk,1
VJimenez123456,1
Gigabaitius,2
indohippi,1
casevictor,1
hanstar02,2
JinhyeokYeo,2
Rafaello47803,2
lucianolacheta1,1
mejaelani31,1
khaCey,1
mxhmoodem,3
filthyfil,1
lakesoi,2
raph-31,2
scaraven,1
kingdiesel,1
Milad-Mrz,2
benjaminkitt,1
Chaos2Cured,1
Icehunter,1
evermine18,1
DaichiHiraoka,1
haseebqureshii,2
timrross,1
archee1210,1
MykoHint,1
Tommy0710,1
ahjephson,1
KwanyoungCho,2
onexay,1
bytelearner007,1
woodethx,1
GersonHMG,2
KK-124,1
SirVer,3
williamrobertson13,1
skadefro,1
bjgwak,1
sergeybrgmn,1
GabrielFSSantos,4
cevapboost,1
SectionNET,1
dtalero78,1
Chabo27,2
dsolito,3
L4nnes,5
ItaloCabral1995RN,1
viniciusfreitasdev,1
Doni7m,3
NeonKazuha,1
Timothe420,1
tigrankios,3
lxiao-coder,2
csc7545,1
mralanlee,5
Eissayou,1
Arigitshub,1
BastianBernhardt,1
dtrackerhero,1
jenna-studio,1
Nuung,2
mamiGerc,2
aikonkapts,1
CasonL,1
simonstender82,1
Nivashyper,1
robinbahm,1
jorisgauliard,1
Vathivis,1
drdza,1
tomxgibs,1
omeryayla,1
sbMohammadUddin,2
woozy999,3
clone-this,1
joss0,1
estibenlicona,2
yourperfectsolutions,1
shabz5297,1
worms0717,2
MykhailoZhvirko,1
ZeinabSherri,1
jaytx512,1
slend3rman,1
ConstantineGG,1
elevatewithb,1
beratdogan6,1
RUBENDE420,1
willbearfruits,1
PeterMEjlev,1
kingwangjjang30,1
MohammedEsamaldin,1
clarenous,6
akhuang,1
wgrh12,1
Salesetelmarketing,2
KaruboNaoaki,3
scc-tw,1
kristiandceo,1
SoheilNikzad,2
KaramBelmoujoud,1
joaorobra,2
neigirao,1
enzoscava,1
anakinlmao,1
alexlael,1
claramohammad,1
jfbueno,1
AlexandreMagnob,1
dymafr,1
ddiessner95,2
Rnteacher,1
Bandrik0,1
desmondlyu,2
Houssin-jsk,1
LewisCodesWebsites,4
X1-McFly,2
hungkaihsin,1
vinimeirelres,1
robotheism,1
salire123,1
hpark727,1
haroyan001,2
RyanmartinCRE,2
TArslan7,1
BeneGCZ,1
BrynJoslin,3
bookofcaleb,1
yKingstone,1
invest-6,1
alanmcruickshank,3
AlexAlappsis,2
ildimas,4
pascalseppey,1
UsamaArshedJadoon789,1
eaharis,1
abraham-tech,1
brianofrokk3r,1
Osamskii,2
Sprtacus,6
jimdotrose,1
BenAhlander,1
arifkenan,2
mi14n-code,1
shahadmf,1
shakil5281,1
sertacs,1
Mohammed-Shehsin,1
casudinlix,1
thesquabroll2,1
Deveadra,1
Yaswant46,1
tmubashir,1
Vumbi2018,1
Nraitschew,1
TelmoSalvado,1
razlevanon,1
meghesh94,1
VegaOscar,5
boomerango,1
Serhii-Palamarchuk,1
zackrylangford,1
rrg92,2
Des1ynY,1
PugCharleS,7
KeriaDaring,2
MatiasAcostaDiaz,1
snowylov,1
ltreloar,1
vuledang,1
JuanSR93,1
Tototo1978,1
andreasglashauser,2
Canomoncada,1
mahariz001,2
fbondia,1
justincollery,1
haggarty15,3
FerEscobarDev,1
JoshuaDePasquale,1
Gi0Gio,1
toncreatz,2
spirosdio,1
ManuelSchmitzberger,1
virgilcj,1
williamsioSapo,1
mk8d4,2
AmitSahoo45,1
kaicyou2532,1
tasmiarahmantanjin,1
mui2535,1
jsweetzer-ea,1
Nitishsurneni,2
MardorZ,2
abougha,3
trindadetiago,1
Rowdife,1
Maxylmaosd,1
GamblingStar2025,1
lazyxworld,1
majidshilehsari,1
studying-smart,1
dhruv1220,1
haastrupea,3
auslong427,4
0xsiddharthks,1
RaCailum,1
azolotov,1
olavoj,1
younmahon,2
aariste,5
zakarumych,1
mustafa-boorenie,1
educat-pc1111,1
EMachad0,1
Moussaoui-Ghiles,1
abadimaxino1,1
NahomyN,3
HatimBel,1
heenriquega,2
ShuvaevLab,1
Raven390,1
Shao-002555,2
allitaaheri,1
jeffw16,1
MarcoLSC,1
ringo318,3
Stemateusz,1
anggakawa,1
bmateusz,2
NGT50,2
StarRiverArts,3
KeiDGAI,2
joosudev,1
EnochNanduru,1
youtalk,1
Shawnxkwang,1
Ripnrip,3
GregCesi,1
Jared284,1
ai-space-s,1
strategicagenda,1
akowalski42,1
damelm,1
admineral,1
betelgeusee1,1
onurbilgin,1
Sulfikar,1
EddyTheAnimator1,1
ivanrulik,2
cameylon,2
shadowdevnotreal,2
dogan199910,1
harrysa12,1
BhuvneshSain,1
Soroush98,1
ekhadley,3
tknellTUD,1
IsThatYou,1
gunsow911,1
z2196e4a832bN4Dn,1
DXICM,1
dafaayman12,1
prozak,1
Facundo-Barbera,1
m1nd0322,1
Estebanduffourg,1
CarloAndreoli,2
andreakorkeamaki,3
Netoun,2
keskinm,1
vimondhm,1
Jsaeron,2
shifa-bsf,1
frankcholula,3
MohamadElwakiel1,1
ufuksamet0,1
kennic,4
guvenom,1
Chaste-Djaziri,1
p1p3dream,2
ChrisWeinrich,2
Correa-Gui,2
Wikonire,1
Giscolab,2
Alekksander77,1
NxL22,3
termst,1
RyanCrawfordOrr,2
polarpolar914,1
Vikoo255,1
AravindVenkata-227,1
matkok,1
Malaz-al-Mahdi,2
carvajalmauricio,1
jepemo,1
drah9991,1
ianmacartney,4
StevenStasio65,1
cakeofwar42,1
chellesimone3188,1
zztime04,2
ludwigtomas,1
VickiJZ,1
EdzonAG,7
dcondrey,3
Kilern21,1
zaladbar,1
minnewater,10
Fecosnv,1
deonthomas,1
acharlas,2
RobertoRivasL,4
ejarquin22,1
john-JT-7578,1
YutaUra,1
snowhunterej,1
estereofonico,1
Mayankho,2
abdurrehmanzea,1
shamunda,2
SNP007Flip,1
DonghyeonYoon,1
heonyhoony99,1
wychay69,1
alonborn,1
Gabr1elaugus700,1
ctkkoenig,2
tmdghtndud,2
DandinPower,2
AnsonShie,1
dhruvp-8,2
martina0176,1
hogaku,1
Alvaroinfantee,1
jkbrooks,2
dsatpm,1
Andrkln,1
fish5421,2
rabfulton,1
agolajko,2
PAGIDIPALLISHYAMKUMAR,2
cwuom,2
uink45,1
Frieve-A,2
yuki-a4,1
firdosht11,1
xWesty1,2
sisodevcom,2
tgmclaughlin,1
vishnu3121999,1
BurgiSimon,2
seeknimbly,1
huangtoto,1
Ahrvzihsahst,1
Nediliuk,1
z-ciel,1
aaronp613,1
nemesioveloso,1
ICAI-IL,1
MellingWebStudios,1
stefancalara,1
davidhfabian,1
joestonecodes,1
Wim1201,1
diegovmsouza,1
cronky,1
Nightivixns,1
Babak-mhy,2
rakhafatur,4
deep1509,1
mariodebarros,1
sridhar051,2
raduchis,1
donflopez,1
MAGCE04,1
Roboleofly,1
King-rg,2
jjoc007,6
kferles,2
Destracerlock,2
YodsakornRhino,1
hsd2747,1
garymccann,1
davidcferman,1
Limuletempedte,1
albertomx2,1
envydip,2
milktea736,3
lsmithbauer88,3
karimnaguib,1
evan-taylor,6
domijin,1
Duperopope,3
apachedragonfly,1
joaodadas,1
jefftronicdc,2
jasonmarkperez,4
albertescote,1
ureshiichan,2
NilsCJ,1
erichnunezf,1
kalyan12344,1
Pitkot,1
saivardhan0,1
qiuzan2001,1
Juanfelipegrc,1
Ss0Mae,1
bitcoin999999,2
GoombaProgrammer,1
Artenis67,1
moderndayNeo,3
aurelioazevedo,1
galvanx,1
edwin-ortizp,2
Lwsvrtdz,1
Sergiy-Galenko,1
Sezmol,1
hakanpapuccu,1
satvik25,3
Paritybitz,1
tegarajipangestu,1
tejas0306,2
Rico-222,1
prerakr,1
mohsinosmani,1
sumok-max,1
zain,1
andres-c0,1
rocksta,2
mngr,1
vibhusapra,3
pawalt,1
Backtun,3
everettbu,2
chanduswamy06,1
hutianyi003,1
AAAAAnson,1
AM902sys,2
Eselsmesse,2
AlexRSc,1
moghadam-pro,1
sofyan559,1
DarkAngel-a,1
kiri2006,1
Thiha8015,1
vinay-ml,1
willkizell,1
DevinWang1997,2
TheLegitSmit,1
foxflex,1
anda19ad,1
dvd3955757,1
XaoyingGuan,1
Lotuzaka,1
Trentini1,2
fabiojavaroni,1
mikhalov,1
dustinalper,1
DomofonDe-Lux,1
quinnj,1
raphaelDkhn,1
claaudelane,3
choukh,1
Lem0x,1
ulfben,2
yanmasharski,2
chorouk1996,1
rikhilf,4
RaihanMahri,1
iodize6399,1
Andre246092,1
Reiji-W,1
outjet,1
JuanICharlyApashe,1
kgarofalo,1
juliuslipp,1
aidanstock,1
brainomite,2
Kpatalan,1
eloustahm,2
keithchambers,1
FranOrteg,1
Miraakol,1
ofercraft,1
HaydarJawad,1
dherman,1
aerh3f01,2
BTDXBIGTOMMYD,1
Vinyl14,1
BBC6BAE9,1
missingfaktor,1
Codex-Bro,1
livid,1
pietrodp,1
hlessio,1
IvanZagulin,1
be-aralia,1
blazephoenix,1
Kaiser28,1
lazootkin,1
mat98,1
alzardo,1
1aams,1
kobivan92,1
TheVeqaZ,1
qoega,1
MBRO95,2
davidpaullo,1
joeybalardeta,1
gupranay,1
jkol2026,1
Mokis1,1
olivermolina,1
mlal515,1
m-seijo,1
Pawlisk,2
frinz-123,1
GuyXP,1
PxnNyz,1
bochoniuks,4
reginold,1
GreatSarmad,2
rogercasalsfr,1
Jakey-Jakey,1
Kenjjang6428,1
cvega-2022244,1
MarkeloPuangpoo,1
Moses-93,1
koppemaru,1
BacxBeos,1
imikodanic,1
somidmor,1
Jim-m-y,5
XeinTDM,1
joergoyen,1
hellodit,2
nanseapor,2
kafkasl,4
rexmarlon,1
synfinner,1
learsi12,2
Yurzs,1
emartinDesignInteractive,1
izmaelmag,3
sam-don,2
FloFlame,3
fasilajibriel,1
majid-hosseini,3
Krishna90000,1
bdmartel,4
tzaklama1,2
yKabylbekov,1
timmchugh11,1
s-yano,1
benjoldham,1
stc1988,1
takashimatsukubo,1
Crumflight,1
zakakatz,1
jmartinez5120,1
foty-hub,1
sanamoin5,1
KarmaXI,3
initdebugs,1
CapGOGO,2
Ianbusik,1
mohandattatreya,1
ritikdhame,1
narankhuut,1
inuex35,1
devdavco,1
jfgarza33,1
Knivkalle,1
KenanAegean,2
mservg,1
marksharron,1
MarcosAGil,1
sksvineeth,1
claudio-felipe-goelzer,2
JorgaWetzel,1
ivkhokhlov,2
clusterreplyDE,1
CGDaveMac,1
DanielPszczola,1
graphnode,1
PlangoDev,1
Kh1zSn0w,1
Johan3025,3
lucifer911,1
rhayek80,1
juliamauri,1
awaliuddin,2
mariocortezBEST,1
olazzi,3
PhysicsLad92,1
johncoronado,3
theo-armour,1
GavinTunnell,1
esp-dev,1
marius-baseten,1
vcmman,1
paulutsch,1
Saschy,1
0zymandias11,2
ZEAD-MZ,1
anselmyst,1
Mortis-H,1
omortie,2
lollocccn,1
joshb9082,1
bhyang,1
0xGuigui,1
jedavids,1
hansam95,1
beyroot,2
calebweinreb,1
bhavyabhatia11,1
Hochinwei,1
andrewflowers,2
benabdalla-oussama,1
dixu11,2
mduvenhorst,1
guxal,4
ushnishsarkar,1
Glazyman,1
thesonyoseph,1
Aditya-k24,1
Moo-kullu,1
Whiskey99,1
Takami-Marsh,1
oconnor663,2
Chrilleweb,2
AaryaHari,3
Tchez,1
mohavinash,2
neelanjanvishnu,1
zhangce,2
128Adrian,1
dhrumilankola,1
sumitkaul,1
alcatrasm,1
voyageth,4
todanic,3
Lucasa24,1
liamsi,1
kyleomics,1
saumek,1
boonjin,1
borenstein,1
manuel-delverme,1
IgorRicardo1,1
ibrallah,1
varund11dwivedi,2
baback,4
roixandru,1
Lotherd,2
krishnan1159,1
neilpontecorvo,3
indyjonesnl,1
nschurmann,4
Satran87,1
aboah1994,1
srijanshk,1
ayaguya,1
NickKibish,1
JeroFerrer93,1
vbarreiratt,1
danielportoghese,1
RicardoFAraujo,2
MyNameIsGlooboo,1
cloviscoli,1
Wesleylima68,1
alokreddy999,4
michaellomuscio,3
zigmaboy-ai,1
orthl,1
EdwardNguyen2854,2
mhdhazmi,1
bmohan-bc,1
jason1987martis,1
jpelegrinPMC,1
yalpayelekon,5
zafarjkhan,1
Davenee12,1
hmb104,1
shahab699,1
WXero,1
DrCiroSmith,2
ITSIMA1,1
GabrielDucharme,1
ngdovan,1
daftgan,1
zouchunxu,1
tbrewer409,1
jonathanhatch,1
robertoberto,1
MrGoodTimeBigBoy,1
Tryharder782,2
Kamhype,1
cicerolbs,1
Lemon-Ppwder,1
iTiagoL,1
Lodjay,1
ankit-pn,2
NathanWanz,1
MauricioTeruel98,1
sajadaljbouri1-tech,1
minh-hoque,2
PavelKamyshov,1
avanomme,1
Xin1896,1
cCDragosh,4
jorgesanchez99,1
ayush108108,2
Arif043,1
vincent-yeh,1
Sa74ll,1
PineappleBlowsnow,1
JeanPaulvanderHam,1
Cosmiq2025,1
Scholes13,4
alexoliveira03,1
nwoyto,1
robertriedel,1
jrpark18,1
Aahadalkhaldi,1
afaideen,1
NomadsandVagabonds,1
Rishi-Goyal,1
SplendidChip758,1
tatatommy6,1
pallen1405,1
kanzukhan,1
jkjkpharma17,1
Danielveiffel,1
xandrucea,1
threem0126,1
alanci2003,2
seokhojung,1
MoeP8,1
tranquiliann,1
LACMMXLI,1
pleautaud,1
johanbert,1
hubertdungen,1
h7marketing,1
niralp,1
OlehProtsun,1
paulosacramento,1
navybrown1,1
foartofficial,1
firesocialworker,1
Zyie,1
joseph-karim,1
Danny-Engelman,1
NexusSoft,1
muhddaimann,1
tgk-pixel,1
yahirmonogatar12,1
skylordblink,1
DyPickard,1
abduljaleel,2
MatrixA,1
shim9610,1
unbias38,1
edber98,1
Helixan,1
Tejindersingh1,1
batutr53,1
parabolala,1
h4vismat,1
amaury1093,1
AnarB12,2
ynotopec,1
Daviswhistle,1
devore07,1
ckgerteis,1
snafu4,2
Huzzzaif,1
xiyewuqiu,1
guycodex,1
SonFire03,1
pastorelliRobert,2
KalifoDev,2
reinaldobj,5
estprime,1
nillbiplob,1
binyaminMAKONEN,1
mushitaro,1
K1ritsugu,2
zmLiu,1
mike-cochran,2
xxpsychsis,1
dominickdelucia,1
thalissomvinicius,1
gutythub,1
Vishnu2400,1
tade0726,1
liyuedison,1
Oswaldo-Ferraz,1
TaNoShiDeSuGa,1
hahntrn,1
sulcasgediminas,2
Yusei406,1
sutaa12,1
jellybeans511,1
dlubom,1
crowingram,1
Viquas,1
Ambalavanar,1
Edgardbu,1
ExeOhe,1
roar-andersen,2
ramirocarusi13,1
armsempire,1
karaflito,1
mahfudazhary,1
elvischen,2
haim-wt,1
dluciano,1
seshasai7,1
Mjzhao2014,1
kffaisal,1
VTuberQualia,1
nathan-renard,1
NoxAether,1
AmmarAlh,1
Kri8tivemike,1
KatoKits,1
mrbrown400,1
xepps,1
Raj-Avvaru-25,1
beowolx,3
secroot,2
fikesoft,1
souzad12,1
xvadur,2
Silver0916,1
PawlsByte,1
isaacwilliams,1
afarah101,1
moccca88,1
Tarzanchik,1
matusadamovic,1
userparth,1
Edapt-me,1
YahBoyMoney,2
julianpistorius,1
nocebo8,1
ahmadkhan100,1
Soszka,2
BitBlunder,1
janiapurv,1
AndrewLaird,1
jordloresj,1
pepsipu,1
findmeherern,1
yszgb,1
turab-off,1
allanbunch,1
Infinityagi,1
mat3usPT,1
xnullzz,1
sroman0,1
banjuanshu,1
yabanana,1
imvamoss,1
6b66,1
mattjhughes,2
makdrive,1
talha4420,1
Broodercode,1
nathanberg,1
dencode7,1
sergetoure,1
ErikBjare,1
JosueLeit,1
irov,1
madkvir,1
ManneN1,1
BatanHolguin86,1
jbowen93,1
jpejman,1
sayginburak,1
Alejovalenciaar,1
buffalo-ceci,1
Yumcoder-dev,1
gyndok,1
Igolin1,1
khailhust,1
UriPui,1
lcparker,2
avidflyer17,2
miikun77,1
MauScheff,1
DarkKing7777,1
bhageerath17,2
ntdrill,1
emmanuelsystems,1
sadke8465,1
Yasuyuki77-ai,1
PMariusf,1
Eson-Jia,1
mysticalruby,1
NirnayK,4
azu110999,1
hayageek,1
percevalw,1
naclonts,1
deejaygenius,1
Chaverri00,1
jml312,1
ZeusDM,1
Mohammed-1421,1
RodrigoBahia10,1
J-Bernier,1
ama-coder25,6
asabryy,1
arwyn6969,1
kyungsikjeung,1
fararo-institute,1
Vamsi-Vadala,1
lefebma,1
GuillermoBlancoNunez,1
princessjanin,2
Publicityvisual,1
ykocaman,1
keshavgaur90,1
Parzval-Net,1
DominoPrusa,1
SuvadipPanja,1
wujusz,1
MehmetBegun,1
jadenl1,1
rchiltz,1
Alexisgt01,1
gabrielvrnnn,1
Jorgealfue10,1
NestorPradas,1
HeliotGonzalez,1
lucasdamato,1
Makcym,1
wellissonreis,2
youngpaxo,2
LemonAniLabs,1
ElvinJavad,1
macvx,1
muddassir235,1
Williampetersen,1
Qman11010101,2
Pygmalion69,1
DevGustavo01,1
akinening,1
taqft,1
Oumohgh,1
mmatijevic,1
igorgcampos,1
eskenderayadi,1
andrewvgrassetti,1
odthomas,1
husams,1
SneggoCode,1
Oxycoffin,2
tree-sphere,1
danielasika3,1
Antonzlo,1
akrz,1
Dzordzo3321,1
eefret,1
Ebson7,1
andrewpareles,1
rdurns13,1
Chang-Q,1
lcarato,2
flpsnd,1
Aemis,1
yassine-elhamdaoui,1
yutsudo,1
kirilpopov,2
foxiSfox,1
lionson95,1
RmunozMM,1
nintohero,1
Zinkelburger,1
xxx-MIKE-xxx,1
achrafkahil,1
gabrielmelhor2,1
vaer-equipment,1
egorpol,1
theimdal,2
FullByte,1
prosyanoy,1
aledlb8,1
yassine12-12,1
DavidF2714,1
MElkmeshi,3
clemlesne,1
Aravinda214,1
haz105,1
PedYekt,1
holdenpage,1
TRtomasz,2
shivamshristi,1
calum523,1
kdeepdwi,1
DaviAbnerR,1
hyunuk7642,1
5n1katil,1
dolphina02,1
goncalvpedro,1
hms10dev,1
manojkumargoudsowdari,1
ChristianPickettCode,1
LewisLolol,1
yangcong356,1
AngelBoof,1
shekar369,1
JairoCieza,1
pei2333,1
Jiu-xiao,1
lrn2codenow,1
andrekamarudin,1
Pushpalathadevi,1
angry-kratos,1
TarunYenni,1
unitealfa,1
k4pran,1
PurnaJear06,1
darshan-pr,1
Zottej,1
ccofika,1
OSAS-NHS,1
raymax0x,1
SANSKARJ14,1
Abafarius,2
andreavitiani,1
Liamc9,2
alimalek71,1
TTT-sun,1
abadfederico,2
KroderDev,1
albertlreis,1
jecaman,1
jonasroder,2
ParaFoxy-xto,1
Ardasisli,1
Zerolaer,1
lesser-neoguri,1
Theobernardon,1
craftip,1
aigonov,1
SethCohen,1
macotomasi,1
toda311,1
juanpiano,1
RieraJ,1
upc-hub,1
roromanenko,2
paulfmilne,1
Wassi77,1
Steele777,1
ajthakur,1
erinthon,1
MAIOLIX,1
scarbonzo,1
brendankinggroup,1
laviua,1
ktzkvin,1
Thanatobones,1
PCMchatgtp,1
EmreCerrah,1
prmatheus,1
teriak47,1
SimonR99,2
victordaniel,1
vassovass,1
PetterMattsson,1
Sh1mwww,1
amirkamgar1387,1
yongyiq,1
LiuTangLei,1
nikhil2108,1
alex-at-cytek,1
zshao9-codex,1
amiaelise,1
NichoUlloa,2
eder1234,1
NINOSKA2000,1
betbox22,1
zemuumez,2
HansPeterRadtke,1
wordpresschef,1
Michel97-ret,1
romanyanke,1
jdcaicedo251,1
TampliteSK,1
AlexSharp19,1
theOnlyCore,1
masakielastic,1
trulite,1
pasindu124,1
hikinari68,1
atinylittleshell,1
adamthibodeaux,1
egio12,1
Ubermensch216,1
worapolburaphan,1
florivz,1
khaled-zaattor,1
bigmalion,1
Mikieltravieso,1
Sixto89,1
TONIOOSSS,1
Andriod55,2
locomoco23332,1
BoomerAng9,1
Litusuwu,1
baptistefetet,1
ydmboy,1
ainzone,1
Mihirsoni28,2
orsonvale,1
hugodlm03,1
betawayz,1
kaunix,1
voicijoey,2
SiLaX49,1
codexaul,2
jackmhny,1
Mario1359823,1
allantechcode,1
umitsharip,1
saifcosmo,2
cmer,1
Ak11231,1
knoodrake,2
sundaragiriv,1
Guaguawa1581,1
Alexkid87IA,1
pjordan,1
sebbie1o1,4
machuwey,1
ashvik,1
fahimhaiderqa,1
Yukaii,1
yhru,1
GolemXlV,1
schaoss,1
tadeugomes,1
icalvo0130,1
mpiotro4,1
sikaar,1
Irilone,1
AlejandroHinojosaRubio,2
mrdcamo,1
thomastysong,2
markjspivey,1
luismill,1
catdog1181074,1
eugene-novikov-au,1
jtsilver123,1
duplys,1
ghafran,2
matiisnothere-15,1
drewangell,1
clucker357,1
Imesh-Madushan-Dev,1
bluke90,1
ixaixim,1
MsJaniece,1
alessandroteclacapemisa,1
midgardian1234,1
skylerseeg,2
rodrigoporcionato,1
Sukecham,1
marouane53,1
bannerism,1
danielnedelcu90,1
mad4cyber,1
dylanwalt,1
cryyptox,1
jbaquerot,1
NiCeDiCe90,1
hmi-jeon,1
kaitlinwinsIT,1
DNAngeluS,1
elipskiy,2
godely,1
lradosz,1
gmineo,1
ObjectiveTruth,2
Sakoes,1
AyoubBeliych,1
SundaramManickam,1
Suryansh216s,1
birchamp,1
leovido,1
plamber,1
ofafa,1
MK27MK,1
NoListen,1
go13,2
avtoradio48,2
abaccora,1
EmmaMuhleman1,1
lucagem29,3
BenAChilds,1
Henry147147,1
danny2cul,1
sagyougorikame,9
jonhvinnykkj,1
nissan26-suddo,1
debunked69,1
giovanni-pe,1
helloworld0927,1
vigneswarnalluri,1
renatofrias26,1
balazs42,2
yaacovGerzi,1
PeterTechDev,1
Zophiekat,1
josm0106,1
yangcht,2
matheusbcmelo,1
carlyou,1
AhpsiFrfr,1
782125-Hal,1
kuri-dKB,1
Mendouavinny,1
angelcreator113,1
mattyperrott,1
MiltonMilton,2
appneural-operation,1
sage-bomb,2
WWminfin,1
Kirandawadi,1
Banjoei,2
Caprico85,2
VD11AURA,3
salthareket,1
Blazzycrafter,1
palimondo,1
ReinaldoRamires,1
blueprint-creative-dev,1
Cobb-Andrew4529,1
jennywxy,1
HariramCodeSmith,1
Ayoubobbad,1
kittenhoarder,1
tsv1,1
Evan-lin2005,1
aeryncaen,1
endo5501,1
Bluepeltz,1
vanhiepdt,1
prateekpadhy22,1
Killmala,1
kraken428,1
tirth26patel,1
maxsutter,1
3x10ce,1
rodrillet,1
queseo,1
Enas-Ijaabo,1
lustefaniak,1
derSchuafmarvin,1
moqm25,1
gracechen636,1
bobchandra,1
alfa892,1
azlen,1
jomaguevco,2
ussr-slav,2
vinc86188,1
unizazang,1
BekzodNazirbekov,1
shimo-nu,1
shahanxd,2
gotmyerror,1
Shinya78118-g,1
taskrok,2
Omnithyn,1
rohit051989,1
aoki-kenichi,1
EJFreaks,1
yostorn,1
pratsgit,1
AlekSwiderski,1
qhdinh,1
nickkostov,1
shreyagarwalgithub,1
MatiasZayas,1
hedgehogfromheaven,1
HosseinlGholami,1
alonbenach,1
Hatef-Rostamkhani,1
suhanisurya17,1
josephforbes23,1
w41203208,1
Franzzy12,1
marcosnlucas,1
ntini773,1
pirrike22,1
michi55,1
spenceralbers-1,1
niogyn,1
varareandarius,2
gorizoont,2
JeanEudes-dev,1
JoanSharmaine,1
jankiewiczdariusz1,1
HungNguywn321,1
abidiDev,1
srcstg,1
aayushh-patell,1
AsaAyers,1
philhassey,2
Kopyrd,1
merrygate29,1
tuwibu,1
mohammadnejad,1
maximemarc,1
cjzerpa24,2
alberto01hc,1
hypnosiss,1
adekkpl,1
szeplakig,1
OrHavraPerry,1
DrDavid31,1
laleh02,1
Zevik,1
refalp,2
Houdiner,1
bitm0de,1
JayDalool,1
nedcut,1
LauraLerebours,1
nightlessbaron,1
eliabsisay,3
A-Akrm,1
doetoeri,1
CaptainChua,1
Andrey2109,1
twilwa,1
zachthieme,3
DevelopTatiendo,1
Jdawg0309,2
tinoper,1
yan-roo,1
gokhangokova,1
Desertt,1
deniscmrg,1
AtomAutomatica,1
Excel-ente,2
Withstyle2099,1
Mohit9674,2
Seweryn19921992,1
PeterBlue78,1
cramirezdevwork,1
Lastorder-DC,2
sjwithcontext,1
jcraucci,1
Armandomateus41,2
gerasy,1
deadworks21,1
kyw0112,2
cru1z1n,1
Ludelag,1
zacharie12,1
dylankent26,1
owenwalSe7en,1
nfantinodyer,1
jurec420,1
rowemc1594,1
Tharunya07,1
vivekanand1101,1
sacosent,1
solaris33,1
AdamAlSh,1
nitinkumar05869,1
otheng03,1
abdoulayecheikhouly,1
isagiyoichii,1
SourinRakshit-ai,1
wicouy,1
easjer83,1
anthonypenaflor,1
muneebzaki,1
agastya-raj,1
jun-uen0,2
Tino1933,1
NexusRey,1
fangover,1
jeromekirkpatrick,1
rohitbathi,2
FrayeY,1
anna-pye,1
carolinarocio,1
wangxieric,1
kash07-omp,1
Gutemberg1960,1
lasseveenliese,1
jon-freed,1
NickC64,1
Fausto784,1
Ernout-D,1
foirfe,1
abc3rd,1
Akhilvallala2023,1
antoniohillo,1
alibakh62,1
nickbernet,1
henlomedia,2
toudbeau,2
Teo102,1
sramichetty20019,1
jaiemk,1
asmtv1,1
ty-oh,1
juniorusion,1
MarsChaung,1
getonewsj,1
crowell-tailord,1
Santorinichalet,1
rsl72,1
janshort4all,1
PhenomK,1
decanbay,1
zhelezkov,1
VeepCream,1
wesedano,1
glennbech,3
Blaky96,1
wolkswagyn,1
Mapi-3,1
saeki10343,1
htsull,1
Hello-Ash-h,1
sofionic,1
rlarlgmd60,2
atharva-da-17,1
joseph-mckee,1
lolisia,1
carquipe,1
nishit-g,1
alpgiraykacira,1
nhuzaa,1
Beatwrecka,1
Yosel17,1
tarpaha,1
JasonSemaan1,2
candostdagdeviren,1
Ward-B,1
Yaseraz,1
erdalyaslica,1
TechnicallyCoded,1
Automast,1
elCorbacho,1
jenabali,2
iandersontv24,1
JorgeSport,1
TheoDepr,1
leonwu127,1
vishalVasanthakumarPoornima,1
MIN-dustry,1
ApovicDev,1
DiarSulejmani,1
lexavi77,1
YuxinGeng,1
BARAKA996,1
Bad3r,1
rakeshwithinnovation,1
ixiadimu,1
Esme1355,1
TommySanDev,1
toasty10toes,1
frankintech00,1
Ryan-ai1995,1
nassim747,1
KudakwasheMavuru,1
novalis78,1
NikhilSingh9919,1
berishalee,1
foxxx1234,1
cactnut,1
elcontemplador,1
Jordanckn,1
ezesax,1
iz-brum,1
renzocaffesse,1
raffaelbr08,2
Chatopp,1
Andrii-Skr,1
yasuhiro-mitani,1
hamza14102,1
fjaulmes,1
piyush1856,1
stefanobartoletti,1
onura1,1
WhiteVolf,1
Aman-Agnihotri,1
yyzzyyzz1,1
rishub,1
venkataPalacherla,1
KareemGamidov,1
enveedat,1
dkoshyk,2
mike-mlmedia,1
StefanDuPlooy,1
mtonsmann,2
adilosch,1
Arjun-Pat,1
Lucas170620,1
laynepenney,1
RaulPC01,1
JoeDev10,1
nakatySOOOOPXYZ,1
dragonundertheworld,1
AlexanderMelian,1
rnasseur-empower,1
Quinn-With-Two-Ns,1
Jagonsac,1
S4wNa,1
PabloYamamoto,1
juanfernandezuy,1
Lpatti11,1
Symbiot01,1
jeemy001,1
haha12138138,1
Gigixdeborah,1
JuanC0de,1
ntrlshrp,1
Agustino222,1
natsu111,1
EnderGolem,2
Jeydson,1
DBraun,1
valdislaf,1
rohitpatnala,1
dansommer,1
jigaraero,1
jahazielgg,1
MOHAMEDETAHIRI,1
user-VMSmith,1
rolfchess,1
kamrulislam2,1
kacperpaluch,1
nabinkim0318,1
robertopereiraugalde,1
DJPX,1
aliasci,1
MGao1122,1
JustasMonkev,1
yrvy,1
Szymusiok,1
tony2550,1
andrewjamesford,1
ym-han,2
YaeIsTired,1
curry-gecko,1
rcooper85,1
besladenko,1
ernestohs,1
Beksultan2001,1
ignore444,1
pcaixeto,1
jvmeel,1
rswanson,1
PascalBDev,1
nikor30,1
Ljb87,1
yunusemrahyildiz,1
Jodecikids,1
codizze,1
NFTcolumn,1
fthylmz1908,1
prashan-s,1
vitorparras,1
AHNDUHONG,1
dennis-hmh,1
carl0sfelipe,1
fibboo,1
filipecabral18,1
iurii4981-lab,1
arbabali,1
halilsekeroglu,1
VampireFlower,1
BrandedAbstract,1
enzocazenave,1
shahriardn,1
CodeRe4per,1
dang16062004,1
m4c4c0-spec,1
mentoster,1
Ch-Hyuk,1
NachoSizle,2
beautykess,1
donohodillon1,1
YossiSaadi,1
mathetos,1
Antonio-John,1
PetrasViz,1
hanks92,1
winstonpurnomo,1
joseeusebio,1
durschersven,1
selly361,1
basecode360,1
jstrn,1
PredaZGZ,1
kallemickelborg,1
Seungjoo76,1
wnsgud723,1
Retsiger,1
rahulchauhan04,1
dleerdefi,1
ebsc0,1
0xNoSystem,1
gen035,3
yerang1,1
ACiprian-Dev,1
Natalia-SP,1
namho-96,1
plaurino-pla,1
timdecode,1
huser123,1
rafaelamiranda,2
gerardoblancopy,1
Rogerrobert9595,2
dragonXXP,1
DaveLak,1
nnn1111n,1
ajbatac,1
Matt-17,1
konayuki002,1
clementfrg,1
shahafp,1
ericksoa,1
BilalHamid4,1
xsalonx,1
BraveStone9,1
hachitubg,1
GiovaniOliver,1
BubbaDiego,360
MontrealAI,3569
alexbytescribe,26
PuZZleDucK,144
404SecNotFound,3
HGhurbani,596
NB-Core,411
harumarion,131
Shaakaar,158
chaitanya4vedi,1
joep1000,4
leorezendemonteiro,161
JanushMaj,217
Angel-Abc,124
roymichaels,483
OmarDevX,118
wapco-ai,208
MullerLi,2
halduaij,10
m1balcerak,34
adamritter,759
jwiedeman,849
Alex-Zeo,69
VadimAnu,14
leohk23,20
bastelix,1268
jonkensta,29
seishinleblanc,85
Philopt,1158
tachyon-beep,36
MontiPy,43
acpguedes,22
ClubBoss,4436
Yuu6798,236
BanaYugandharReddy08,197
recalledz,788
ezzye,96
jcobol,34
arthurmarba,384
sparkeUnlimited,65
buymeagoat,520
cobusvonwielligh,34
Hobrus,47
vgpunks,121
bleonheart,1212
Gustlik501,68
availabull,96
gambadio,3
tpersp,65
AnSieger,36
vincentml1987,95
DiscoverIsan,23
tylerwhitlock50,31
sxfoster,1625
FerreiraEXE,24
jeremiaspala,2
minuru0408,172
vitarb,221
kobzevvv,12
ReidAtcheson,8
Abhijit85,21
maruyamamasaya,518
Infernal-Insights,328
braydos-h,55
faisal39873987,20
AlvaroLS01,230
stokedesco,9
Jagomeiister,26
kspringfield13,131
Niakdashit,226
flomaxker,99
lucamanc2,11
maruyamayasuaki,2
arishboteco,85
sangderenard,370
DylanLRPollock,247
Ckrest,465
paulthomason,432
forketyfork,76
lamfleur,3
ray5273,19
boguckicollection,493
futuroptimist,577
maksimkitikov,1
brookcs3,446
barneyonline,33
kopi03,35
RorschachE0,1
Loris01100,1
MrFabix,3
Danwuoo,74
mkuell,131
Rednitas10,104
SquarePizzeriaSteakHouse,2
fbader927,29
doziestar,2
worldshading-bh,2
kunci115,1
leonardsellem,16
Vova-s,4
koooooooook,1
chirpyaphid,6
amagwka,113
AlbePt,42
Junxzi,20
Repelstelertje,336
WasecResiner,255
oduameh,1
agrianwahab39,14
robbrooksddm,312
coconutbeaches,82
Fr3doo,935
Franz-Josef-Danner,674
amirbiron,191
FreddyE1982,510
patolina1000,330
ragnarok22,43
intragentt,20
eliotcougar,460
aziobro,4
pvtrcorps,292
eduardochico,110
Joelsoncash,101
agentdavo,543
mx-angelaq,5
FatherWolf,8
ethgr0wth,173
tupe12334,79
angeld287,63
Jhssic,8
Gilberto-xyz,15
o-kd-singh-o,1
SkillHeaven,153
aazdagabde,46
JATQK,51
MMJGGR,284
onurmatik,70
mesanjusk,68
kaiqizhang1120,14
Lkishor123,37
cumbersomeamir,16
xblaster,19
RuisuX10,1
CAR-Alvarez,38
wsemantic,20
dbAbrosimov,20
A1VARA5,7
PlayerReadyPortsmouth,22
Saucytech,3
rohanramachandran,11
Rodco2020,56
JellyNash,27
joshdr83,10
asquithmark,42
muratcangencturk,862
chookswritingcode,9
nickysn,2
mcburgertron,52
karlml,5
lehai0609,10
aboldguess,491
soft2025,18
jphilipstevens,23
schwarzenbocher,10
dionysisterziou,3
ngryun,12
HotelMoted,8
yapweijun1996,300
rafalszm,5
zuherash,24
TimRhr,79
thwolter,98
otikhonova,26
quang-g,8
elixexorcist,25
AbuAli85,290
cabralipe,361
heartofbedrock,17
the16thpythonist,7
HarryOwen23,40
msantos51,268
IgorKarpiuk,1
mymeaning-ceo,601
AngeloMarcos,23
f1evel,158
JaritaSanty,1
otienowillys,6
frostbytn,64
jmaddington,67
arunabh1904,211
Lasher77,87
JStanoeva,46
emgarten,26
PepeluiMoreno,23
Ddemon26,419
IsaacIndex,68
nomenarkt,51
heydershukurov01,8
arjunkh,104
Deathcrusher,100
ExoCore-Kernel,109
toshi-yaminabe,24
brucechrist,153
conquestace,63
iamkaf,314
david-hamilton-glean,17
eliyacobov1,35
flossypurse,2
davecthomas,9
ThibautCuchet,19
antifreeze53,1
Sanoris-Aria,4
MigeruDev,6
rgerhards,65
AkatukiSora,1
Leikaab,58
hjk0314,1
nel2116,19
g992,7
kevincorvallis,20
NAWA5,22
Tallenholm,358
Dymayo,5
kevinbdsouza,36
dElCIoGio,263
RoggerMS,760
gurmatsinghsour,2
sebastianrich18,2
Neo-XXX,96
iWhatty,68
basit3407,25
CatStoleNothing,6
fenrick,461
Spectavi,198
renzosdd,198
edsonarauj0,33
simondcohen,15
Parmjot23,119
Jan1986-cloud,43
CyrilRPG,164
lostprojects,123
Cobykenobi,439
knoepffler,8
AvivonAbove,29
alexx1202,254
Defendicon786,101
ErdagEge,94
ShaheedFazal,181
krishpy3,6
untchbl2025,96
kmrinal19,3
codexmirror,46
Yodaman97,2
nbardy,4
JavierM1207,31
jbakhos63,21
luisv04,6
theallyprompts,20
CristianMartini,6
LoganPinney,29
bouncethepope,24
SiliconAvatar,16
GreyNV,213
dropbop,18
razoraze123,255
HamzahAhmad2000,5
hyophyop,236
Dave-code-creater,17
hekpac,159
nico-alvz,4
obi1kenobi,25
Slipstreamm,161
ofarukkalkan,62
shinee0130,59
ShaneKirkbride,62
tosakax2,47
Jeffery-Frazier-Jr,2
viiiviii538,297
EmmanuelTheCreator,249
vivek-pr,23
Aleshka-08-12-00,62
kimuju0811,6
liuweichaox,55
tetraminz,19
BillyParks,22
seanwevans,1067
rohan-k-mathur,550
Chatsito58,338
hex5e,46
japertechnology,42
bduble,227
kierany5,29
DeviantRacoon,41
nERoX1329,27
Pocomotoxx,3
wertania,4
lotfibelaid,3
ahad-ullah,2
Morlock52,53
Scottshrimp,1
theerakarnm,47
sebvannistel,39
jmorton,3
Maxiduck23,25
youngchingjui,75
webjoe,3
joshjohn99,15
kwalker7631,239
DevinDoesIt,6
dominik3141,9
yjkh17,112
amirmheidari,25
italosilva18,56
SeriousPassenger,26
Nurse-David,47
siva-sudhan,66
akshaybapat6365,96
shashank0302,3
lyudmilpetrov,6
shige,30
DaveSteadman,12
blackhawk99,35
lucianvacaroiu,4
devattendo,1
Adam-LucidAI,72
JoseBurg,1
bararchy,372
Jarhawk,363
m-n-phan,101
kern,8
MizushimaToshihiko,1
mr-tron,3
vemneyy,25
Little-God1983,92
YouLoveAdmin,2
erik-sv,9
hotepbubba,44
Akasxh,8
yves45839,47
granitespinoza,12
JosueBrenes,39
identity-wael,33
arthurbraga9,33
dasalazarr,29
wilofice,62
ethan0905,2
gabofunebre,132
itangishak,121
astro648,32
Furycom,34
codecakes,50
lauri0,410
lrpthomas,116
eliteandhonor,134
slitzer,162
omar07ibrahim,1
mattheworris,2
elibrachas,47
dawmthedev,336
happylulu,11
prasannaganesan,57
natestemen,3
avezey-ci,8
IvanChipchyk,4
ygrepo,20
Blockade279,2
paganosamantha,1
h0witzer,2
povilasv,63
tashmurra,3
lisu188,138
sanjeevyg14,54
machado470,41
robert2100-08-16,32
monik182,33
cnstbmb,4
oothomas,24
s-schaner,32
Malloway00,7
JONA0327,118
iangta10,73
doyouknowmarc,49
lwhela12,153
hussainhht,9
sani1415,17
fkx-69,74
GrupoDesigna,25
chexo7,119
filtymilty,11
fmonfasani,383
shuienko,1
raik-klein,148
Zizhao-HUANG,8
Harsherr,3
godmode99,323
giorgioferrari171280,76
rammoon13,33
hmssrv2024,62
mrruby,29
AIVIN311,233
ssyounge,547
lu-dos,62
crxsmods,1
doramusuko2383,220
bdmorin,1
StephenDev0,37
EnriqueSanchezJr,16
ruinmi,10
nildiert,24
maorth,84
DNAlexandru,91
punshofficial,7
Skulk2Fade,243
Mintsonian,1
ashmit1002,8
NureSemenenkoKostiantyn,119
chklauser,15
Cryptokraken974,28
JoaoOliveira2001,133
alexchexes,92
ProjectCisco,10
GDIVX,87
shlesh,186
chafiq1992,270
JoniJuntto,23
Jesse-Jens,29
mb-stern,15
Danar1111,1
peterurk,7
mattbuildsclouds,1
armesis,17
ioramashvili,1
sz3lp,244
misaelmoreno,1
akina5525,40
ShubanGouru,40
jamiescottcraik,7
samar19951919,1
SeanVasey,2
tech-envision,132
truskovskiyk,34
droren,32
miracoli,18
vicre,351
Hwanji2,7
EZPK,98
guilhermesiqueira13,13
AnonymHack23108,1
Zhou-Shilin,10
juracite,6
RafaellSouzza,24
simos16,4
AliasUruz,405
openbashok,56
rspaargaren,55
arcelino-cavalcante,85
seankeane785,202
rahulkumar0023,62
Martossien,156
signalcafe,87
luckstar77,26
davidf9999,29
PetarIvanov03,54
borhae,82
shi-rudo,2
beriman,158
ping98k,15
sudhirdharan,12
Massimo1167,133
victor-assis,25
maximelat,5
leiyangly,83
Shak-tek,40
dawsonrichey,3
camoufly,4
MadManPetr1,1
HPRIOR,8
domvads,62
cortesi,202
uGE89,217
u1aryz,2
unit92,12
PV-Bhat,14
roeniss,14
vagabond1215,159
hi2gage,48
WhatTheWulf,25
tokimwc,4
merchezattor,5
atupem,14
Pangho297,22
ElijahLuis,182
manimod7,12
mystermy,17
dougnottdougie,2
PLC-DESIGN-MACHINE,271
cyranoaladin,19
gastonmanzur,208
lucasg1,13
cedricNA,197
behtashnoori,50
donbassina,44
ChernyshovaAlexandra,18
Publilab,186
Dawinz,41
xener86,8
hana-dev-code,53
S1C4R1O,26
Madlumi,128
adriancordoba96,68
ddsimoes,5
yanncoad,43
cenacchi2000,43
KILKA1001,67
alsosprachben,45
scottsteinbeck,1
DP-Tech1324,10
hvieirapt,11
yavincl,10
W1TEBOY,4
nikolaTerziiski,8
leoleoleonid,1
Seanbo5386,55
WonJayne,114
ili-ad,797
dpsjksjx900,50
ldswaby,35
Lomet,106
cpierret,17
Danieltheflukr,21
AndresSantosSotec,26
gaffam,12
Daniel-Vitor-Duarte,12
art3miz18,8
arjun18rama,58
AlanHO0702,1
Wtrwx,11
gen1nya,5
C29H25N3O5,1
nkriman,3
marcelobueno25,16
paulredmond79,25
thomas3024,66
Abaza,8
matfra,2
kamiyamazgc,105
gstvgrc,39
veerendra-R,5
JasoonS,3
chunchaolo,3
yaksetig,61
piegaro-workait,13
jeffjjohnston,33
mikeflynn,13
FanPUYen,27
samarth261,20
AadityaArunSingh,9
imrishabh18,77
devJIA85,1
KyssK00L,48
Marilu1707,7
clementalo9,44
alancosiomx,11
ReDiCorp1,1
p4cm4n972,48
rodrigo-oliveiradev,5
Thabonel,237
MustafaKadhim,1
artsystema,52
ajayrakde,162
dogpool,2
Gokhanagingil,34
IgorBaio,29
Stick-eth,31
NizarNasraoui1,7
sok213,1
Budrowrow,1
JohannesHenz,2
wifiuk,30
VyMajoris,10
bglen,4
ryota1431,1
felipevasc,1
italoalmeida0,13
MZKZxyz,22
simonedland,49
deekki,181
LucaDeAng,29
acid-n,44
ringlyra,211
gaby,42
eliseokingcoder,8
djupudga,13
tenitre,7
imattau,161
GigioSki,14
codingSandman,1
IanHollow,43
andrewm4894,11
subha5009,15
pbedn,38
EuclidesAnchundia,17
ariannamethod,261
jnvr1,9
AmberMaze,18
drmarkoconnor,3
Serski,16
ErvingMiranda,94
skychengtian,36
studentsdav,41
greenmindagency,58
TakashiSasaki,96
jmbish04,21
leesh5000,9
sbriggssjc,175
Esanpons,19
oneaiguru,14
mahm0udsaad,5
Seriouscakedata,53
algoam-Banyoles,90
lucianofalls,4
smgusain24,10
cess333,1
GeekGuste,1
samopp001,5
Yoon-Do,7
3lC4pt41n,44
madurangasiriwardena,12
mnbkz8,8
dragos-vintu,14
seomidia,15
Massume,2
andrelandgraf,24
mohitraipr,256
Sonni4154,7
TheApeMachine,25
otchy210,4
lkronecker13,36
graynode01,179
Ayanzadeh93,4
vytsja,2
bedecarroll,59
numbpill3d,152
keboqi,8
chezsmithy,3
270aldo,69
AltamarMx,30
maxencefrenette,238
rohan47,49
JavaZeroo,26
XargonWan,70
milan-han,34
Paragonysklepowe,1
Unitedsleep,20
Mktotoy,3
nacorga,18
TayloJClo,28
j-w-matlock,13
ptsmonteiro,9
Meerav29,32
LibraCredito,40
marang,121
Alily223,25
kiwime720,1
BunSkillet,57
Raffael1998,30
michaelferranti4,6
jeremystevens,1
Loganrdj,132
shoff,20
halmisen,32
jonaraphael,25
Qaswara98,1
andresfranco,6
Adravilag,7
rogasp,4
gpertea,3
ikegam,35
pedeceul,7
drasha54,5
satoshi19840417,301
JakobShen,3
miyaoka,14
markjspivey-xwisee,3
itrosado1216,2
atimics,24
Sealjay,19
akky,27
BabaYara,98
emooreatx,167
SanchesS,7
anotherjesse,8
VictorFernandezGit,2
ellwoodcode,5
bernardo-anomalous,111
acsey,3
ElBarSimson9593,57
vtiposhnik,10
KyTDK,16
olivershe,63
twatson071,21
Ilie1985,7
Oomaryaser,27
parthmishra24,40
masonrogers,75
pratava,1
Loris-droid,4
anillaksu,1
TuckerBWieland,120
chatchanunn,4
ikedadada,89
s-matsubara,12
kaechle,68
4rr0wx,13
lin-cadez,11
zz-plant,86
nathankjer,29
ernestobriceno,5
rasmusravn,12
mattjones08,6
sufi-hassan-tools,36
arunsingh026,1
t00130489,5
TeamCarchariasboxing,12
shailu15,32
GrappePie,29
ShoelessTim,3
marcelo-m7,246
Ibrahim-Nassar,8
maximgubar,4
LucaOrlandi98,7
Panudln,13
watare,2
Michelmat359,6
joshdevph,2
Dor-Elisha,22
xalgrowvikramai,7
szefer-piotr,30
FelixFrei,21
greenangelxo,36
jasminenoack-ai-agents,63
you-sk,5
elsoit,15
sliverstarstalin,8
404RX,4
mefuentes,61
evcscavalcante,102
BrendaBravo21,1
Joernsgeilesprojekt,5
sursum-git,11
NickCoding122,10
RodrigoGarcia18,1
Hunelyton,17
miptgptteam,2
pixel3user,10
Tennessee-Wallaceh,82
Sciosdev,20
golergka,32
Vapcata,3
noss101,157
PhilipSjun,2
mrchris2000,5
deven172,12
AtakanTekparmak,5
Kvkthecreator,327
victorwads,10
maitruong123,1
fernandesyuri33,5
naotiki,2
beanian,23
lance0,8
Daidio,3
areysen,44
ashutoshcipher,19
amaurimaciel,2
tydevdev,53
pdonizete,14
Saber13110,423
PtiCalin,248
MARENICH-mProg,43
stevenvo780,13
srm999,27
zebook-ia,24
feetheproducer,8
FisherSteve,12
nd-tung,18
tallisazevedo,5
xavielson,3
LangSage,3
mattleouf,81
mike12806,13
NelWebDev,1
knavillus1,178
jondean-kd,3
kmizu,17
Maks-Jago,3
TTubi,7
morrowleap,19
JaviDevp,1
mikemcevoyiom,49
MartinPdeS,22
drs-az,58
redog,36
zhaoyul,8
richardsondev,11
MoMoWongHK,4
dncodeu,14
knownfreaks,21
sanilraj,34
Nethelvetic,45
terrpan,8
menarzullayev,2
DanielAndreassen97,12
amasarac,21
walkchris,4
Cinilope,1
vladi03,16
guizucolotto,21
COMPANYNAMEHERE,40
burnoil,3
bhjaswanthreddy,2
AKovacs555,78
kierkegaardian,22
larinam,54
fedosov666,1
LuigiHard,40
Frank-Buss,3
JKirito,24
punlx,2
MostlyUnruly,1
DoujimaKobo,11
joandysson,42
VGLALALA,26
tsuckey,12
abey-joseph,2
savinpadencherry,12
bfindeiss,26
AllanSchergerGitHub,25
dyson-labs,11
ErickRZ10,27
clt,23
jmlester,2
mredag,32
Dereje1,31
guest987564,47
yavashaktan,15
juankandela,1
da-beda,105
LaiferZiv,7
ruassu,1
j0292964,17
TonyXTYan,41
0xEodum,14
JeffResc,54
ThiagoRodriguess,11
kimyoongwoon,7
christianschmitz,33
vibecoder21,16
FYLPhotos1,8
JordanJWhite,5
phinehas2020,15
matijepekovic,2
amumtaz,1
elgarito87,10
sebkuepers,2
roflmao,2
thehunmonkgroup,2
shrisukhani,6
ScottXTra,32
jjonny00,58
LongDinhh,6
TheoMT78,13
samdavies338,8
bristolsamo,1
NPJigaK,51
magyari-zoltan,7
cryptohariseldon,3
FuturePathDev,2
niepi,23
a-i-ks,9
hholk,52
pedrohenriquecavalcanti,51
AliAzimiD,43
josieforever,1
hongjuny,30
marcelomaurin,2
pililo777,2
caua-carvalho,41
bieschke,11
evilpunisher78,2
bitaccountants,2
code-acceleration,6
gh9869827,61
lemorak1,51
SolarScuffle-Bot,2
githumps,8
Bauti03czx,2
rmclaren,23
JppAvila,15
Kryschtzyk,1
jdcastro,46
IanEcom,17
JinParkmida,27
Serdargith,3
Randymor10,2
rm-openai,9
mcguenther,42
ajmtrz,75
OniJoshin,11
senu3,16
wihlner-addcream,24
terriblepanic,30
rafaqat,4
jonod8698,2
Nigdzie,49
agmoss,2
houssamos,34
amitnmeir,26
jmferrara1,5
aobolensk,93
ozw4,17
matthew-webber,8
TheosDetailing,15
manuignatius,3
smrht,8
RainRat,11
abc0008,7
Madumtv,6
SNLabat,2
ashishthomas-pcr,1
gab-palmeri,1
Drewsername,1
mullinmax,161
dmcgill50,11
erickbravogit,2
Salgado-Andres,16
efebasol,2
JackCarson3,12
MattArnold,3
Nominy,16
Speedsniper12,1
Dougoll,6
PrantarBorah,2
VanditGupta,1
wabualela,3
frank-alvarado,4
kokutaro,33
rafael-mannarelli,17
Felandim,21
Skinz1434,17
d8ahazard,1
yogi-miraje,3
Gonkasevilla,1
VincentSaik,1
TunahanDso,25
marquinhosdf,3
ViniSPRJ,2
nkr2766,42
Aivean,9
sersun,1
gwojacek,6
EnriqueMoran,3
AGolunski87,10
nuclearfall,8
ausmanki,105
mxttiapastore,6
Thesancs,8
FullStackChef,20
ildunari,92
BinaryFiddler,3
Eldod0101,29
mwasp88,10
CodeNoob53,42
Illinariss,65
eekruse2,19
sarmadaf24,16
m0smith,21
dejayillegal,61
sharete,11
DennisGoldfarb,54
aajp222,23
rafacamppos,45
alexmushi,15
godspeedtalent,12
tabeyuuichi,7
ogabrielluiz,3
emil7051,39
spheng51,8
deep1blue,10
tainhhb123,2
gabrielldn,6
sichy10,5
trefbaltriggerbal,50
Rohit-Gupta-Web3,13
Baswold,9
ifoche,4
cuongccna,22
obeone,74
ranjgith-s,14
spasaintk,5
Seamoose04,6
InsigniaGiuseppe,9
Ferabensrl,47
redfoxOG,35
chris-page-gov,2
PeymanJeddi,51
katrineoedum,9
mniinio,44
eskender336,9
andronov5,42
nirjharlo,4
Mortyr,1
ImSingingInTheRain,5
wonjun-lab,7
aidanvail,5
mjbarr,7
artsenius,45
Ganixx,5
Holger-Bartel,1
C4rohan,2
mperalty,23
mantascc,2
GraafG,7
Julie1082,2
akofink,16
ednihs-yahska,6
ItchyMichi,79
firehence,2
AdnannM,2
MuhammadYacoub,3
aaron13100,3
Blackreaphr,25
EliahSA,3
yafamyf,11
miamico,42
D-Mad,2
benaghca,3
berbagimadani,3
mldk-tech,1
abbasmashaddy72,7
gmfunk9,13
JerryGanst,31
FaeriqRamley,10
NdfNegao,22
michalma,1
kazu697,1
t-0hmura,16
Peskobar,43
hooman130,26
Gummygamer,18
lmueller555,65
JamesOlaitan,1
valentin-iordanov,8
DominikPoggel,7
telatin,5
dennis605,5
nataliakzm,2
hamzagame123,1
bisu,2
SainiAmandeepSingh,27
piyushdash94,7
iammrherb,29
philippscheiber,2
Splanggi,1
Chantal13,28
gabo-lgtm8,11
jorgeeab,29
swells138,46
paffon,1
ImpowerKev,12
adityasi3578,10
fakoua,4
547atoshinakamo70,11
AntoninoRando,9
Schibum,32
ksukemiura,2
prosperidadeonline,1
syrusakbary,4
Steven-Hawk,4
tananaev,21
jovjrx,5
MinsuChae,50
GOROman,15
osolmaz,2
DeNt-IT,13
lixinso,5
cet3001,21
bernalde,24
nazhifsetya27,10
MTDuke71,35
micheal-donald,7
MhmdMK277,7
nijatburjiyev,6
ikarostech,9
Qiao0223,3
aidanvyas,52
deenaik,5
atlaspetco,7
MScott1118,2
hovikgas,3
mashida,15
aozaki-kuro,5
fa1dpip,3
trieloff,8
knownasmobin,3
pengstem,48
okaytreasures,2
tdempsey,27
philjoe12,17
truediger10,11
deep-kakkad,1
ImmortalDemonGod,2
cablehead,63
EffectiveEducation,18
madewulf,1
CarlPremium,13
tharitm,14
mcaceresh147,5
jinoue-ns,2
harshaneigapula,6
diegoalfarod,17
thiago-gmacedo,2
wileland,9
ArkaSengupta,5
Wintyx57,18
Zach-hammad,14
Cristianguerrer,17
dmunozdelrio,13
Ignaciagothe,22
michaelhartmayer,7
GISOjinga,40
patrykmielcarz,18
robarnold,9
behickok,17
dhirajbandi,8
maayanlevy,2
Tsarpf,19
syncletica,14
Johan-Potgieter-info,18
poddnahh,9
airvair,38
forntoh,21
giridhar0025,38
cruzjc,9
tobbelobb,49
abdoroot,15
giinko,1
javieralaves,167
nileshsurvase,2
richardmaccaw,36
elliotrap,22
rousseaukazi,7
dabuhuhu,1
diogocostadev,14
mww101,27
mohibul75,6
veonua,41
fabmarti15,2
oussabelbek,6
ShanuX69420,4
yechielw,8
terrencepledger,55
zeko776,1
MatiasDelera,36
Marekpisetsky,46
idcesares,3
komjaur,48
mariaandreealavric,18
fatbob01,28
YutoOzawa,8
hoardgamesproject,1
admor101,3
jannis849,5
takahashikatsunori,4
RDLSMODERNIZACION,15
vvkio,5
khandaysaikrishna,2
orenda,45
thianesh,6
pierrel,10
SleazLee,37
NiltonRicardoP,48
Grieveren,2
cruzas,26
mgi25,61
beartell,17
jadamkraft,3
plasmabiscuit,1
jp2025Hub,11
freed0m266,3
pradeepsavadi,19
Norfolks,1
flooredlord,30
KIfeon,8
ArneDeutsch,26
thara,5
marckraw,16
P-K-D,5
Zemnmez,50
bitpantry,25
ahmetgon,11
nizamkadirteach,98
jacome7,21
cebiri,23
InnovixEdge,1
dmetzger1,1
pranayvasani,1
PsycoHouse,29
kaushalisreal,1
jayheavner,20
hostingspell-git,2
bloody2927,14
mehrdadxzaker,9
LunalFresh,13
sbzlzh,4
Krashnicov,2
Elicarlos,6
rcturner7,56
Sainan,6
zhenshyuan,5
KDing0,4
gatx105b-python,3
KOI-x,54
Prasoon2808,3
ReneMarkovic,4
Cardboard-Compass,6
Bankeybiharidassa,59
JobTech33,1
mandelbrot222,15
shawomx,4
illerrobb,52
oricohen792,2
RodaRacing,1
paattee123,3
NicholasClaaszen,7
ahamzehian,1
ivobass,1
Phynnex,90
wdkq2,11
renatoremiro,35
morphienz,32
JoyceKL,11
PiotrTarant,10
eklemt,6
DHurtado714-itesm,3
markmok94,2
OptoSoliton,3
yamadatt,31
tungedng2710,16
pcanelo,1
SombathSOAN,10
the-anantkumar,28
nightbug-xx,5
jolsso,51
can-acar,1
masilo-dev,3
Sabretooth2438,5
Chipatenii,6
MichaelDecent,64
Uzair-akrum,2
snyperf1,4
aec2,8
mart1-cast3ll,3
kalimax-jo,12
Therosin,9
ayushpatel2002,13
Angel3668,1
leonardobarral,9
Jonh-Griffin,1
JeremyManwaring,16
4oxmile,3
PolikarkinDS777,8
dtkav,11
cutsea110,93
DenEight8,11
ferreis,4
Soulcrypt,12
torshinrg,15
robert-annett,25
ajs2583,10
Garreth6232,13
czrvelasquez,26
koteev-m,50
carlosealves2,5
ttk0721,1
flsteven87,3
kerroggu,22
sol5000,19
auroracapital,42
honestFate,6
fescobino,10
EBatistaNog,5
Sahilpatkar,9
santosh742598,8
elepedus,2
dbastien,2
Berbart,14
succabs,17
andreluizs1,4
kenilramani,4
clipboard250,3
MihisaraJayasinghe,1
ISenseHostility,14
EagleFox31,8
olyaiy,17
Demali-876,2
azhuchkov,5
nlp26,7
akine,9
LFAn0m3d,23
prashantpv08,7
melagiri,5
franz13,8
katsuhirohonda,9
t3-nico,35
nsticco,41
diesdasjunge,9
sevenninesevens,3
Porthorion,6
drdedge,20
thomasinch,17
provnuk88,17
GuzhiRegem,6
rechbe200163,76
nikakoy-png,2
nwo122383,19
mohxq,1
rachid18,3
AryamanAg,34
AlisonLuan,19
Stu8866,6
AidenPerera,1
ksh277,36
tdevere,9
dhsig86,99
MoyashiWithDevice,9
venkatpachala,19
yeojoonsoo02,25
Dareto-Dream,5
SUKARDADDY,37
thomas-michels,13
xpldngkttn,21
Drearagon,33
Arnasltlt,6
nazgob,2
anassbellache,15
Andre-Profitt,67
ruanodendaal,6
Ibrhmvrlc,1
blackdogdl,1
muhammadibrahim313,3
nwilkens,1
MattGLut,71
demonshinobi,9
im23b-terenzianie,3
dylan-conway,2
SagarFieldElevate,64
humanagent,42
louis030195,50
pandeussilvae,7
JoeRodas,13
ilker-binzet,5
RobCase29,18
cerkut,3
bthink,3
altondx11,4
blvckvenom,11
Vapss,10
jmoura11,2
Sekretek,18
Gasperlegal,1
thiago186,9
Shankar1371,1
Manojkumar149,4
TamerMansour-AI,75
Flagos21,106
krishnafitech,2
dumebai,5
germaniuz,3
fabula-sk,99
RomanPrybluda,2
Alexsander33set,2
RTeixe0,47
yu-iskw,10
coreymjames,8
tibudiaz,28
tecnom1k3,14
Darkwing4,2
EXStevens,4
King-Snakes,21
dabeenkim01,3
Stevenl1221,42
psagar-dev,5
webdevbiv,7
freQuensy23-coder,5
yasinchenko,2
mehran-shabani,11
thiago1187,21
AliceInWonderland100,1
ogatetsu-0501,21
k8lrc,12
morpheus8888,17
tosincode,14
AllPro123,2
freakingrocky,5
mohathabet,1
Archontas123,85
ChmaraX,3
jirfig,13
JustAyaz,1
nikil-ravi,2
AleksNet5,6
mattiacreates,69
fnenow,1
DECK6,1
LuckMarch,2
DenisAIagent,6
digi-ko,2
m1kethai,1
DuncanCSt,8
Manuelkz1,1
polacoluan,25
CesarPinha,5
toziador,8
Crypto-Learn-io,2
luizalbertobm,15
fadeyim,32
dexoon,25
heyitskoi,164
YFMaster,12
gaui,15
ventistudio,7
CarlosAntonioISC,5
sukanta481,16
oryx960,8
ikecoglu,16
polont-mwl,17
vinicius-ssantos,26
mjcreativemedia,31
tunakizal,8
askalee,8
alanthebatteryguy,5
duysmile,7
jonnysatts,46
jb106,6
diegocondo10,1
redwanUGA,39
null8878,3
nicktull,16
kaidokert,9
anujtewari17,40
PetricaH,81
quockhanh41,5
alxndrkalinin,24
byarin90,3
mateoMakalone,13
No-Gas-Labs,36
leifsummerfield,8
wilberdelarosa,7
VincentCapek,14
ArtyPartik,27
CalebRother,2
prabhuzz00,8
emiliorz2,25
gbujoreanu,53
HsiaoTienFan,1
Sagi-Hatan,4
kirollosonsi,1
jm1mc2kennedy,4
clembeweb,2
kb-,6
lucivskvn,44
ihouvet,4
superxsy,13
vincentsebag,1
somebadboy2022,38
Muhammadkafaby,6
fagnersouza666,31
Sh1karno,1
PapaDocta,7
neivesten,18
4-Dimethylamino-78-dihydroxyflavone,23
SkorpionG,4
pkonotopov,4
PatrickAuld,4
Mbustam-con,1
lin210421,1
Ysertysert2,4
Pedroesc19,17
aadilmallick,1
edavidfs,8
q793148210,5
qiqiMagicCity,31
PhantomGM,12
gmc453,29
sjavataar,1
kipmadden,12
zkiss,14
IanNoble-Visium,12
istqbtesttrial,35
Chin2411,13
mirocle11,22
OscarEZP,14
neeraja-pradeep,4
AkosJenei,4
maximbeliveau,18
ztrglider,7
iko233,4
Crisgmz,10
pguerrerolinares,1
arcanbytes,25
wyxos,18
JJGreen0,7
BkOff-fr,14
bahmankhah,12
yraedry,1
MatheusEinloft,1
SimenSkinnehaugen,5
FearlessNite345,9
unobrandon,15
QuentinGuirois,12
lironharel,5
cmateusmoraes,11
Guilhermefds,1
RuriMeiko,3
sudipto2104,1
fadlibdr,33
Demothedread,12
delvillarfr,10
vhcf1997,17
pradeepsarav,1
BNour129,8
Samothracesmile,3
glaciousm,14
dieterporsche,9
travenblevins,1
qhenkart,6
phpdave7,4
rossng,2
Vchanakya,1
kriptoistanbul,13
clutesd,1
thomasphansen,11
TomLrs,2
CAVEofKYRON,10
FlorianFleisch,13
I3lackEye,1
AlexWilder-Dev,19
Sown-Dev,12
badari31,8
iamh2o,62
maxzhe,1
sebastroza1,9
dieterolson,6
mannon92,4
CynaCons,9
hadcom,3
jeremysalwen,4
petergpt,44
HectorMaganhotto,9
ryusei-fun,2
zachlatta,1
LuciusBest,73
MaksimBrezho,2
n0owud,3
phibreoptik,7
hangukquant,5
etloveaui,64
Tofik-San,29
sdsunjay,8
PalminiStephane,18
ahmedMgouda,49
Morgul,4
LucaRuvo,1
Atharvaaraj,2
JRoy,7
thesteganos,16
Lorhlona,13
Leoon111,2
samth,48
iso9999,1
rkatorijp,2
Sohambutala,4
Romulo-Castro,14
dedbin,2
tsilva,34
CoronovirusG10,2
kiefferdy,3
tb-software,13
Dukehyper,1
renatosaksanni,5
muckymotor,11
JarodRoss,4
Seykhel,13
orion6dev,6
smherdgn,34
vaishakkmenon,15
Mindtrick79,1
lucianomariante,4
vmvaz1935,8
L-earner,3
Ctrlv-Package,14
TakMashhido,18
acmattson3,3
lddj1980,20
RubenU2002,7
ivnad95,7
kolobosdimitrios,18
honsali,10
daycharles,9
mlin,1
g3ortega,1
theepicsaxguy,55
ryand2626,5
julien-c,7
itsBrianCreates,74
ZpowerOficial,12
msnws,6
chame1805,1
jford18,1
nomuman,2
canerbagci,59
nishizumi-maho,39
haehjen,14
joep26020,3
JONATHAN7871,4
Bardirty,13
wilianconte,4
Arthury10,4
MiguelGarcez,8
oguz-kolukisa,10
bhvignesh,8
hisham-asghar,5
vyquocvu,45
jdjulius,2
esaul314,9
igor14111997,2
poppak86,62
cgptlearning,11
simonvc,3
hot14,3
terrainthesky-hub,7
ooodnakov,35
kevin-ch-day,17
cttn,17
igorcmvaz,3
Frederik91,17
ChristianKleineidam,61
Bleu24,31
Alien-AV,36
yeraldinm,71
solfrey1,3
rodypr06,7
JahJahJahJah4,6
kimt1,7
HamzaMalik001,5
definitelynotaspren,15
Jtoscanoa,15
PriyeshT,3
lorentsob,11
Spall-one,6
yildizm2000,1
shay-meredith,5
Duelion,6
gold9598,9
gonncho,1
dansichka,1
scottfp,23
conallh1234,1
magyargergo,4
zdebruine,1
DcSyedFaraz,26
dezzlezz,24
elbirsoufiane,17
BrevinB,18
jakins177,18
MBHunter88,30
SoldierSacha,17
mbansal2006,11
omikirin,3
2Ntlaks,1
TechCodinz,7
RodrigoR4mirez,4
happyplacetraveler,3
baklarrrr,16
Cloudwith-mo,12
06Gagan,17
LuisAgustinDucret,5
phever,5
tjacobs624,8
niklasdathe,124
ColeWheatley,21
fralapo,2
rbatistadev,8
morru314,10
anubissbe,35
sankalp-thakur,4
AntonVD1,9
huaquanghan,17
SAMulation,4
CristianRus4,2
mohamedelleuch777,4
dbirks,7
IskraCodes,6
TieMarketing,2
lolitemaultes,12
Mango-Clark,14
ghraibeh,4
YinanZheng,6
BrainiacWebDesigns,8
rpuch,7
Ninvaxx,92
saadyaq,6
yanu23,31
AtharvaCM,8
kY3He4er,3
hoanganh-hue,2
onurkerembozkurt,1
Rynaro,2
cadusouza2001,4
datboi6942,8
dduerinckx,2
brunomelo94,27
imypatel18,4
jpcedano,2
alirazi1992,2
egorov-ma,7
Dvrchmnd72,34
AndrewAleksandrov347,27
Temporalic,4
Keivan-S,2
PostgraduateAvi,1
pwnf,8
jasonhendrik,32
matthieuvd,1
Joseph-eiei,31
KronchiK-KRSK,1
GonzaloMartin,2
melon2560,5
voxmenthe,2
akapoor13,22
thebrierfox,2
lzhai4892,5
Curran-H,8
bernardhanna,12
DevilDogTG,1
WaiTengChong,3
Flamendrin,47
PavelDobrii,36
thaomaitam,3
tanoux-pixel,2
allud1t,4
kaveeshagim,14
ATHLSolutions,3
AmmarSaleh50,2
Rileyj53,4
Airborn1974,8
DarkZelotesTV,26
rosscutler,30
altso,1
emmett08,4
alexanderkrauck,3
radianx,24
GoodHelpAI,2
behradmoeini,4
sandeepkru,12
fmueller,47
makkeess,5
auster80,8
MagnaCapax,21
binqbit,1
noelfranthomas,9
patrickSupernormal,2
daka4sss,4
thijsvandiessen,6
abossard,4
jbhop88,5
erezt2,2
cruza04,20
Mike31120,32
JoeCarta,2
yubster4525,10
meefs,21
QuotingFast,10
KATSU789,1
yoonholee,2
9600dev,5
akselna,29
Sujant-h,2
MuhamadLutfiZaelani,23
ksmilevski,6
saulooliveira,2
Agent-Hellboy,9
muriloferanti,13
JonahAguilar,4
ishanzenon,1
fivetran-catfritz,12
brightlineglobal,11
MorganRO8,13
amianai,7
quantros,4
hmms117,19
Lawrence2013,9
utkarshpatel23,2
timonemelone,13
tqer39,2
MkSliva,5
junderscore69,1
Riz-kan,4
mateuszniznik8,8
maxthenobody,1
sue9010,6
TotoG-FM,20
ItaiYancovich,11
emtkmkk,19
Lauchpaul,1
qbong1010,11
AE-BASOL,22
RojanSapkota,3
alexcerium,1
AydinLT00,1
qirh,1
Mboubou1,2
UviFarchi,32
tiagodsilvaferreira,8
zunairkalyar,13
Sabru-soru,3
HippoGains,1
blackpum2801,3
CarlSvejstrup,6
fpoplawski,66
Olivenda,17
nikitinavaleria,4
DonutsDelivery,17
eden-ai-agent,34
craigStucky,1
0xmdh,3
etreed14,11
AlwaysMorty,1
DKartsev,5
charlescomp,4
temu893,1
majdhasan,11
Karthikeya-5074,19
jBernavaPrah,6
alpha912,36
alienpoop03,10
morakinyo-aj,3
TrueCrimeAudit,4
pbbattilana,7
IlyaAbramychev,1
S0M3V3RM1N,5
279838089,2
jrjojr,5
abdullah-elbedwehy,5
vindicory,3
nipegun,14
datawala90,4
timothyf,8
vinisantoro,28
digital-Alchemy-mcmg,3
lucaspyoshida,1
hanielotio,4
AHappyLittleBlock,2
vivimage,3
karenmpcc,2
ertamaki,4
elliottng,7
zeltero,2
muhamed1222,85
sssped,10
Mateus-Avila,2
AlexanderLos,1
mlcinall,11
JazzzFM,8
AliaksandrNazaruk,38
vinicius225,1
SH11235,8
panmprgit,28
SunskyXH,6
azezpz1,3
zdavidmm,25
yutojubako,4
mayurrawte,10
SEssakkati,8
Hekleiman,2
moffermann,5
adara20,8
Irdi2002,13
mlaug,7
Alody,1
immateria,18
CaioRezende0,8
stsoft-solutions,4
DucViet242,7
kohuthonza,1
alzolansk,2
vTuanpham,2
ProUkesh,2
dascope,30
buddy-bytes,13
MarketingRHB,14
SolidSnake2070,1
boehlerlukas,1
sheurich,18
thzzlan,2
Ceeeert,1
bharatak,2
Unswaggie-Alpaca,5
lilspammail,18
emadow,3
happyman3310,6
MegoCs,8
dan1lpetrov,3
pattyttt,2
bhautik-pithadiya,3
sgmsa0011,24
taharizz00-ai,4
Zerogravitygamerz,6
yukito-n,7
Outsourced-Logic-2,15
maiasu,1
Paularity,16
mukoufuniv,1
randallb,515
csjoblom,26
alexspetty,12
Guitaricet,6
okuo,5
pavelxdd,2
petegibbins,2
ert00034,3
onenick972,4
joaotorquato,5
omkilpady,10
Jiwhan-Kim,5
zarmaks,6
rossus,13
WindowsXPSux,13
bod777,40
stutting,9
umarashraf914,2
VadlapatiKarthik,11
nureddinerkaya,29
SaintlyCoder,6
gabrielr222,6
luciedefraiteur,3
ludopop,2
kbkuebler,19
FeliFran44,1
nestordavalos,4
vije1711,60
picsterola,3
w3zp,15
JamesHenry,11
loprikas,1
adamjolles,9
SilianZ,6
JonathanSadowitz,5
nickovivar,5
isaacattuah,4
siphiwekhumalo,9
Dean-vA,1
jwkas,8
dodo13114arch,3
rdtect-annalect,1
motacola,7
estruyf,18
andrea00mauro00,5
WetaSystemlogic,44
GeekWallace,5
TN-js,1
AlgoArtee,2
rabii-chaarani,15
juanjoconde,8
elhamhsnpr,1
oozonomaho,14
cnnnk169,2
danielbchagas,3
franciscobressa,2
sunnydsouza,1
kuroken10,2
vobradovich,1
Rich-gpt,2
MNIRKO,7
RolandDumit,1
Andret2344,1
waynefaustorilla,4
mahdi232,3
DaRealTurtyWurty,3
KlimTimiryazev,2
rvelseg,19
rochesebastien,1
oddian,3
Jude-P24,11
DanielMercado60660,11
jhonsoc,4
sukhsinghntn,18
junyou2023,1
LopatinaViktoria,7
khmilevoi,23
Ajay10045,6
Shadows-Development,1
Dollardium,15
xOdinsonn,9
BillReyor,18
B-Rett89,13
idvorkin,9
DestroyCom,4
Darino29,11
kuso6shi,4
nnabuuu,31
rootiest,7
contingency01,8
Frityet,6
andrefigueira,17
Maskedxxx,2
tyufjvbn2,2
sherkenhoff,2
andrejvysny,11
HolmesThomas95,2
maxtepafray,5
costibotez,40
Poostaq,11
ap1w1,2
linlu178,3
geonwoong-creator,4
mrpenguinchik,5
ashishsumanth1,2
mtinti,14
jryan4902,5
elterrien,5
mariocostabile,1
titidlh,1
anaa98fdgdfgw,8
rh45-one,5
ensideanderson12,12
thansoe-2506,9
ThomasLeMontagner,5
joewandy,47
capnknives,7
valzietine,40
ejq17,29
Bton123,9
felixphernandez87,7
jakobbskov,16
williamedwardhahn,3
mohamedBalkhi,8
listerin92,2
MartianouriH,1
chaniniz,5
vikashyap,1
lalsleo,1
Giovannx,2
Bwinvit,16
TongWu,11
DanieleMarcon,12
corbui317,1
shilberbullet,6
p3drootavio,16
ahoff-git,19
ThisIsBert,28
czearing,22
jeremyhsl,7
Dmi3yy,23
Govindest,13
dada878,1
gliadev,13
runicfrostbyte,4
CharlieHubbard7,1
yang3kc,5
aaronthommy,2
Maspie,3
Abo7aneen24,1
DevSoare-S,2
luisitoh007,1
angryshin,1
ayushman-git,6
Willgomes86,4
emeria,4
YUuuuuuuX365,1
wadoobabedobop,8
Duckkings,1
codingquark,6
HauNguyen1349,2
maccam912,10
Maxed-Out-99,9
americanenglishlife,35
stevermeister,2
alwayskkc,3
brunoflavio-com,4
0xpantera,8
DeadpixelDesign,1
Projectm90,1
YamonBot,2
scalepilledpooh,17
rueian,4
savanthongvanh,3
dunihiz,2
somersgit,13
mladovic,36
Alex-564,2
rjmmdev,44
ryanm101,23
joshlopes,2
superdevp,11
chiefcarrington,9
RhythmD22,12
Ebycow,1
Roharx,5
schmutzler,13
shyamarshid,5
MrBinnacle,28
ashketchum10847,2
bryanerayner,4
sjdaniels,2
HarshKhandelwal33,2
dynast,5
eliobenigni7,3
nate-sepich,18
paulmooreparks,8
Santi-RL,32
sushrutjog,4
FerasMTB,3
peixotooo,3
au-re,15
post-meta,1
DarwinQVO,15
adamimos,12
w177ain,2
gaviral,43
jordo1138,10
nkjain92,3
Maximooch,16
FFFhan444,2
AggiesFriend,7
ilyadruzh,21
Roundlay,2
Citydayz,13
obscurepedia,1
younessili,1
jackleland,2
ImGotsila,2
arst,14
metwally-saif,7
DaBurgermeista,34
arturboyun,4
faigycollins,2
frankxyx,2
seetaramoruganti,1
bishalbagale,6
jrf25906,34
gkane1990,1
kadircicek34,28
i-sgh99,1
grutts,1
Antoniofe-cpu,1
saiiimiiir,4
jgoodhcg,2
storizzi,1
AchiraT,1
inder-preet-kakkar,2
EmpathySlainLovers,2
Antonashed,9
StarEclipse,4
yKanaGit,4
David310517,3
DrakeHooks,7
Rkn21,5
KernelMrex,1
JavierQuerol,2
Crazybun0422,3
enjoyloveless,2
ripplewave2025,5
aaronzhfeng,8
Mastrom10,17
lukitasxue,9
WafitaML,1
lucagaf,5
teenu,3
zhouke98888,2
jongray00,9
dexdsl,2
joe-broadhead,2
picorana,1
bekhzad-khamidullaev,13
ozgurhtwg,3
NAA76b,1
kpatelearn,16
spslabo,3
hyoshidsumi,1
TranAnh491,1
Axel-al,1
erncanyildirim,5
Aseuc,1
guillempareja,1
rhirano0715,1
stevedolinsky,3
adlenadlen,2
jimkou,1
vanities,17
Moneshanghai,1
Thirty3Music,9
morokei9,16
davidroberson,7
SkafteDev,11
devbyesirom,4
WP-Autoplugin,2
zjhayes,2
chuckyLeeVIII,45
kashifraza956,9
lucashaola,1
dncR,5
TheGreenCedar,35
tuitige,10
vazleal,5
pseudocod,2
kimkitae,22
boldiew,19
AllgoZ,6
Cevatanimate,1
the-luisgaq,39
MooVC,4
chadiceberg,4
clydedevv,11
brockdenson,4
asp2286,1
gislenescarvalho,4
rigobertorigoberta02,4
ayan980801,48
hagenh,4
fwtiu,5
WizardOfMenlo,6
DanielHrndz4,9
stephan-radev,11
gaffathegaffer,3
lockejan,6
cfiestas6,3
IdirBenSlama,72
scottrider,24
SaintPierreBasketBAll,8
justinlevi,45
cyphersnake,9
christosbimpas,8
NiggyPop,8
AlejandroPico,9
gordon123,8
LuanHenriqueGarcia,4
faverpaz,1
danielrvbi,1
angelandidkw,1
dinoderek,4
VasuAnumula,25
quadskilla,8
tpurschke,1
jseminio,2
Cota123,1
haohao769,1
devomh,5
saad-mhmd,11
saint-aid,1
GNomGPt,1
hikuohiku,8
Joseleelsuper,3
kvstechnologies-cloud,4
rherrainz,1
masacento,1
nmcnair22,3
tiag1o,7
rohan-ufiny,1
HikariG725,1
Radial01,9
adanuriplata,5
LeeCuevasOwner,7
0marKH,5
gabri3lmarques,2
iariasmx,1
CPADelaney,14
nauancastro,3
Avengers52,7
AlexTollola,1
7610venki,4
xeno-commits,3
lotusflowr,1
mraju2,4
tc3107,5
beitiaozy,3
allysonrcs,2
theinfosecguy,2
snaky-ru,3
thunderwarrior9990,1
itsflipper,8
Luisdacas,1
denster32,17
Vetra-auron,6
Matthewchan037,1
manisht07,4
ser1372,1
huluobohua,24
FranjoGrande,2
larcefox,8
gonzalocibeira,4
dphan18,17
milicamj,8
LGBTR543,4
AllieRays,9
TheMindFucker,2
jeronimonunes,6
bariszerk,17
Aiman-Haris,16
joey3639570,11
osarayrah,1
Marcus-LeVere,10
AlexPrietoRomani,4
ogurasousui,5
nks1990,1
nordbjorn,3
lucasrodes,6
rsalvagio,4
AlexGladkov,9
junior-0731,3
YacineAtif,7
coderrino,1
lewis-k-s,2
martinpfeiferdev,1
katuku18,3
Da-Coder-Jr,1
saguyffarhi,3
harryfin,1
jjwolos,1
demassimo,30
arthurhenrique,5
123jimin,1
Gacek654,3
vibrantantelope,25
bisonbet,5
felialvarez,1
Danvdl,30
gfitzpatrick4,6
Iditbiton,3
DominikDerkacz,20
Wilus23,2
th30ne-W,3
ChristianF88,1
yanivlogi,4
CelianFrascaYnov,1
2jw6152,2
photonaf3,1
jun-sylva,5
iamYadnik,5
Mairik4090,34
CarreraPHP,7
spectralshift,8
KImeriGitHub,2
Yarik8706,2
Jeduardo622,12
jun-eg,4
claserre9,30
afallows,12
placed-de,1
SilentDrift,1
TrashBandicoot369,12
jainapurva,2
neekaru,7
Mikey2005,2
seaport-ryan,4
kampux,4
t2421,4
Jeremy-Matt,1
HarryDickenson,1
misialq,4
yonakapla,7
Boxin-Byron,1
seabass011,10
oluseyifire,1
Yushi47,2
ShreyasPatel031,4
kaidombrowski,3
Daunan,1
nullpo24,1
positron48,1
mareksur538,3
Pac00n,4
shet1,1
FatCat3333,11
javisantana,1
lopopolo,3
AlexDanilenko,2
gleissonandrade,1
nadaxgo,1
tyler-dane,4
timdo0903,15
nimaronaghi,10
xinnocode,1
achaney55,1
ajmcclary,10
jadathib,1
Sebasos01,5
chatgptPro2025,6
lgcarrier,2
uguratar,6
Cranberr,1
shuheu,6
cozy51,1
RHgrive,4
Fagnerpro,1
nmaboge,6
SudarshananGSS,6
LMmanrique,2
Andrem19,1
LDY55,6
chaintng,17
Jakebnda,10
afaq-ahmad,4
berggrenmille,2
Axel-Ollivier,3
cventers,3
DaronPopov,11
yaswanthjagilanka,1
SneachChea,1
Merthius,6
coolboi20,5
abusaleh34,13
ducthinhh1002,12
karaskarol,5
dpiedra12,5
rjm11,1
OM3G424747,5
cwarre33,13
henrique-trevisan,14
Steby5,5
Dprogers10,4
clyhust,7
Walliiee,10
MattiaMellone,2
bekoeppel,5
hpatro,11
kody-takuya,2
yuta-paci,4
Fabuuuan,1
necksblkpg,2
andrewm070,1
akshayshanker,1
agent-moho,1
fireball1011,5
sanfengziya,4
leozpaza,1
ntd17,7
atheljcarlton,3
AlexanderRoller,1
muerfi,9
alexanderhaire,5
SendToSpace,1
Polarnova,2
cuijianzhuang,1
ro-ag,3
Hun425,20
salehmohamadkhani,1
Ethnotronix,11
kalefree,1
firewolfxd12,3
emadIddin-Ali,1
MiAry45,7
tingwei1111,1
AliJafarii,1
pycodebr,4
LERIOM,3
azimgivron,8
fantomasdelabas,20
zazula,1
carmelovarela,22
eric-hyde,2
AissistantPros,3
cgamcs,6
Ericky2022,7
ikyorince101,4
riatalwar,20
brenoserafim,2
Jasper123pyah,2
HarryMayne,9
Holzschneider,5
robertodiasduarte,1
SamArgt,4
maurivanribeiro,2
erensunerr,2
Marcio2536,1
JFETA,2
ipozow,20
CookieSource,6
bookmythings,1
oRafael07,4
shitismakiiz,3
kgruiz,42
ldub,2
MZajac258,6
nvbalavignesh,9
genewoo,10
brunoamaral,15
sloopdoge,13
lucasrebra,6
senseihaiku,3
beck511,3
Wikusww2,16
marioernestovaldes,38
Nftzys,7
sagar-g-v,2
datafew,1
karelkana,1
hassanwaseem,2
chignedev,6
StreetLamb,3
Johnny-3,4
tynes,11
wellgenio,1
leyen1403,4
vdchnsk,3
seeden,2
waynegraham,12
BramDo,14
robert-gpt,9
mauricio-azevedo,6
mrnbrase,8
dudsv,7
GrignardReagent,1
Wolfeetech,2
davelinke,3
dasmer,5
DevFabio365,9
kmlplnc,7
amattas,1
stefanoauciello,21
gocanto,5
joaodullius,16
namandevhub,2
Andres9890,10
dunsparce9,3
gesusn1,3
Laszlo405,3
nandrienk,5
Arincon,1
vavavavavavavavava,10
Popodesigner,1
DAVIDwhitelabeledCA,1
prome02,3
DannyLimDH,20
Guntmire,19
jonzarecki,15
bcwu324,5
FarzadMo,4
MaximePinto,7
Flooxou,15
pizzaforex,4
tarkilhk,4
dmw24,4
jaymovingmountains,4
billjamesevans,12
JeremyKuhne,13
doogie-bigmack,32
r4ai,4
ridrisa,7
hubertik1,14
nikonlikes,2
HassanGagai-1,4
Dodibois40,11
dktk1920,6
AdolfoLazcanoGomez,1
gigio1023,3
ankurgecr,1
DiepTran0899,4
JoshuaPurtell,11
Parviz0911,1
doxei,1
Bardiajuve,1
Onetappedd,2
saisumanth4024,17
Algo001,1
mauroderr,1
nathanjeichert,7
nozzomun,1
P1wan,14
infinit3labs,27
Marabyte,1
Pranav2845,2
Ali-Maq,1
sadow999,12
AntonioHCervantes,13
AllenMcAfee,7
bigtent123,5
AICardiologist,6
benhuralmedom,3
krsaurabhmca,8
jacobsafar,3
krishiv-khatri,1
kavindufer,1
shervinghaffari79,2
korvin2000,10
JavierGarcia131012,6
gottagetgit,4
vossenwout,6
benjisnyder,2
SadLinusGuy0,2
Fargarther,10
fadjar340,3
Devansh0212,2
miguel3200,11
alfredoyang,16
sjauncey-cp,5
eduleap-online,1
Shaugato,6
xjeremy,2
leocuervo,1
MartinSilon,2
arathe,1
jamditis,3
Raresssm,9
procrify,1
amestrisu,1
wdesmedt,4
penarsab,4
GuillaumeRacine,2
lreiher,4
lucasmmg1,13
janishahn,2
fabiofidone1978,9
alexni9055,1
Ciel-et-Terre,1
anthony2303,6
afable176445,1
lampmaker,6
solik2,10
Vanderhall-Sims,3
wwydmanski,6
jvjc,1
jopetech,3
vygkaz,6
cameronsevern,5
0x4D44,14
Llark2008,19
FelixWeis,34
spenceriam,14
wrych,5
soudasuwa,23
theMahdiyarB,2
plugilode,4
JulesMellot,2
webbrokers,1
pinkishincoloragain,1
agustinems,2
horoyoii,3
nancho2602,9
zxddvp,1
cjdcjd10021,1
dhanukaprr,1
dkruru,2
bingyia,3
Takayuki-AI-architect,3
scholarsmate,2
NDobrev,12
samawaatz,1
EvaSomewellCodes,1
seino-ta,1
day01,1
KevinWinklerCSS,1
Iamikr,3
Dewis2,3
tecnocrata,2
Yaman-Kwefati,2
MasihullahB,3
PatrickSoares-Dev,3
cojok,4
MarcelloMorettoni,10
freeGeeks147,3
ALTrijssenaar,3
Spirit1269,5
melsiddieg,4
mxbraun4,10
pepyakin,3
yoheinakajima,13
kiote,5
Vynlron,25
feynon,2
dighrasker,1
dungphan294,1
Dieg0arc,1
rustansmith1,4
merrellkd,13
leith-bartrich,6
fbigrs,6
rismay,11
fivetwentythree,5
gav007,4
GokulViswanathan,1
houssey89,4
shthomas1,10
jonsearle,1
egrandmont,12
SAURABHRJADHAVCSE,3
Ibajlec,6
charankumar0002,2
Pascal0902,2
mdogus,1
ravenousdox,6
nicogis,4
paraiso23,4
viktor-yordanov,7
kalyanidhusia,1
dannysecurity,11
DainiusGelzinis,1
Vineet5-Data,1
DenisZol,13
bobthecomputer,9
nathannylund,1
curitree-admin,5
1amhesus,2
NetJagaimo,4
SoBa23,8
encomjp,10
beaTejakulator,1
CG-AA,11
LukeUpThere,3
geduardo,4
Sifan-Baissa,5
gcjyzdd,1
kambrosgroup,1
dm1trienko,4
UmerVarya,19
zjwhitehead,1
Satwiksatat,6
NerosOW,5
exxcelmentor,3
SongOfTheFallen,20
PhilippElhaus,9
julcoh,1
TareasUMX,1
nisicruz,1
yasu-oh,1
tylercb,6
mondiligo,2
westdaddy,35
8f00ff,7
ahmashadani,2
mitsu-yuki,3
ariadng,3
ohshaan,9
iclaldogan,2
EmreCanberk,1
Beko2345,1
ThePecerowski,1
HamudL,1
jhon-guisao-dev,3
NaRDilvc,1
TheMrPumpkin,2
kompaakt,1
williamjones0471,1
NeosLouka,1
kies1,1
rppranjale,1
TadaRey8,1
onedollarbanana,14
myaiintegration,1
jilleb,2
r2d2-off,14
g-offmoore,8
petrsimonides,1
lars-eisbar,4
mikeymcfish,4
relh,18
larelgit,6
andrewchencodex,8
ccamilocampos,1
ancestraljoe,10
levickiy,11
Recoba86,1
nuriadelaude,1
Frenzied-Pop,2
BenjaminBiber,25
fabiansvc,6
oswalpalash,2
yegors,7
spicabase,2
qfzcxdl,1
Gabrielafbmota,1
nessim-ben-ammar,23
newdeveloper2k11,14
abnoba12,2
aknEvrnky,4
cubi4,1
TechmanStudios,3
prof-ramos,9
BenSeamons,6
kaneda2004,2
oliverkroener,1
ewdawg,9
hiram0809,1
yahir21547,4
Kellan-coder,1
captnamato,2
BSupercharged,6
exezick,3
RomainMuller,1
trungnt173fpoly,2
aninaga,1
ENTROPIE1,8
Vedin,5
mcnugit,20
nbarredo,4
kvnschmu,1
maxtechera,17
artsnoob,1
mark-tide,1
kashifaltaf,12
AlexIvan333,1
rgllm,12
1Ronkkeli,1
TruftedBug89,4
yogeshb20,6
nopara73,6
Hello-Primo,6
benjaminshafii,43
gagamello,1
dmjerman,4
AnkitB47,3
herrtunante,1
dantypas3,4
KosZoz19,1
soumendrak,12
LukaMS,12
dps44-alu,8
guygregory,4
suin,7
epicChoggers,14
amascaro08,98
Pejman-Adib-Ghodsi,1
AndrexB,13
nhonda,5
rtx511,5
ifeelducky,3
ymankh,9
lds1998,6
yosuke-furukawa,1
marcomag,2
NFG-J,4
ChipCracker,3
qReolq,15
mmostagirbhuiyan,9
ErkoRisthein,6
Pedro97198,1
KIBASSA,2
TheUnknownIndividual,16
leopoldch,8
blefnk,3
vghpe,7
jemilianofl,1
techidock,4
fickycj08,23
QRcode1337,7
gerwasiius,5
Falconcloud-ia,9
fclairamb,1
yuvaraj-neelagandan,1
franck-audiger,22
iGadget73,2
pinguy,2
frebarcelos,4
alejandrommingo,6
MatthewPaver,5
abaw,1
kevprice,28
xmohammad1,67
badgerhoneymoon,2
kkyy3402,3
ctemelkuran,1
ngohel58,14
bildw,13
gitblobross,5
YotsubaTamiko,13
chern007,10
tahatms12,6
LemurKing14,2
AdrienUfferte,11
Silverfox1356,31
crzyc98,1
thisolivier,6
baumloveggod,3
EmmanuelQuirozA,3
fortenemy,5
kchechlinski-epoint,4
mahmud021,3
piXelicidio,1
wingman-jr-addon,2
mutolisp,9
quzkhanh,1
k3lsonvictor,1
jam9120,9
choppakatlakoushik001,1
aboosoyeed,2
BuiTuanAnh2001,1
csessh,5
javierpoo,1
bepetersn,25
mellowsss,5
KrimorQ,5
shroffsagar,10
mmoncada1,4
ricardo1mayta,2
vicy07,14
lucifxr63,9
juanjavc06,2
CHITANDULA,2
playerpianoman,1
naufaldi,1
jfbvm,1
walter-la,20
buildpcfr,7
joshogden360,1
openhouse,14
jusenglee,13
Bl4zt3r,5
LuanAlves2,10
amazingsmash,4
ceoz-0,2
LJPearson176,5
dviveiros3,1
iLikeTurtles88,1
leon0399,12
SmmShaman,5
PoseidonsCave,7
discentem,2
Atubu88,8
gavin-hyl,2
rushigadge,3
Rufda,13
acsahl,1
fthelen,4
egdels,1
ThomasKettner,1
Dario775,3
danny-mv,5
Wrensul,2
happydreammmer,9
susavlsh10,3
gru2007,4
amran1451,1
scode,11
alexfrankcodes,4
crisanchdev,3
RokoOfficial,5
delocxo,1
mada92,7
AlexandrYZ,2
kangsangyoul,10
Ale-Nic,9
saralilyb,1
guzi499,1
jake9wi,13
Fastbyte01,8
jose-cantu,15
ericmichael,11
hachimada,3
officialprakashkumarsingh,75
Igrom4ik,8
hemildesai,2
gabrielciprianoo,2
SaharYaz,5
sanco60yin,1
lukemattix,3
IgnM4,12
ProGregoryBrunel,1
smplcod,6
Froztroz,1
guilhermeLimaferreira,2
TomBPro,1
eternalroree,1
CangPham,5
flyby-yunakayama,4
pablovela5620,3
Tawan-ok,9
caioalarcon,12
advisory-intelligence,1
elifalk06,2
imthomp,5
Kromval,2
jensbodal,1
carbon-gpt-cyber,3
DediGadot,1
willoak,17
aaron-spotifier,1
Yasir326,13
brianorwhatever,18
mohsinfd,14
miguelviz,4
christianbowie,1
Technically-Possible,2
navyforses,2
nealiyer88,1
ibrahimyassin360,3
i-am-creator,3
GalushkoArt,3
IssisX,3
amit-sakalle,1
elgrim6,4
paw-pin,2
Cargobici-codigo,4
Manckui,3
Arzik1987,2
sertaoseracloud,15
Nachitzu,4
LoayCoder,1
ashim-gelal-citytech,4
gitjoyoung,2
Sandyreddy11,7
Dbrooks2,1
Suhaib-AIT,7
kazaam31,7
retoro-man,7
ayee-sutthiporn,4
adi3890,2
AgentTwiice,31
oshalash38,5
pradeepvaka,1
cristianpoleyJS,1
tszornel,2
benayat,1
Alpacorp,5
LochnessFPV,5
Deyanatanassov,2
DarthShoge,4
pirut,9
aguedo,4
ntsh,6
twitchyvr,4
MansoorMajeed,1
yairfalse,13
jellydn,1
timothyfroehlich,3
ootakazuhiko,16
arbeitandy,26
toguri,7
cm-kojimat,1
yDog-1,1
9alvaro0,12
lekemula,1
shawndibble,2
pablof7z,1
adust09,1
efaroni,1
steviec,1
carloseberhardt,2
AndrewCorlett,6
ignatovv,1
adamancini,1
mkwatson,26
pbonneville,8
nakamasato,6
ESRogs,1
tbowman01,20
jun-suzuki1028,2
aiandrox,3
taku-o,3
pjkundert,1
deepracticexs,9
bartdegoede,1
lmsh7,1
kennethjiang,1
SpirusNox,2
coreyja,2
holden,2
arthur-debert,13
TengHu,3
KeppyNaushika,2
theostanton,2
KristofferC,6
106-,3
bossjones,2
robertisaacs,8
endersclarity,25
MementoRC,12
RenTonoduka,1
ebal5,1
jchenseated,1
OlegCIB,1
arkavo-com,9
tihuan,1
dai-motoki,1
naok1207,1
raseniero,1
ernestobarrera,1
banton,3
junichiro,1
crystalin,6
NathanJGaul,4
andrest50,1
ivangrynenko,4
sakamoto051,2
abretonc7s,4
RNG999,10
jnewton03,1
danyalprout,1
norrisaftcc,8
jandroav,1
ma3u,3
ejfn,3
yordyi,2
maitrongnhan99,1
Shiou-Ju,2
lolchubbylol,1
mkiradani,1
seabbs,5
davemjones,4
scttfrdmn,1
hfoley2013,2
erbenmo,1
o2alexanderfedin,1
abrookins,1
asklokesh,1
adamkwhite,2
sevos,1
safurrier,2
robertknight,1
hiroaki0923,1
chrisguidry,2
devops-mindhive,4
candy-hacienda,1
mbosley,2
qws941,1
frostming,1
hironeko,1
streichsbaer,1
takafu,1
niechen,1
tural-musab,7
zipbusiness,5
bogdanfacaianu,1
NielsGregers,2
jimcor101,1
p1va,3
tboydar,1
neotherapper,1
taguchiu,1
jmesparteroup,1
Miyoshi-Ryota,1
seongmin1117,2
haeti-dev,1
zeidalqadri,2
Jianxun,1
evertweb,1
HelgeSverre,1
ihoka,1
r-cz,9
caseymanos,2
tarrencev,9
seconds-0,6
rgthelen,2
nagyv,1
ljy9303,2
TomasTomecek,2
numa08,1
neo-f,1
DylanPMunyard,1
karaage0703,2
syntheticgoo,1
luisrms69,2
daktu32,14
naoto714714,6
kcenon,1
koonweee,1
lucasdesmet,1
kk6,1
tomoish,1
burr-nim,1
belljun3395,2
koriym,2
alvinlee00,1
hy20191108,2
alok,2
XxGodmoonxX,4
sophiedeziel,1
wspringer,2
chipturner,1
hand-dot,1
genk813,1
nicholasjayantylearns,2
fxerkan,4
fceprika,1
osbornesec,2
yamat47,1
PascalVorwerk,1
arunmenon,1
faezmurshidi,1
antocuni,1
nafg,1
wlgns5376,1
Fermain,4
fwegener83,1
xrliAnnie,2
Nayshins,1
s2k14,1
joelteply,1
halsk,2
mupastir,1
jakemannix,1
Cheffromspace,1
chida09,1
temujin9,1
tl375,1
robertsn808,1
ssilve1989,1
mharrisb1,1
peterdeme,1
Curatrak,1
fummicc1,1
CodySwannGT,2
wizardsupreme,1
nickbalestra,1
sungjun1116,1
shutootaki,4
ebarronh,1
izumin5210,1
BryantD,1
mildshield14,6
ngrataloup492,7
asankov,2
tomerroditi,1
maxwlang,22
eitan-cohen,17
ashishkumar1ninenine5,18
brennuck,8
HCWorld69,2
abad179,1
Brett777,2
gtgottlieb,1
koendebock,5
helterskelter01,1
Ferranv3,7
bee4come,5
hongbanzang,2
IvanYachUkr,1
milesian01,4
Yonom,5
farukalpay,4
luisbarradev,1
RYUTAONO-lab0929,1
jpm1295,1
lershaid,1
bhjo0930,1
lkleinbrodt,7
Nostoi,34
rololevy,8
Nicolas9317,1
machinedreamsrecs,3
denerlich,1
Kavinraj23,1
mathieu-thomas,1
canmuratakkoc,6
grandcanyonsmith,31
mpamop,3
eyosias-k-negash,1
aaazzam,2
milesan,6
shardylife9,3
blackoutnet,1
nikivanstein,7
ricardophg1,6
qgeffard,1
Rob1Sim,1
ejariza-evowill,3
Blueplanet20120,6
tonysina,1
garyhaibozhu,4
acco,8
SaiSampathKedari,24
keitaoouchi,1
nitsun-dev,1
jlalford,10
saedr,3
talesperes,6
Vvignali,6
cartha91,1
anupshah2it,2
tahacansiz,8
neurus808,4
tomlue,18
Kalef22,2
FantuanGoGoGo,3
s2339956,2
YPAndrew0907,17
LulDrako,4
gabrielbentog,4
seawolf2357,2
joshra,12
qeesung,2
hyeon74,2
raayraay69,1
andythebreaker,10
Zoraz01,3
FaganOoiWk,1
antoninguyot,1
delro92,8
AmanYadav20-5-04,6
MWaltz469,12
Mister-JP,1
Leostrange,16
RobbyLawrence,1
wilsongomes-swe,1
hadv,7
Arcedii,1
MukundAgarwal-code,1
gonzalo-b,4
amirhhz,4
chirag-dewan,1
tomboflight,1
SI-RUI-ZHANG,3
Yeverend,2
RenatoPoncee,6
newhuman12,1
suryavanshi,4
stife,11
AzerAskerov,2
Krister-Johansson,2
HR-AR,6
obsoletenerd,1
xExmrg,34
Efsitax,1
jhsizemore,16
djozeppe,1
fedekrum,5
ebral314,1
oponeoficial,4
biffbuster,7
ledgerW,12
alekseizarubin,3
domorsolutions,2
timpani,3
matuzaki20120,1
khopilot,15
robert05-ctrl,11
Leijoma,4
anshulsharma99,3
GoncuCagatay,1
PmAbi1993,2
tommy-tracx,13
klondikemarlen,3
wushi565,4
cnkang,9
arturbenevidess,9
KindTis,2
ppking2897,3
zackwu-playground,5
SeraphimaZykova,1
gustavofisica,3
millsoft,1
Iwo110,3
kest-one,3
phcom,1
VanshikaGurbani,4
indifferenteye,7
MaxTeiger,3
xdtoalready,10
TheVirusNVGM,2
snakajima,6
aruzaev,3
nimiCurtis,13
GenLI3202,3
longtran00,1
mchtenes,2
yigit-ak,1
yares28,4
AVGVSTVS96,2
shahdjawabreh,16
WaldronElijah,4
amicloud,4
MagicGoddess,4
kuil09,1
Newton077,1
FelixChop,7
l3b,8
May-Mayy,3
MedBahnas,1
MinteNecha,1
sabinahschmitz,5
PJsTimeWorks,1
oorischubert,1
Joevazzz,1
rapp2043,1
cesarschutz,4
sthevan027,8
AxelPedrero1,1
umaxfun,1
gkv856,5
elianAVG00,16
minzunim,2
chloegu214,5
datafactory-user,3
10Abdullatif35,5
kevinnggit,3
jereml99,2
cpl121,24
britrik,2
aliva,1
udhaya20082003,1
Abenny31,3
bitzer-rto,4
manota01,3
gustavomts20,7
RaviTejaMedarametla,1
Hinko42,1
CRSAds,7
ajbmachon,9
aleknitka,4
VegaDesigns,6
lamardealmaker,1
alikahwaji,8
Gerardo46,3
Balbuzard-93,1
VLAADOS1,3
TethysPlex,10
sekobass,2
AlstonXiao,1
Broyojo,1
Djhan57,3
TheCoderGit,4
Jafri115,6
smittjp,5
ZerogTony,5
gokul18181818,15
jersonml,3
Mohammed19J,4
s7n5c4n,1
oSerenity,6
grrowl,3
Nadhiem,1
arnaudauroux,1
a3wdh,4
gp7485451,2
bmoz23,1
marten229,1
hectorgrm,5
tnystrand1,11
dynasmon,2
renatoaraujocont,1
philz,1
adkf37,2
minhtuong201,1
Nedian0Brien,3
10John01,2
TomasPalsson,4
Brandonj171,1
qclayssen,2
eastnile,4
coolspotyt,1
cloudofgeorge,2
mglants,2
dasali-jenario,12
marcelosabadini,2
rknH,1
Wastopian,4
cloudrumbles,1
pyypyyy,3
thomasdindin,8
0911paul,2
spdpt2fr,15
shantanuweb,32
RomanZubcov,7
chanzer0,11
RajTrivedi06,2
mahmoudValizadeh,4
TomTzadka,2
dcablayan,1
DigoFCode,7
Morris235,1
neocristal,1
alexisvedia,1
Baabzanco,1
YiniRuohong,5
Free-Star,4
sohel-rana,4
Marc-Alban,6
rkang821,4
feilongfl,1
Neodevils,6
samholmes,1
erinskieasy,1
Elldreth,6
WenxingDuan,1
BRPRAKASH2104,2
ryanehamil,1
that-one-arab,2
Dweliw01,7
OmniChainOrg,3
loureng,5
kmatsura,14
cloudnativeengineer,2
jericho1050,1
grittylonnie,3
achiko,3
HiroshiNov,7
digiangler,3
petems,51
BorisTyshkevich,1
Rinshn,9
jayanthkumarak,2
Protbhai,2
lucasryyy,3
anuragsharma1111994,1
Jdg233jdg,3
JorgeParedesDev,5
ThitsadeeChareanpon,1
pw-bms-gt,5
newwebie,4
juancarlosasensio,1
Antonin-Le-Donne,3
indraworks,2
GGboom-er,1
ssakone,4
PatrickMWAMBA,8
Zereo0317,8
agalup,1
POWERFULMOVES,7
emrecamasuvi,5
Viktoria-Secret,2
florianbrieler,9
rzhang57,1
zixinz990,1
OneOfCosmosMostWanted,3
gnarducci03,1
lorenzoferrante,1
orionchik182,2
marciellejanguas,2
vytautas101,4
matsudoboku,2
sultanaalyami,1
panacea-icono,1
deankiwi,3
hansilverl,10
jelicona,2
su5577,1
Vancubic,1
majidkhanphd,3
MamatorHack,4
anumalla,2
theoknock,1
noxennn,3
scarr05,5
vamsikurukuri,2
leigao805,3
austenezzell,3
RmMargt,2
thomcom,5
antonirez,2
quasaryeo,12
yoshicoo,12
yoshimineyuuto0217,1
adamreading,9
kozakurumlu,4
dror-lichtenberg,3
dmittov,2
Radu028,2
thephez,5
dario-suckfuell,3
moaiandin,1
LG-exp,10
dbim85,3
nuljui,3
KrzysztofSuch,2
dwharve,2
DorMaudi,1
a-mro,3
mralexgarrido,1
GrgMszrs,3
FVitor7,5
mreduar,4
o1ai,5
Dor-Skoler,1
masasen,4
rubiny,1
hchereau,5
jimin-lee-1122,1
FelipeMarques-bot,5
Resonant-Jones,1
Zhyak,3
han-so1omon,1
jvnetr,1
nathanmaass,2
Luenpa01,2
gerotutu,1
aiisa223,5
SChaeck,1
IIPoliII,5
cuevasarancibia,1
canerozdemirr,1
adityasuggala,2
ekin-ceylan,3
RealStateDev,9
hinosalt,2
maaamky2024,5
recursionlab,10
yashinsmast,1
SirMrTyler,11
helloaidank,3
tianhe495122,4
krishnasaga,2
OpenSells,3
Saffronius,3
aipolabs-credentials,4
jakubadamw,2
JeffGuo-06,7
Oriol-liar,3
GabrieleTpall,2
RustyRaptor,2
romainbossut,1
aaguiarz,25
NevoLevi,1
14-TR,3
sakrut,2
AkoniHakeem,2
luanmenezes0,1
8-por,8
TomDdotExe,4
angelsnchzexe,1
Skyweldor,5
BrenoXDMoon,1
magnaopus1,4
yusa-n,18
DaoFlow,6
rmcdaniel,3
stanyfernando,1
starshieldpaints,3
GabrielMarcoAngeles,3
siasty,1
AshwinKhanzode,7
ColeMurray,1
vmartinsr,2
Onivoid,8
roellongcop,1
skokenes,4
Nerozud,3
marekkotowski87,4
land-cap,1
paperMoose,3
strobl,2
wemerick14,1
themaras,3
AntaresGT,2
William0814,2
ekalnow,1
Styphler17,6
oliverguhr,3
tecktim,2
myobie,4
xirf,3
atyantjain,1
TheDataQuokka,2
Calfur,3
Trustbyrecon,4
guillo328,1
htcskhtc,3
neotron,4
wesleyjellis,1
austinwilkerson,12
cesjavi,3
TenFold13,1
JasonDVD,5
MDSFPRO,4
sethrothman,1
adamh-oai,2
yug-space,1
JakeJ16c,1
chosen8823,1
atarakanovdes,2
benreifel22,8
SIDGEY,2
Gay22222,2
wini83,6
oliver-kg,1
RaulAraujoSilva,6
HimashaHerath,5
mkamrans,1
BenSanex,3
JerePrograma,5
TomBergmannDVAG,5
hellmrf,1
heavy-d,5
incap-za,9
scovl,6
A6230,1
TomySpagnoletti,5
MohamedAbdella,12
azizul104,1
Cosmoon,2
ADIII0s,3
gokimedia,3
absai50,2
ATarasovHub,5
TiagoSchr,1
Ugurdemiriz,1
BishoyYoussef,2
sergiozegarracorne,2
stef-mat,9
rafaelminatto1,1
porizou,2
andrejkanuch,6
orrivlin,3
4bdulla,6
Hsail,1
Eyas-OB,2
nicewo,2
Jwu44,1
Vodianoi,2
bakarih,4
agustinredin,3
Laurens-Rams,4
tripc07,1
sandeepprasadR,1
kenanGonnot,4
bmolodan,6
Tusalatente,1
MrHengst,1
Fgeeha,13
HPDH,8
hanlinag,1
jchanthy,8
jlmcd,4
andreuSignes,1
owenservera,1
t2koan07,1
kujirahand,4
wahyuunt97,1
andrewyazura,2
Jakehtml,1
devbleras,1
mattvideoproductions,22
hdtamara,1
RAJVEER011989,1
seckin-erogll,9
HeroBrian389,6
tharteveld26,7
pranay1990,12
markl-a,2
SquelchySolana,13
FabQ,1
ReubenFrankel,2
Warren1116,1
aidosatai,2
Ritij-tech,2
frankb75,2
fs1n,7
Hamza151214,1
Annomy111,1
Zonoonjlal1,1
AnastasiaIU,1
asielcabrera,1
alexander-bauer-xr,4
DaneOAiken,1
AppVinaros,2
lucharo,4
greenscape2024,2
anildhangar69,1
stimutak,2
ChoiJaeWoon,1
IvanPetrovicCyberUnited,15
mderstine,2
letrungquan,1
Niizuki,5
redaabdou,4
Hofman2HQ,3
DBJaeGon,1
luvittor,27
MrScript-DEV,1
cheetaheim,5
EdwardAThomson,10
ciscosurplus,5
IdilGA,2
Pa3555,1
eskimoburger,2
rogercampoos,1
anthonyv449,27
RaheemJnr,4
joaolcorreia,1
cxar,2
devmwang,2
Serhooi,2
barrerag87,1
hofmpe,2
dsibars,1
nikhilpote,3
Tardouse,1
LeandroLobo,5
Manasa-patgar,1
tajiryemen,7
marcoantonio567,2
marcelolavor,3
Danieldevfij,12
RoYKalyan,1
PureBlizz,2
sanjaydevang,1
Mohan-01,2
SkyfuN23,1
michaelprinc,3
eqba1,1
lanlicyuen,1
jedokim,3
tommy-tai,1
ModyAssociates,1
vitetj,4
mysterium-coniunctionis,2
MikeTsel,10
PietroMarigo,5
ikatechis,1
inti864,1
cegomezsantos,1
danielchoionline,1
akwatsonbmc,2
Gutembergfox,1
SepExpress,4
VictorVVedtion,2
evanfuture,3
asatuten,17
shengyang998,5
tomstockton,13
francescoagati,2
vrocky,3
abhi3315,6
ratheesh-aot,2
yasuto88,1
wyichew2708,1
arterberry,5
joelmartinez,6
alekseitrubin,2
JesusChaves,40
pcion123,1
TOPLIB,3
karimatchoo,1
atperf,1
TomKonig,6
zazmage,2
thangle300403,1
bay082542,2
stalkermv,1
Coder1997,1
filip-minx,2
cwRichardKim,8
o1e9-p,2
fgazzera,7
nishantsharmawalmart,1
PeleAB,1
AntonioDomenech,1
Drimax2010,1
Shargrion,6
waifcyb,4
russfranky,1
hndeau,2
shauntyndall,3
junairserve,1
silviodele,3
simonrek,5
leonardodipre,5
anton-g-kulikov,6
SebastianCordova473,3
Vuzy007,2
Mgiuly,1
GiSingh3124,1
DanBattilani,1
HungNgo269,3
georgevlad,8
Amakanza,3
kartikmandar,5
Jameseed,3
bashayernew,1
demostheneslld,10
closehauledteam,1
jayahn7777,1
cassio-felipe,2
JoneKone,7
quciet,11
jpierzchala,12
shanetraister,2
hassaku63,1
cetanu,2
DimaGrach27,3
SalihCNAydin,1
yesilugurr,16
PharaonBoules,1
Flokinho3,2
LorentzFranklin,1
albinr,1
visionSpoiler,1
AlexandrNizkovskih,2
tien950,1
ekpangmichael,1
deepusdadiya,2
andreabedini,1
tgbernard19,3
DelmedigoA,1
brajeshwar,3
Sumukh,2
13567,3
FelipePukento,2
1r0nm4g3,7
webvoltz,5
MasuPhan,2
anuveyatsu,3
SQZ777,1
castortroy05,7
spriya14,1
WeixuanJiang,2
OuterHaven369,8
Hatt3rPi,1
black-da-bull,4
Baragji,1
dkoslicki,6
tjteru,5
FaustBFG,1
adityaram-3112,1
SpallaLuciano,7
xw282099,1
RTCK-reina,3
burgoyne,2
kevinpfab,2
zacdezgeo,12
WallasFaria,7
hilays,4
Daetaurusseptem,2
Devashish262,1
aaiyer,3
ardacakir,6
berkayaskar06,1
FilipePaixao,2
eduardoguette,8
ChenXy128,1
ghostdijital,1
ScorZulu,2
brunovmartin,11
Sycatle,2
norio,1
Angaaaa,1
PSJeffH,4
Steake,1
igor-sakhankov,3
lakshaykakkar,1
Ignisko,4
mariselvambtech,1
beogip,2
sujithprog,1
jack931,1
aisoldiers,7
luizfbalves,16
Kofelinum,7
yagoscalfoni,2
fqian5,3
songadaymann,7
syhya,8
M3str3,1
taoshenyi,2
sarjukaneriya,1
rifattigli23,1
fastcoderspencer,1
danieluxury88,4
templis,1
Chaithanya-Matta,3
DevShrama001,1
BlakeZheng1121,6
HumbertoSuk,15
rsampayo,2
MitchTalmadge,1
IvanLapickij,2
scientgg,7
bukhtyarhaider,11
jerryweijang,6
A-lHasan-AlKhatib,1
andrewstech,2
ibaiC,1
Lukis92,9
ElyesCayzeele,5
vandunxg,3
drux23,4
didalgolab,1
messymoose,1
natesmalley,3
Hekkydev,4
Yuyang-Song,3
isnpiring-impact,2
kdouglass97,10
gabrielsilvestri,3
rkendel1,4
SravandeepReddy2004,1
MikeJamesTurnbull,1
thaboxan,1
matsudamper,1
ethan-clawson,1
EduBiru,4
SilasKenneth,7
s4pun1s7,3
MSIH,1
cdolik,2
devzahirul,3
henriqueup,3
kev7n11f,1
lukemurraynz,1
eh-main-bot,1
omair3396,1
hituji69,1
chughtapan,8
Code-Shaks,1
milanmcas,4
COPUR,1
yolo-cat,4
carisPark99,2
kewalaka,3
ervwalter,1
skerbis,1
dreamora,1
evan-forbes,1
pickyzz,1
wildone,1
trask,1
kevinsundstrom,1
Harshit16g,2
dyfios,1
liudger,1
ken3,2
kristenwomack,1
Praveen-k-rugi,1
pboachie,2
scottshanafelt,1
Nblues,1
rzoeb,1
zihaddi,1
antoniocncj,2
Solofergii,1
nikneem,1
oguzhanayyldz,1
Hrectifed,1
MiningIrving,1
Gwiilo,1
IchanP,2
pjesensk,1
U8F69,1
pachewise,1
afjk,1
backstage-service,2
YoshiyukiRokuro,1
townofnolan,4
wessbh,1
samdems,3
Hec-M12,1
joelibaceta,1
valdeirsapara,4
shahrozmax,1
jwoglom,8
saralsy,1
Prof1611,2
kitft,1
vickiegpt,5
manovay,7
jmadushanka6,3
vwcamper77,4
cutinsideSEO,2
doommir,4
mentaexcel,1
ephur,5
somaw204,2
h9-tec,1
AKYXG1991,5
872381,6
mingx0711,2
DField0820,3
pinkfongkidsshop,1
henri-hatch,3
redeliciousdc,4
WaxySteelWorm,1
KoreanTuna,7
pippenberger,4
LucasMendesFigueiroa,2
darksoulx7,2
MartinsOnuoha,2
alterfero,24
EPICXMO,5
ChrisNourse,10
nponeccop,3
bestdan,1
kabasakal22,1
saeed5559,1
HeyzzWatcharin,1
TechnicalDoctor,1
smdlabtech,2
mcantillana,2
Sapistudio,3
jicool91,4
r-vashishth,3
Ben-FCC,2
tktk52,2
eyoshidagorgonia,1
TelepathySucks,3
RizkyD,2
grze2000,4
brendtumi,7
ncomputers,15
osdator777,1
Tulio-CS,3
danagnos,10
matusala3,2
nogna,1
SRodriguezBottero,9
alantomw,2
thesimonho,1
Akshay-akkay,1
Jauzing,1
sy75452381,1
e5l,2
syazwanahmad749,6
stultusverus,1
maciej,1
clearboy,3
charles161,1
frogchou,2
carlosnunez09,2
hydakyo,1
NikVisel,2
ShtiviOmer,1
Zainab-Fahim,3
arohit20,3
aakarshank,1
Flohhhhh,5
Sunnyttc1992,5
Kingzincx,4
angus-young,1
carminedinuzzo,1
cybersharkvin,4
Ivanfox45,1
wattmto,2
fomosats,1
yasdevops23,1
SukramReburg,7
VikingoK,1
pavankumar636,1
badabingbadaboom148,1
themperek,1
cuimingda,1
lawyercoder12,3
realHyatlas,3
nickRv2024,2
bionicles,5
HP2706,1
agincgit,10
mc2259,1
hbja,2
pelayo,4
newshopstyle,3
sleetish,1
ashtyngon,2
gerberanub,1
richiewg3,7
jchaselubitz,2
time-by-waves,1
dong-li-240,1
juniorrrrr345,90
Avinash046,2
edvaldoglima23,1
calmmage,3
deagon-eg-1,1
you112ef,46
killsearch,1
mitaliid,1
Julian901-1,1
keshavbagla,1
SomeFnone,2
tallha-khan,4
angelo-orciuoli,4
anubhuti02,5
nisaninan21,1
Vinothrrc,3
ivangonzalezsp,1
MuhammadTalhaJoiya,7
Suryaog,1
riiiiiiiiiina0,1
Elai8553,1
V0OgZ,30
lunaisine,1
JamesJongmin,29
onlyoon,1
Slimebro1231,6
k-kostin,44
timborovkov,11
antranhub22,53
KooroshKarimi,66
Nitish1244219211,2
Johnneyyy,2
ravkorsurv,17
Adoosko,2
lihenggui,2
Gurcz1,4
aminnurrasyid,4
yasi76,15
svitv369444,1
bejjang2,2
Annguyen0410,2
goniz,14
1518manu,2
TowyTowy,1
AdrianRusan,46
asaf5767,2
Lofp34,20
lafain,2
mhaasler,2
clan7,2
guillochon,2
Alcatecablee,4
tranhoangtu-it,7
SithHades,3
ruskicoder,17
ManishaTiwari,1
Sadiqullahmsa,2
beejsbj,10
iamfarzad,6
truongngoctrac,1
tharusha9009,3
hotatetabetai,1
huzzy12,1
thupa-pro,48
Nemophilist7,1
hayaassad13,1
ludusrusso,3
ianfaler,24
tnfssc,7
Timcuan,6
cheehan2388,3
draakiiii,28
Shadykom,39
avgf3,76
endLoads,13
imbhargav5,45
AbhayRao38,3
Manpreets59,2
hans-riess,9
weeksling,15
reimuc,4
DineshGandhiRTS,1
mi-nin,1
kiranreddy-singam,1
vinv-io,1
eliteprox,6
christosporios,5
gmkung,4
Plillie96,2
nleck,9
freshvideovibes,16
redbutterfly4,1
cteyton,5
zjh08177,6
mikaelchan95,25
fulltimefarmer,43
deaThGuNNNN,3
klimovideo,15
hecongqing,22
solhaile,1
pdnellius,3
enkhbold470,5
aloniter,1
Kemoko1111,5
subu53,1
murphyatwork,7
imfaisii,1
six7,6
moqimoqidea,1
xanman1000,1
Echo1234b,8
DominumNetwork,17
ianjmcgregor,5
amirkh944,7
phiberoptik112,9
CELopez,11
1aeo,19
gencto,3
matdmiller,4
renkai1505,9
Sauravambuskar,1
auroracramer,4
dscyrus07-dev,2
tavasolinik1,1
minol,1
AmanBhardwaz,4
SparshPatel,1
Haku-one,9
Jarvis-K,1
johnnyruz,2
AliMahdianGIS,1
YochayCO,1
zahidhasanpapon,2
alansid,1
RumasorengFadil,8
nissenemj,8
zhangcqqq,3
ritmosdolitoral,9
dbliu91,2
duyuanchao,8
Berocan025,2
namnv081,5
chris-hughes1,1
bladimir-kogno,3
aganesh22,12
Scorpio69t,2
antoinelfg,2
exzosdigital,1
PierrunoYT,4
adst0rm,1
charleslukowski,1
Rushil-s,8
ayushhbhatiaa,5
garage44,3
ajruben,3
maxdeichmann,2
ScriptedAlchemy,7
Vinashmaya,2
SejalBhole,2
escuelaartegranada,3
Wanghaha2333,1
auver,2
Etopia122,6
Hsmarques,3
Ayushisinghbais,1
JeongHun4035,1
webdevcody,2
brulestl,1
IamsaqibQuadri,1
Ham12-3,3
Fred6725,8
duhman21,1
masud13222,4
typeshit99,1
ganozikovsky,2
doby176,5
JohnCCarter,6
NYTEMODEONLY,1
kkarakas-lxera,1
Timur00Kh,3
mrDinkelman185,2
trevorfehrman,1
shalloran,1
ivyberries,1
annjiangcodes,7
Keilanitho,2
BIIgZz,1
Rebairo,4
deblanco,3
arnevit83,1
urrehmanr,24
nosredna123,3
kandpansoul,1
Jciaramella96,15
Tazmania2,1
piotrlaczkowski,4
MianTaha0,1
SiyabongaHlubi,1
nxnzero,1
Krishan-gzp,5
noisysocks,5
syedmustafa05,8
vietlinhh02,5
cibbia,4
ktsourdi,8
yohfz,1
exserega,3
CipherCrze,2
BWsix,1
taufikamf,1
vineeth0907,1
purvik6062,1
Ramin-cs,3
DanIsaksson,5
MaxOrenep,1
5CentralCapital,1
Maxvalvb,1
dhilgaertner,1
Martinhessmann,5
bunyod670,2
Wesley2012202,1
RomanAlejandr0,1
nhalm,4
gggfddf,4
gudtn0083,4
xibixis02-prog,1
ranuka-laksika,2
pcode23dev,2
febycianii,2
xieming1904,3
hidarfaqeeh,30
Songwooseok123,1
joseph-holland,4
roby2358,4
Jhan-Julca,1
MohdSaif72,3
kenahrens,1
har33sh,2
grow-assistant,6
asg0451,7
Ffrfdedzsffx,2
Giber05,3
Viru375,1
manishh18,1
Insha-kundi,1
sfanahata,7
adhikasp,6
nikolovlazar,2
darknessest,1
drewthekiiid,2
Ben0126,7
231Brooks,25
darsmind1,2
gelsogrove,20
abhiaiyer91,8
Ales2323,1
snesmaeili,1
brainx,2
bbot772,1
ElberTsolindo,1
ServerlessApplicationRun,3
Mamadnotebook,1
simsonis,1
chic00,1
johnpadilla1,1
TheScootAI,2
blackhorseya,14
marog6,1
hugojuarley,1
samant-rags,1
doegadoega,1
toondegryse,1
alicialiu9,1
yijiang0923,1
rolfedh,14
KaisLeung,1
KRDnN,3
linesalex,10
Shamimkhan1406,1
talhamedico25,2
umfowenu,3
CarlosBavon,2
randeep2601,1
Vigneshunusual,1
juanallo,1
Dinhdayne,6
demiliea,14
zombiez0,2
tngms1996,1
mezotv,1
atbe,2
lertsoft,3
ShaileshParmar11,1
saum7800,5
sung2ne,1
mughu94,1
ases200q2,1
r-miljons,1
mbragi,3
chowdhuryavy,1
Deehands24,4
PedroPolis-br,5
shreyashankar,6
farlinbohley,2
toml01,2
yannbu,4
Ahmad-mufied,4
kellyarwine,1
DanielOrtiz0220,1
andrewgross,5
vc-ma,2
netanelgilad,5
Shiv-Muwal,21
urmishikha,2
rrsolo,3
mirceanis,1
startope9,1
sisodiya5000,1
stonexer,1
nuyzze,2
Staysteady,1
yogimathius,1
Nero811,1
CyberPrxthu04,1
wbw20000,1
saik2004731,1
SepidehAkbarinezhad,1
ErinHernandez,2
Flyingtal,2
Theadekanmi,1
Slait,3
AayushKejriwal07,1
Siva24Team,1
Tzila-m,1
Deanm1993,3
batcoif293,2
arifernbah,6
HyperCyx,7
yusifhuseini,1
loning,13
jruokola,15
cleptric,9
Mohaumabi,1
alkanozkan33,1
Anubhav7070,1
hungvu25,10
nikita-sv1,3
NJX-njx,2
sachin8606,2
philosowaffle,3
lokeshgit1,1
sonwatipar39,1
molith-modragon,1
cfuentea,3
toddwmac,2
Shweepsi,9
nathan-85,2
D4akshxd,1
JaykishanGol,2
try-samuel,1
SakshiJire,4
Pero-coder,1
ShadowZ001,1
Soham192,2
00MATRX,1
TGIR0,3
benliong,4
Goodgulf91,2
gourabopx,7
TOL7-ops,1
pedrocid,1
seanellul,5
Modprobe1,6
tgmventures,1
rackeyyang,1
jakealexander1983,22
bhojpuriullu832-png,1
vikveg,1
groupthinking,15
Untraddgit,1
UmmItKin,1
mahmoudmakhaly97,1
pacwoodson,7
psytz123,5
kuwkuw,4
RahulChoudhary04,1
raulshma,1
Maximpythontjj,1
pickingname,1
jyo-lo,1
MTimma,5
yuma-ito-bd,1
yui468,2
Sagar-Bawankule,2
chrislaska1,1
shanan-P,3
geclos,2
jeidi70,1
yad-touro,1
luisced,1
KyleTryon,2
roberte777,1
n2diet,1
nexa-re,1
porta-finestra,3
Qazi-Hassam-Tariq,1
abhijitrocks,2
BotlineTes,2
retrospct,1
Ri-yaB,1
optimus1009,1
Shuja-Siddiqui,1
kofsitho87,1
hisasann,2
idoshamun,3
barisflo,3
ArriW,4
alex374,3
harajune,3
RobSero,1
cmedfisch,2
Kalaser,1
adraguidev,1
karthikk022,1
timmo001,9
mazroni9,2
MaxKuzmithev,1
SanthoAnbros,1
rama210989,2
lexyurk,5
Apocrathia,1
verveguy,1
joshnel2,12
cafesean,1
Rnisans,2
taromorimoto,1
baicaofa,2
mikelyons,1
Backbencherai,1
Eswar12334,1
AmitAug777,1
creatorcluster,4
rjguo1208,1
GobblinCode,3
learner-crapy,1
AllCott25,11
cent142003,4
RebornSEC,1
EllieChoi1998,3
Kpiece1,1
dave-nathaniel,1
OsmanAliMohamed,1
mengweidong1314,5
VivekCrafts,1
iamahens,2
isbtech,1
ahmedtamim888,2
C-Chambers,12
NotRuvik,1
bogdanscarwash,3
jltrfl,2
khaivandangusf2210,3
FlystudioAI,1
MikaelMayer,2
Heet852003,1
XinShuo-ph,2
fbjork,2
rakesh-snippyly,2
Gkrumbach07,3
PureWhiteWu,2
xytiann,1
TUARAN,1
swrlzxx,1
treva-123mutebi,1
FO214,2
dzaharia1,1
tone2k,2
Mmodarre,3
Yandex-x,1
gpavan11,1
shestakoven,3
murnanedaniel,3
ephraimduncan,2
mohamedjanemr,1
amzyang,1
stympy,1
lschvn,5
Maduna2000,1
Austinkuria,1
memohnsen,4
Red1serir,1
LangaTUT,1
DXing330,2
4pple4ree,3
terryeni,1
00125495,1
soorupegasus,1
thecyrilcril,1
NoXFiQ,1
atul-fusionpact,7
amgit2025,1
LucidaBTC,1
nicholas-camarda,2
gregor-tokarev,1
anhermon,2
prasun151,1
VitorNunesCPT,1
AshimPoudelnpl,1
Closurea,2
uploadname,1
0x80,5
Deferf,7
Chousein93,1
shaimoooon,1
H0lwin,1
xudoyberdi0410,4
rahulchauhan97,1
jovanstar,1
FarukDelic,1
Web-Traveller,1
miltoncastilhojr,1
AIurovo,2
schan71,1
dade1987,1
slowdexus992,1
CozyPerfume,1
gwtlewis,1
Isfaq1-the-best,1
newkedaduck,1
taylanisikdemir,1
truong211,9
dailydiscussion,2
GSantoshLaxman,1
KaishuShito,2
dziedzorm-ops,1
gaurav790,1
brandon99-hub,9
chest233,3
achlys041722,2
extendskick,1
PreetMax85,1
EduerPJ,1
tsonglew,1
Nailes-UIC,1
Zattoploss,1
NastiRS,2
HirotoOishi,1
bakhtiyor551,1
DEDIPREMIUM,6
tpha26644,1
zafar-dotcom,1
midp2,1
brijr,7
n3arkecv,1
zacharyhansen,8
Dattuog,1
DontFretBrett,1
jansedlon,1
gfaus91,1
glitter-ys,1
Phatz247,1
Viranboi,1
TCManhh,1
jungtilan14,2
tjmance,7
cyyyu,1
scarmuega,2
monishreddy2005,2
AllanceBoom,1
Allrounder687,6
Amine-cr7,9
dank4lunch,5
dopeya,1
d-cepeda-g,4
tsuzukia21,1
vivek9patel,1
Yesanith,1
LanowarJR,1
rima833,1
Nolan639,4
tejashreemulinti,3
Kmtengo,1
sriramr2212,2
Nishant-Manocha,1
zfogg,1
jason-curtis,2
NileshVishwakarma982,1
ehari-nishiki,3
jzLooning,2
abcd98134,1
pooyahpx,1
andreifilip123,2
Salieri-Amadeus,2
AlexHerranr,2
vjankunwar22,1
deqingLv,1
AlekOmOm,2
ulassdura,2
jasonwang82,1
LKosters,1
Harshith2001gutti,2
abdullahmughal37,3
eumoitinho,2
SheykhDavid,1
robertocalvo27,1
rkashyapa,1
virgiliolorachaviano,1
devik71,3
soheilgithub,3
Cyphernk13,1
CAPO135,1
karimhass,3
commjoen,4
volchd,1
guilhermearaujo-js,1
Mehwish23K,1
Divmak11,6
jinhyunjin,1
saravanakumarrc,3
sitproject1992,6
wnteed,1
sudhanshu1404,1
petermyo,4
bobbintb,4
Inderpalbakshi5,1
haybaler,5
elmetson,1
Ajay19092003,1
Sachin-Bandaranayaka,1
Vhmiotti,1
vickyyy-ii,1
iKrelve,1
MadSteg,1
Matteo-Exp-Transformer,2
emilesilvis,1
movit,1
habeth99,1
AyoubTRD,1
NekoTrap358nya,2
ShyamCSE,2
Hello405p,1
ejuanoli,1
Praveen1593,3
JoaoVitor2344,2
AZACHECKER,1
hectorpyco,1
mayur-g1967,4
Lily-Kiki,1
gumiguelote,1
secondturn-games,1
M-Abd65,1
erdenizko,3
PeerInfinity,1
compil3r,4
Yacine391,1
aswinikalyan30,5
fahmiirsyadk,1
vanshika1020,1
vomtinov,2
liberty24000,1
metz-hei,1
RaphaelGuerra,1
Janithkjw,1
Jinjos,2
Tanish287,1
KaeloLentsoe,1
zhouwenb,1
ranbeerchadha07-afk,1
PrinsSayja01,1
mrrobot232323,1
Venkatesh188,1
DilminaOfficial,2
YoungminDo,1
Jaykrishna4104,1
thinkdj,1
Rajani02704,1
jlfguthrie,1
riri-2205,1
dest92,1
hoanhle,2
roaga,2
editorsasaQs,1
Alextheabest,1
vamshidhar02,1
mahith0508,1
Emel-altnts,1
Baerenstein,1
pritu761,2
followtushar,2
J0TEX,4
iGodly,1
yike5460,1
phillipschristoph,1
martijnvdbrug,1
nynishuyadav85,1
joeprosynergy,1
KJMAN678,1
jjoaomuniz,2
miguelap2030,1
NoamDz,2
shakefu,1
nils3096,1
diegovilhalva,8
SRValeev,1
rsmoke,1
gargikathait,2
iturncheeky,1
mylife-as-miles,1
ELeven188,1
danroblewis,1
codyrobertson,1
stanis-dev,2
tibocin,1
ellingtonsp,1
Ammarsameer12,1
GustavodeSantanaa,1
imitone,1
tahitiNumeriqueDev,1
NigelWu95,1
AntonioGR82,1
janhavishah07,1
riyachamala,1
n-shahaf,1
abhi963007,1
tymothy6,1
MRJonas343,3
real-akinloye,1
MYK-OTAKU,3
gholtorf,1
zhenmingkai,1
ramendas1234,1
ninehcobra,1
genesist45,3
mukesh-aec,1
shenshutao,1
Hyde-grey,1
spk364,1
CameronWeller,6
Biaoo,1
testremote3,1
siggisim,1
CaffeinatedCM,1
QuentinGprd,1
Ayushprtp,1
0r17,1
gazzwi86,1
seththo,2
danestves,2
mattsue1003,1
nutorbit,1
alexjdean,1
NikolayS,1
sanjaykhadka-german,1
lijihui0401,1
Thilak-K,4
feniksdddd,1
nixell,1
ghollbeck,1
wrowston,1
7hfi,1
Borislav88888,2
SejoongDeJang,3
Xiaohao201,1
henrique-bardella,1
agusgarcia3007,2
Estes786,4
Toksyanich,2
LMH-ironman,4
charaschoe,5
patilyash948,1
bduyng,3
FizeD420,1
noisemaker0,2
bajajaseem2006,2
Laxmankale,1
visionwebUI,1
MIAJIA,1
akshay-Kalekar,1
Om-farkade,1
LAIBAKANWAL,2
PratheekGaba-111,1
Bittu25,2
aledelling,2
Minor687,1
P134c3R1v345,1
antgns24,1
asifneo26,3
AOberland,1
yanmaoxuan,5
Sepidehpakseresht,2
yjaaidi,1
JermWang,1
hzjswlgbsj,1
MaxFullstak,1
i0607,1
BDoc84,1
MehdiYaghoubvand,1
Ptitlu42,1
badshah142645,1
rikinjshah,1
zkkhoso,3
riccodecarvalho,1
Gnanasharan,3
Priyanshu22111012,4
TanmayK-ai,1
SUKESH127-art,1
heypjgarcia,1
Jobi-Abraham-George,2
Karen19971120,2
Mykhailo-Tr,1
robin-trainward,1
bobyz-star,1
stophliew,1
nicolasgomeztoua,1
Mustafaguzel2,1
danieltanurhan,1
Asbyx,1
kyamoken,1
lizi178119985,1
evapriyal04,1
ig-ayush,2
bignimz,1
chris-freeman-glean,1
amanmogal,1
yashwal,1
csenet,1
Rhan2020,8
JOY,2
manototh,1
kiranchintala,1
saeed-raeisi,1
Ayy-man,1
mandira07,1
bhagavati9690,2
Harshitha480,1
zhexiaoyi,4
8140u06086,5
HeavenOSK,1
autotunecode,1
M8chaa,5
Cossomoj,1
MaraMarchello,1
fox572,1
hackerone786,1
yashyk123,1
Eblan4ikRK,1
Alice-2004,1
Deep31457,1
Odhiambo254,1
chandukolluru,1
shahar4499,1
ENSergeev,1
Jaymelynng,2
hamzahhamad,1
probablyohio,1
naoki0803,3
kumar2net,1
dsilva2401,1
khallendevs,1
Gr3y-foX,2
Eng-HanifLeghari,2
PepijnSenders,3
CaraZzz,2
hninor,1
memin23,1
andyko208,1
Foisalislambd,2
jinShine,1
ft-nm,1
kai-waang,1
berkesasa,2
ShuvamBehera,1
troyjr4103,1
goldenchm,1
louuayy,1
pmojo375,1
Fawwazs17,3
kkritagya,2
MaxBossMan1,1
thatkid02,1
Djwarf,1
thierryskoda,1
amarsmartindia,1
pdeloulay,1
0xFirekeeper,1
shemetovElisey,6
Destroyer-official,1
Pyohya,1
echernyi,1
nth410,1
Abdul8446,1
Xinrea,1
mugonation31,2
HadiMardanian,1
omshejul,1
benvon,1
Anugra07,1
jonesrussell,1
santoshyerramilli,1
icpix,1
Sahil7636,1
medchakkir,2
lihaoxin2020,1
Rathnakumar830,1
r617997,1
dynamo2k19,1
mfittko,8
shazainzainab,4
Pood16,1
Gowthama-T,1
sanskar-soni,3
sameena3,1
ruhanixcreations,1
DeepExtrema,2
cayossarian,1
vaughnponcee,1
LeeChangKyun,2
agenciabaepi,1
davipassos3007,1
yohanaderlic88,1
yeiid,1
dhananjay43,1
myeong-ga,1
HansBobi,1
yashasvisharma5,1
tonyvaldezyk,1
bkcarlos,3
jiyaarya,1
gbiaggioni,1
Trindade11,1
pratikdehukar,1
finalSay9,1
linuxninja12,1
adesh9201,1
Psychocoderyt,1
sebas27zm,1
Khaled-Mohammed-Abdelgaber,1
ManeeshJupalle,1
LibraDemosChain,1
Alirahimi4321,1
Backgetters,2
lzodoo,1
JulcirBianchi,2
ZyPLJ,1
jqqqq313,2
yuvg03,1
tubanurtrkmn,1
shuijintianhui,1
LionelModzy,1
Lavina-korani,1
rutujapatil-afk,1
zegh6389,1
Venkatbabburi02,1
ctrlXmir,1
CodnanBaig,1
froosterton,1
robsonhost,1
dadawockie,1
a7mdh4am,1
DavidS-CH,1
CheukYuen,1
Limxsan,3
aswin-dot-R,1
sibrash4,2
abdoeldeeb,1
tlbathurst,1
starcheatttt,1
adzyau,1
alex-u-navarrete,2
Pavan-Aditya-Kumar-Gorrela,1
Keyursinh06-s,1
Qiyang5,2
varunmoka7,1
samaya-credencesoft,1
polebytes,1
JonathanVera18,1
SgtSlaughter1,1
joseamador0898,4
lia112,1
ps7384,1
sudhir600,1
test6269,2
4941-Piyush,1
nodakjones,1
leticia-2006,1
Ivanctga,1
carollc,1
RafaelMurad,1
Anmoldureha,1
HenryTraill,2
bitgorust,1
henrythu2,1
adeelkhan-ak,1
eshak28,1
kennethMM241,1
Sathipoo,1
wpanozo,1
TeamWarriors08,1
Muhammad-Abdullah17,1
imjishan,2
manojprmk,1
ExtraTools,3
Hanidib,1
Aaliyan28,1
riyaztrinon,1
predMoT,1
Jayashreenallu,1
boslqx,2
Kabungwe,1
BelfDev,2
zhu-ha,1
bnunamak,1
hyunsoo98,1
bhargavajs07,1
jimmyhimmy,1
TrindadeBRA,1
gobbq,1
robby-sf,1
ysfcndgr,2
youngboyRbin,1
furkanerdgn,3
autonomouse,1
Artleacms,1
schrodingercats-sudo,1
waysupajet,1
cptbiz,2
afkutrotzdemda,2
gshenoy85,1
pluspku,2
Bang-Raf,2
Cars4Trees,1
goofyshwetank,2
BagyalakshmiV,2
ericbrian,2
HenryFulu,1
kshitiz305,1
saraalmarar,1
Gamingsixtie,1
Ionaru,1
krlu-pip,3
JohnDoddy,1
daniellarndorfer,1
faizanshoukat5,1
PranavRaagul,1
mycho0012,1
PosteruOle,2
Ernest0-Production,2
naoyeye,2
griego25,1
d4n93rS4nY0k,1
amarjeet898,1
jsegov,1
FoldlyDev,1
adminCovern,1
Ngukkit,1
KaranRana21,1
ArnWEB,1
AndyXT,2
sakethrapala,1
hasangonen91,1
MisterrGreenn,1
tina25311,1
corgi13,1
macmiranda,1
asieke,5
ayltonkaua,1
Rukaiya2009,2
alenhardt,1
ThE-eTrON,1
csroy79,1
larose23,1
Ashmit1712,1
Annmariya27,1
Thandekaportiap,1
46319943,1
kawaja,1
Jdorge,1
darashana7,1
mdornseif,1
ai-fanatic,1
EAS-Andrew,1
contactnichols,1
himicos,1
Prajwalks05,1
sanjaykazi,1
thilinisevwandi,1
moikartik,2
ChaeHyeonU,1
oranujoe,1
iayako,2
bastianallgeier,1
Swati-15-1991,1
Yash20052507,1
shelly5353,1
Heli9x,1
chongxuan2024,1
vitalii-panama,1
irvensd,1
magicalpipipi,1
utom,1
desmonddam09,1
merndeveloper786,1
jamocity,1
Luna398-c,1
kareemhasssan,1
acwilan,16
ormasia,1
syscl0ck,7
BasicEdoo,2
piyush-kumar-au9,1
BuechlerA,2
strictly-es,5
RickyMulde,1
stebosky,3
ledung198,1
syedkamrannspark,1
RunningLearner,10
VI-TOR-IO,4
maxretri,1
southerncory,12
cmaftuleac,1
da-shimo,2
Powerostad,7
efrainjackson,1
Yurh04,2
rest2310,1
lesskurdybaha,3
murrlincoln,1
lholiveiraa,8
Ahmed7313,1
saulgar2,3
tarundhiman85,1
Szmyteko,4
BJChen990,3
matias-ceau,5
praveentrilogy,7
samlin77,1
SeyitKaanGunes,1
hunterxia,3
robinransom-fk,2
jdaily26,1
geertclerx,1
lucasaxm,10
IncheonYSH,5
FreedomLW,1
Saravananv10,1
jerseysimon,1
Guillemon01,3
TheObtey,3
omelao,5
bini59,10
tazard,3
AISecurityLuke,1
hlabdev,5
melassi,1
Christopher-C-Robinson,2
C0mpag,2
MathsAnalysis,4
nkjm-n,2
culerty516,1
joseherrera-aaca,1
ginnakamura,1
aplus5685,1
pegas2631,7
ng057830,1
Adrkr111,2
robertcchen8615,2
HurricanezTurtle,1
brianbouril,1
ulrikson,6
NavidFayezi,1
victorklijmeij,3
dreamwieber,1
choephix,2
alanlujan91,8
UsernameTron,2
trickpeeraze,2
XiongZhuCheng,3
IS-FIELD,1
RhettCreighton,1
VHenriksson,1
MisterSawyer,8
hoomax,2
yliashenko,12
Techsolutions2024,2
waldeland,4
Hops-AF,2
anypromo-ai,4
courtneyldickenson,1
Reptarking,1
gregoryshaversjr,1
NouJouJin,6
subhashbohra,3
AlexisMGL,2
dpajak99,2
cripipro,2
digitalPavel,1
gokerDEV,10
vithu95,3
imsitu,3
kumeS,1
bohyunchoi,6
elisarrtech,1
M117n,10
AlexandrManuylov,1
aniahb101,2
doppelhan,2
Param-02,2
afourtrackmind4,1
MaestroDev-H,1
VICENTE2709,3
rehan892,1
smarjancic,15
TaichiAkimoto,1
ufo7183,1
shacooltime,2
adrian-erlikhman,4
sash0020,1
ychans37,1
MarcoAntonioGIT,2
hugomoraga,3
abduh3131,4
mattiashappy,2
leoafarias,11
zephyr-sh,1
chepuhasasha,2
NeuroKamin,2
CadeMind,1
BebraHydroponic,4
jgalan247,8
dadadaniil,5
ivandityap,1
XRU13,2
rohitkrishnanm,1
CCGPTP,1
lawrencecchen,1
dsverLL,2
Ishmam97,1
juliemacdonell,1
martinparhusip21,3
jmhansan,7
asusikai,1
gabrielpperini,6
joemcnierney,1
yorukhun,1
GabePaduch,2
IdoJhirad,5
Suh0161,1
skonuru8,1
torimonn,3
CybDis,1
SidSmith70,2
Oussmane-D,1
kimyd936,1
dclocky,3
RamieMosely,1
JGastonMurua,1
01chungee10snu,1
elliott-leow,1
Monsieur-Nico,4
yuvalgol,2
coutnick,5
SkyCreates,6
Leumas09,3
RF-D,13
kingfree,2
DREADNAUGHT160,4
SaiKaushik121,2
lwyBZss8924d,5
Kfirslon,1
lakssdu,1
indigocc,3
nirojdhakal,1
peupompeu,1
adaj,11
lg061870,1
Correxxt,2
antoniofrancaib,1
prathyushpv,3
Saikava,7
summer-go,1
Sinon21-byte,10
Pen20,5
filipeoliveirah,2
rjguhl,2
inkredabull,3
Blasted246,2
aroonsekar,2
FreddyHHC,1
schraubsen,1
alluke1989,2
kblissett,1
enriquealmeida,2
deepakprasad1703,1
AnChanUng,1
edsiper,1
julian-passebecq,2
cbeis,1
kariyann,1
eNeRGy164,2
cobaltCorsair,2
gerardovitale,1
neptune2716,8
eatfrog,3
DRunkPiano114,3
aryan4681,1
Orangian76,1
tecocraft-ai,5
Spandan7724,4
1oneGod1,3
Rafaelrdl,19
teganburns,5
flexatone,4
mattphillipsphd,3
miles202,2
miyataSUPER,7
AnDaniel-4,1
Erzambayu,4
Venkat-Narra1001,1
Asm3515,1
cliff-km,1
Krushali1511,1
Lecram10,1
Astr0L0rd,1
t-takakubo,3
Archit03,4
kwj903,1
0xDryLeaf,2
surajholla-genai,1
daniel89fg,1
pcharli,1
ninjardx,5
nenadjankovic,1
hugoCostaTJMG,16
Varantha,1
dcastiblanc,1
RTX-5090-Ti,1
roryaronson,3
jampamatos,9
r4topunk,2
stephenkiilu,7
youcef-126,2
grouville,2
mattgrayhh,4
hyvnova,3
s-wheels,2
Almehedi06,2
RobertoOliveiraBI,3
festnoze,1
grandsnorlax,1
ThomasRaoux,1
sukiqwq,1
fercarstens,8
hobbitxp,1
sunjoonkim,2
kosiuzo,11
captainCwangrz,8
yixin0829,1
eleute6,3
kampillo,10
Canni-DEV,2
bid1314,12
mikrus-pl,1
James-Dyer,8
tonynguyenguru,1
RickDeckardWebsim,1
Andreyhakcs,2
Luckyguybiz,5
aboubakardaouda-ctrl,1
dannyvaks,1
josecipriani,1
thomasqueirozb,1
cdlaraujo,3
bmcgovo,2
LoloxDev,4
arabiimad,3
dailystarapp,1
sheetizen-app,1
Marooki,1
aciuffolini,1
johnmagusrecords,7
LionelGokul,1
DiegoSanRoman,1
acfi-network,1
joaovitor2763,4
HuberAndreas1,2
genura,1
mikeandrusyak,7
IrfanSabrian,1
akhilsathuluri,1
Resh88,1
yuukilin,2
lekhasapers,1
SavDamir,1
JokerBoyCP,1
Titoune09,1
Zephezylo,1
ObayashiRio,5
chandrakirannarala,2
glockpete,2
marsel-dude,1
ohadre,1
isaackendall,3
InakiLozano01,4
vvvictoriagarcia,2
edmundlth,3
dquinteros,10
RGM1995,2
chsami,1
alirezahi,1
oengmengthong,1
ToniIAPro73,24
Piionio,3
DotNaos,5
123thomas123yan123,1
kempcalalo,2
J-joon,3
RishieRich,4
Denfie,8
geoooooooooooooorges,3
papag00se,1
audiophrases,9
digitalnavigator-80,1
jakegrepo,2
PaulVlkr,1
eduardocordova,1
cvkhang,1
Realverdictai,21
Leapense,1
sudip-rokaya,6
Fredddddie,1
MohamadAshrafSalama,5
PeytonBrown,1
ebasuke226,2
cczhong11,2
ajm896,4
jirkasemmler,2
jmazanec15,7
peppe22222,7
suetake6183,1
jset64,1
Blowdok,1
h-mbl,1
DanyPlaya,4
erenmenges,3
kapil2020,10
daveManDaveDude,6
Lotusrious,1
arshad831,5
PaulPetrus,2
daara13,1
fkgw,1
Takuzen,1
KHALED24242,1
tiger-dra,1
lionskape,2
pchuri,1
donatelloroberto,1
bpodrop,2
nathanfontaine2484,4
SteinVR,2
taboozx,11
mjfrigaard,4
stevelikesmusic,1
Bullseye1979,1
DanielBenniah,4
carlos0diogo,9
mariusmercier,1
abhiroop1999,4
gsoukupuiw,1
chi2hoon,5
kazu-4728,4
Dot-P,7
cesarcastrorivas,1
FactionCube,5
JulioDiazT,6
Gettoblaster,4
ChunyiLyu,3
phyde19,6
johannr-dev,1
Vitaly-V,1
worker2000,1
yhunlu,5
nikhilk7153,2
DarthDevon,4
SantiagoEP13,1
xander1235,9
RTnhN,2
MrRonnoc32,15
NidhiChoudhary7,6
simonebittidev,4
xPokerr,4
hafidhghm24,5
jcsf2020,3
itjey,1
akahub,1
calreed-prof,9
slider003,1
avramdj,1
effektsvk,5
caltran117,1
pwalleni,1
HassanAbdirisak,1
GuiPro0408,1
Pontiac76,1
martinolate,1
mufasasa,1
yon1nja,1
panayiotisp,1
beriaacan,1
jianghao-w,2
alicanbasak,16
millieseow123,1
ExpiredOTM,2
aziwar,5
tokechan,1
parad0xr,3
planetazuzu,1
ellisdee110,1
blackman5566,4
noerror,2
Masumi-Morishige,1
Miguel283332,13
ErnieAtLYD,5
urazalievf,4
vincentDevin,3
mberdutin,1
Smukanec,8
suhasns,1
hsevket,1
goBrainstorm,3
barbaracohenzita,4
pedrocorreiahs,1
kevinegstorf,1
soumik2808,5
akshayjain00,1
hraparovna,2
RodzAmor,2
philipsolarz,1
nogamichal1,8
Liranitz,1
aydinbugra03,5
HamidEmreDirim,1
rodsilvavieira2,3
jrflga,5
Heps-akint,1
Penlect,5
risedphantom,3
tylerjwoodfin,1
vijay-codes2025,8
cardoza1991,2
dbouglas,1
tristam15,5
abk999-cmyk,2
prazgaitis,1
Saranadeeem,7
yhenon,5
dominikschlosser,1
burjulius,1
Eco-Ventura,1
d2a-pnagel,2
Angleito,4
emeraldmonkee,7
mssaleh,1
datacode09,1
bogdancdc,7
aghoneim92,3
The-Terminal-Project,4
hydrogen2oxygen,4
nikitaaveritchev,1
ezequielerrecalde,3
MhussainD4772,1
acrazing,4
ooropuloo,6
jwestrob,3
quartzz720,6
EwgenyKuzmenko,6
Medweh,2
kremzil,4
dkoncius,1
ArdasmanPLX,2
KevinBjorv,2
luizgustavosv,8
lrspeiser,6
serithemage,1
kwkraus,2
kreacloudinc,2
Alya-Chen,1
jpthedio,5
ZGr3Y,1
bulandun,2
marcodavidd020,3
vmendesneto,7
balljacker,1
nit1995,2
takayukioda,1
luciranger2,1
Romeon97,2
raulf21,2
yushin57,1
albertattard,6
henriqlustosa,2
Jigac,1
FloodZHubGit,1
Shineta,2
marcocalifano89,5
ZacharyTStone,2
iKaew,3
drbilo,3
Avaritiainme,1
Altunaijimbs,1
jpilaul,1
shorttermblog,2
Gitnit9,1
whertz2105,5
Charly10n,5
nakax87,1
csae2414,1
santiagosel765,2
devops-cloud-ksmith,2
xiaolxl111,1
Mateleo,1
InAmmasFeet,21
aldebogdanov,3
asbazq,1
athukarad109,2
Yazan26,3
acercyc,1
TakuroBreath,1
paolosyloslabini,5
monsieur-mansa,3
igoradulian,4
Taskkillsqc,1
Ayedsa,3
ManuelGallegos00,1
BillQiu,3
elorberb,2
SvM79,1
arehman10,1
fraserofsmeg,1
nicodkp2012,1
aman-dalal,1
ItayTheDar,1
abhinavj98,5
h8rry,2
alexcartn,5
imbrianj,2
omansh22,1
snaderi2000,2
AnatoliiBalakiriev,5
hadrienbigoballand,1
IlarionovAlex,9
YannTrudel,2
DoveSystems,2
byjaybird,1
abidgit-ai,4
ichbinhyeok,5
Gelaw,1
RMoraesJr,2
navitronic,8
mganeko,2
annenpolka,1
Kakash111,1
nunezmatias,3
k7lim,7
miguefeixas,3
lanzkyy,1
maadamec,1
LalehB,1
dahhei,4
maxprotasov,3
liuwei77,1
ceis-kamiya,1
nevedomski,1
aaronmhampton,4
oleksandrmaslov,4
vnznt-d,1
IHFF12,2
georgilusikov,1
nvoostrom,1
pinoodle,2
Silian1234,3
AlphCSR,1
jkCXf9X4,3
GeorgeKyriakides,1
HayatoTanoue,8
Trevys59,2
Riteesh-A,1
wenboteng,3
kennsorr,1
nilegee,2
qromp,1
jonathanhorrocks,1
vpuhoff,3
gamesferabr,1
Vovafirman,4
aksh-ay06,7
nisseknudsen,1
4SIGHTalgo,3
guigrasel,1
jasontduncan,2
JPMarichal,1
steveulrich,2
jaensen,3
saajsa,4
fabiodellonte,2
andreugordillovazquez,1
54yyyu,5
rzilem,7
zuhairmahd,5
pjh6315,1
A-Peter19,2
Dev-Xagon,5
fabiomigueldp,1
txcslm,4
nailtongomes,1
lpennaccini,1
daehyeon-han,2
lilclimate,1
FruitSapling,6
moval-agroingenieria,3
veerasaroot,2
sdegroot,4
konitaro524,3
fisvii,1
kggnnn,3
ebrangerieau,4
jutopa31,5
juanDiesmers,7
AleReb,2
cristianemek,2
bladnman,3
CodeCraftService,5
NischalRam,1
nicholasbutlin,2
chelseey,2
iklobato,1
DaMonkey3020,1
anchhabra1305n,4
ESSADIKINE,2
rodrigo-ceccato,11
sai740330,2
KjirvB,4
EazyPhe,2
marcoszinga94,2
wangziyu01,1
Centaurioun,2
rengotaku,2
Agent-Kwabbel,2
camiloquinnt21,1
aronvandepol,1
GabrielMendonca1,7
sophiedutton,1
namnh2408,1
washibana,7
Luisdanielgm,6
ahirdman,4
ds2sju,1
lluisemper,1
juancho112,1
thiagopaim,1
KtianG,2
iceberg211,3
Kami-sudo-bot,2
Stellaxis,1
sv131313,3
nnsi,1
batuhankiskac,2
UnstableLlama,3
leonn,1
karthikeya-v,1
Na3ar-17,3
venky252003,8
K-Sy,3
alorenasilva,4
maikmetzger,5
sebastianstucke87,1
michaelsjp-test,3
Metekilic,2
acoover,4
Zsimcall,3
acpn,1
justsaycheese,5
AjewoleGbadamusi,2
TengWei-Hung,1
tushaarmehtaa,2
QhromaLabs,3
Aperta2003,1
BLCNYY,6
mahdi-b,1
mustybatz,2
Hope-Cube,1
rafapc2,1
JaeYunChung,3
mseikel,1
nimitt12,2
TobiMadeIt,3
dongyi-guo,2
SergioV7,4
Raibows,2
Tjdolan-ai,1
vladcli11,1
Zizzman,6
brobb565,1
rwjblue,10
pattakanc,5
RealFateLink,1
codex-tapment,1
gbadose,4
gmy77,1
lucasvra,2
marklkelly,5
tommarks2000,1
mossikz,1
MEWPASCO,6
killinen,9
robot-head,6
chachahraje,1
ahmd-nish,1
ChiefVishPat,1
myloOWI,8
victorlage7,4
JosukeBrando,2
ChunhThanhDe,1
Rajath4,1
Mayeni97,1
kasundigital,1
Th3X-Zohir,1
iRapacheco,2
yaguts1,1
JadeRaymond,3
Jaenact,1
hmorales-pro,3
lilongfeisama,1
PeerLink-ai,1
nareshacharya,5
Noslix,6
HenriqueLuizz,4
Dhaval26,1
icomercial,1
sean-trustap,1
AriHoresh,6
confalonex,2
ReeceWilkoAMS,3
ripj3,5
mh531,1
Reik-RtS,3
GitHubMendes520,1
jamie-shih,7
NamyeongSo,5
GDS-G,1
Bilel-Khalifi,1
jternero,1
danolugo,2
Gabriel-center,3
GUS5AVO,2
rushcreek,3
ahmetbahaakturk,1
DMBeardsley,2
u4343,3
PPKan,1
evanaronson,2
ItemRendaro,2
tanutanu334,3
SaeedAhmadMalakzai,4
FAMOS84,1
azadaslani,1
MarkDevZero,2
dev-ashir768,1
GeneralTao2,1
ekincih,1
Joywessim,1
ScriptVoyageMaster,8
Filonov404,5
maxhightower,4
NKvinibrian,1
avpm71,5
azizmazrou,2
alvarormn,1
zanieb,2
akguru0001,1
dima1799,2
kyleddion,8
Ulden,1
V-Nikolenko,2
cgshaq,3
roshancheereth,6
anuragelluruucf,3
AlexKimDS,1
PatLittle,7
nschlaepfer,6
computationalorganizationalresearch,2
Dpgc009,5
omerfarukeskin01,1
MarcWeber-AI,1
santoshmodi00,1
KamalAborida,4
mikotran3012,1
felixmanojh,4
Rocky-L,4
kill3rcstriike,1
DeveloperZo,1
hestonhamilton,3
wal58,1
DenisFri,3
akhirai560,1
reorelated2,1
IgorYashch,1
guztaka,1
justinpgreenberg,1
BuggSocial,1
gintu1990,1
D14b0l1c,3
fangwei007,1
hnngo,1
mastergmr232,1
Hushengjing,1
nylemusgrave,2
juanpujol,1
supop,1
jwsearle18,1
MoonChangHyeon,7
ameekbains,4
andreydashcon,2
mvattuone,2
gabsong,2
christianverdonk,3
devjusty,1
joaofelixdev,1
andersonfagundes,1
shamustappa,1
zh3036,1
almabud,4
YouXam,4
TarekElTayeh,2
aRetr0,1
rrodrigoa,1
ks93,7
Razpines,3
tulaman,3
nirajkathiriya,6
itsmorais,1
tbates03,1
isprateek,4
jars33,3
coenradina,1
Hacker17-crypto,1
faezen,11
mattcory6000,6
Paladin-Tier-2,1
jtMoloana,5
nareshgnh,2
carsonsreid,2
raveesh146,2
Aarsh2101,3
fir36,2
yoshimasa1700,2
Luyten726-8,1
liadav,4
authweb,5
iamarketings,1
tobivdb,1
davidcantonnadales,5
ko-uema2,1
aanchali-progress,1
JoshuaKento,5
KhaPahm,2
thuyetbn,1
zlvnt,5
ykzeng-yale,2
joaovenancioeba,1
Jacob-Idolor,13
csvoss,1
AmelienLS,3
Yarden92,4
swaigwar,3
mag-megatron,1
Mak-P90,9
jmwii1981,1
Mathew2004,2
bradrothenberg,1
FilipKubis,1
nelsonstr,2
kamhei82,1
RaInta,1
joelgarciajr84,1
LukasKallstrom,3
AbdullahFarea,1
Oscar45160,1
Benpamor69,1
Abarande,4
moinmalek,1
sunit1409,1
Daydream-EXE,2
gregaroposa,1
eched1,2
Eliastork,1
Stefatorus,5
VigneshVSV,3
alrownha,1
chanpa09,1
smitray,2
Createcash,1
yassin-gamal,1
weBears8,1
kmahler0202,1
juliomeza,3
kvtral,1
Drake-mcg21,4
grownote,1
yxw21,1
navaismo,5
dbaldzhiev,2
ajax1337,1
BriHan-Tech,1
miracle84,2
ashio-git,1
dsmolinski50,2
ganesshkumar,1
PulpRiction,1
Justin-Moretto,8
mathesonewan,1
strix3000,1
hrozan,1
sirendhead,1
Yabonev,1
Einliterflasche,1
Murpup569,1
KoHeeSung0118,1
xphillyx,1
benbjurstrom,1
TakeshiYamaguchi-256,1
subhammoha,2
dpantele,4
petedekan,2
bmoradnia,1
juanfranblanco,1
romant,3
Pashundel,1
zumberr,3
fafandroso,2
MustafaaCS,1
olawaleact,1
1akg,1
fuji3to4,1
circle-hotaru,2
rutan,8
RenHartt,3
jihbiu,2
pielube,5
krithik-fynd,1
IOxee,7
AdolfoCarneiro,1
bryanlharris,8
Lance-Uppercut,1
sveynsson,2
elimegrover,4
infamousjoeg,4
Justin2280,5
nikolaj-kaplan,3
navekedem,1
Arch-Tom,1
michaeldnascimento,1
S-Sphere,1
arkiis,1
JosefSo,2
MateoHaxhi07,1
ArturRSA19,3
MohamedAsim,2
jaslama,3
jeybekcoder,1
leahy268,2
ronnyboy2020,3
AndyGatortail,1
crertel,2
blake2731,1
yatochka-dev,7
OverFace,2
R1S3-01,4
Warsame-Egal,2
kyoko-docs,2
Rob-Blackbeard,1
kulish01,1
boaimagem,1
ftcorrea,1
sellenth,8
niravrnirav,1
abdouldevelop,2
JimmyBinoculars,1
FrankApala,2
AbhinavMantri,1
Yusuf-Shen,1
Yaroslav-K-V,2
Shayxislam23,1
thinkik,5
ppp290,1
brandubh,2
brainheart,3
juantoranzos,2
hervef13300,1
szewong,6
brokep,1
carlosrojaso,1
zaidalshammery1994,2
ParasJagani,1
enemati,2
demarchi3353,2
xirottto,1
notAnElephant,1
doxhunter,5
peterbean410,1
hesam-hakimi,4
archit-bhatia,3
tingdang949494,1
carlosvicerales,5
Jordan-Fielding,1
ozanatmar,1
Koshmar10,1
Thanuka9,1
ralcaraz6,6
1000ship,1
Intellectus-Hyeonseo,1
afurculita,3
FatmaHossam5,1
shravan20,1
TheCodeExploder,1
martincik,6
MehdiTaghizadehUVa,1
iagoof,2
BahuCivci,2
AlejandroMJa,2
dadyownes15,5
superuser547,3
nmarcofernandess,2
MKempler,2
jleuth,3
pushphilipp,2
thahir007cp,1
Hussein-Khalil1,1
AbhijeetBabar-2025,1
BestAchadirect,3
kyforprogram,1
sawseisiong,6
Nonilas,2
mark-weeks,2
elevelin,3
carols12352,1
NevzatTalay,1
udayaugustin,1
basharTezda,1
vFontanilla,1
d-p-harms,5
sebastian-c87,1
shristi2605,2
ksuyan12,4
smgraffmd,5
chenyan159,1
im-kaustubh,2
pmk93,1
flash631,2
Amar73,1
JoshuaFramptonUnofficial,1
MELANOINC,3
Moonkil,1
Otoru,2
parizOndra,1
andreabat,4
lamtungpham,1
b-elci,1
LuckOfWise,1
isbm,1
willian-leal,1
ipfans,1
shaeberling,2
SteveSSL45,1
codemonk-in,1
deepak2233,1
woliveira1993,1
Loredufa,6
sunnynieR,1
tekay19,1
Trummler12,2
SashaIr,2
silvanleemann,1
a1q123456,5
WeProcureLLC,4
csafe11,2
jeffhollon,1
YoshiTatsu0504,5
zhiru,1
LATELIERK,1
anuragkumarsingh134,2
alexdrgpy06,2
Max-Schecter,7
Tom-Mai,2
ToddKromann,10
daiki916,1
lorenzoAllegrini,5
Tagaki69,1
andrevilas,2
Enrique-Chm,1
ITAT-CodeGen,2
UnspeakableTNT,2
suhendranasution,4
mokisan610,1
Elias-art-raven,1
Knightler,1
ameerhamza-arif,2
no-c-123,2
Muhammad-Git,1
vivaan2006,2
imfing,3
drlhi,4
CarlosNoelJ,1
Assign4,2
amined159,1
jdstoronto,8
chaotic-n,1
akassh9,3
apaxngh,2
Jerrylikesgreen,2
Julius6043,1
sindhuja-sridharan,2
mukusaku,3
dbillor,3
rashadphz,1
ss7lyb,1
philjourney,1
sebaxor,1
ConnerDraper,3
tanaymeh,1
Poaclu,1
AIOMEGA,1
MockavesteN,7
hknl5,1
tfoutrein,1
xandymonteiro33,1
keegush,1
Github31415982,2
JMontes1986,1
leonardotaquini,3
KravaAO,1
Djubz,6
eclipseddivinity,1
elton2024br,4
gawaksh007,5
mw24,1
sedirae,1
Cauch-BS,2
GanchimegSor,1
lu1tr0n,1
Vitoria-Vilaverde,1
itssyp,1
Sys-h-sudo,1
donutsoft,1
andre-beautomacao,11
BeauvR,1
SkyyRoseLLC,1
beauhawked,2
lucidityy,1
ac1965,1
takaf3,2
frizfealer,1
rzasharp79,1
00x71,1
OttoHines3,2
Nicoo01x,1
sagarvrma,1
amitt1236,3
69kevmel,5
qjvk2880,2
Naascap,1
silkkidpasta,1
ponytaill,2
danielchou777,3
saedodo,1
NieKam,5
PigeonMan3,2
fares,1
oscaraguileraromeo-prog,2
wakufactory,1
parlinnnnn,3
Talinhos,2
kl1ppel,3
realdeepnandi,2
tommy-quitt,1
vancuren,5
ninomsu,2
Zadig2b,3
shvadoodi,6
someblkguy,7
BenAmpel,2
Nicfro40,1
MarycieloBerrio,1
Aitch-ko,1
rscboy,3
JohnKim8121,1
MasoodZaf,1
roywei,4
alexfisher88,2
Kofsaku,4
ssano77,2
tolecar,2
dym061,2
JuanluPlaza,6
fduihdsvjnoiasdj,2
uTowTech,2
iwritecodeforyou,1
eyalf-nvidia,1
niqifan007,1
GreyMaker-ops,7
Educatian,1
renovatorruler,3
jasonboulos,1
aidatum1,1
nick-rajwade,1
TheKhozaChain,3
seandev0601,1
Rafael-Vales,5
lordlogo2002,4
asafyehezkel,3
coolerburger,1
Mayaavi69,5
AcTaraDataPro,1
qiyaolin,6
DannyOr94,5
KrishKush420,1
LuigiMoretti,1
onkwon,1
jmgo93,1
rajkumarkarthik,5
dev-trams,1
layflags,5
dfielding14,6
medaka0213,1
jflaig,3
foundjem,1
nikolainobadi,1
rafagarciams,1
noecrn,4
MichaelLearnCode,1
buildingBlaiseLabs,2
KnouxOPS,2
top-magar,4
JorgeSiller,1
mmannan17,1
gallingern,3
andreaborghesi00,1
nickbsw,1
DeanTognolini,4
Knowledgesynthesis,3
Edosirox,5
sabii11,2
MyMyMy5,5
Bielartur,4
llazyneiph,1
paselsoft,1
neooriginal,1
parzival-von,2
martinlyder,4
nchourrout,1
majoza354,1
AdrianLopez12,2
sarnetski,4
coinblacker,1
DanielaHuilen,1
vegaro,2
penut85420,3
Black-HIG,1
Mago7322,2
nguyentien7573,1
abhibhaiinfobip,1
LCFEND,5
Tiscs,3
seungrihan,2
ana123,1
Victoryismine52,2
flux-ia,2
Mr4g,1
sankarebarri,4
sorryhyun,1
DinhThangKhuc,1
Juanfezaga,4
thanna96,1
HagemanMedia,2
thierry-abbet,3
Q-M-D,2
Swartyy19,1
infisble,3
ozgurguz,1
jwarm69,1
umarquez,3
emcsas,1
curtischong,3
adammattis13,2
hparizani,2
billy0705,1
bahusandhermes,4
Tronso77,1
CrysKilljoy,1
daniellvieira,1
MazharElstub,2
sauer-adrian,1
emadurandal,4
wowwaow,3
Rllawrence03,1
riskikuller2020,1
RomeroPablo,1
meeww,1
waxscale,8
william-letton,5
torberglund,11
happyabbi,2
Joaopedroo201,2
cplazajr,2
wilsoncajisaca,1
Deadier,14
ManishSudabattula,1
todaysday,1
Frozelo,1
rjtshrm,1
Cukowski,2
Rexhe460,1
dshalayko,6
gh1337,2
shergriffin,2
zyang91,3
taylordeckard,3
tejasPhaveri,1
hisano,1
halva2251,1
gs120777,2
TibCVA,3
Debashan-Bargenix,1
CaoCharles,1
Rukib90,1
StuartvdLee,3
sybrid1982,1
TonyGoodMan123,3
Bbeierle12,1
KdAndrade,1
asplaynumberone,1
santanaisaias,1
ra3orblade,5
copythere,1
jjc256,2
alexh477n1,2
SalvatoreSpina,6
thisisanadvert,1
cloudinertia,1
alekseigavrilenko,1
dieu,1
JuanmaOrdPer,1
rotematari,1
btimofeyev,1
zeptometer,3
sporicle,3
Romeo-04,3
shahidhussain,1
Romanio0089,1
Galpein,1
adamalbsoul,1
ItsAnoch,1
daniSoares08,3
swirly,1
AfterglowLionNel,2
dreamer-design,1
charlotte-zhuang,4
chukot84,1
bimat0206,2
anisayari,1
rogerkorantenng,1
UtpalDas6,4
dheepak007,2
ysys143,1
ymmt-msk,2
ODBapp,1
CamDevv,4
Lubuluk,1
rakeshcr92,3
ymymy83838,2
chisphung,1
jenscio,2
yhzion,1
seongwoo-choi,1
yapayseyler,1
ana-morais57,2
jreslock,2
chenglu,1
tuteishygpt,1
realfortis,1
tpnihal,1
memben,2
banyer34,1
seminyildiz,1
biodoia,1
BluchipStudio,3
canergulgec,2
PAlab0,1
or-aguayo,2
Shadowdancer08,2
brann2,1
FlorisVrijdag,2
mioxtw,1
Higashi-Kota,1
Poupou2112,2
danilotandrade1518,16
KimGaba,23
DavidHarrisRid,1
Jubilio,2
razbitton,2
maurodelazeri,2
aengzu,1
kwoun1982,1
sparktics123,2
bRamZes,2
Andrestabart,2
Ibramadi75,2
toddpress,1
varunpatel4121,1
onekiller891,3
robbie-portia,4
jcewest,1
neinron,6
isrivarshini,1
idraakk,1
MrMatthewHaynes,2
ErikClaveau,1
Damianmts,1
LudoSLN,2
jbrukh,5
michaeltrainor,7
RlxHomie,3
leonardmq,5
miguelparedes13,2
syn-ack-syn,1
kolfadoff,1
echo313unfolding,1
jstnbshp,2
syamsuardibilu,2
VictorBischoff,3
julianv-94,2
maineslt,1
cravingmaker,2
sadiq-codes,1
chungminsik,1
KaYaN217,1
johnpaulbin,2
jayone11,1
Aniket2002,1
GSteenbruggen,1
bekservice,1
0xsim0,6
FaZeTitans,1
moshtaghmaveddat,1
aaafreen,1
mharff,3
AlexPDE,1
Sam-Osian,4
abudatt,1
UnamedRus,1
OscarLTC,1
oleonb92,1
haseeb109,1
AhmedAbuelnour,5
maltexm,5
franxa89,1
josefsirucka,2
felipemariano29,1
rogerllorens,3
NicolasSchwatz,2
surisuri18,1
vijaysahu12,2
VinKamat,1
VitoChuChu,1
StefanTyllo,1
robertoCabreraAgro,5
gableend,1
Ecro,2
arunavachatterjee-13427,1
Rivendoo,1
sabkodave,1
xcry99,2
Kirogue,1
Theory903,1
erl1erl1,2
MStylesMS,1
renanjdev,1
miguelrr11,1
JENNERXFLORES,1
fhva29,1
Ahmed-AMA-Shalaby,1
guillermo-grande,1
ronanalles,1
bensasan,2
EversonBalisa,1
Ookiewbs,1
fgrng,3
TiewTNT,3
newball,2
VainSK,1
VectorBCO,2
hgarg1,4
Laika,2
indiejoseph,1
sebseb7,1
Neeth01,1
sayzlim,4
Naida06,1
DesvoSoft,2
yalemu,1
EasonLyon,1
chorus09,2
kazukiminemura,1
Mukezh,1
quartermasters,3
Water607965,2
MarcoMadera,1
egodevrjm,1
AlejandroDiBattista,4
ATATC,1
IdiotamSpielen,5
superpenglife,1
leonfoeck,1
ZhanbolEP,1
GeorgeYahontov,1
Ashish123250,1
Fabrice-Heuvrard,2
Mwasha-Kalamba,1
arthurmoreno,2
shovonploan,3
skrrrrrrrrrrrrrrrrrrr,1
KurtPask,3
AshotZaqoyan,1
Kisonam,1
JonthLever,2
manumaan,1
greenmartialarts,1
MartinCodes0,4
3eboo,2
ibin-fintrens,1
shawnisikli,1
vachmara,10
iamhenry,2
aust-1,2
mjsalimin,1
Cristovam10000,3
badizin,1
svanaprins,1
ebmorran,5
Marianov22,1
Darvis08,1
Seif23444,1
battalbal,1
ds300,1
Tawns-lab,1
uri-gil,1
untwist,6
Osvaldx,1
vrei9090,1
GabrielChaves1,1
Sakkeist,1
aruxo02,2
mberaha,1
JakobWl,2
laurydhu,1
chaiyuttochai,6
MDCarrasco,1
VitaminStack,3
Harsh23Kashyap,1
Vladimir03,3
ihocan,4
hassanalitamam,1
jospf,6
Reltroner,2
stephensmitchell,2
SoNotWildTurtle,2
Chiefinho,1
VishnuVelayuthan,1
Sasikumar3g,1
niananto,3
samuksx86,4
PingBastion,1
AuroraRAS,4
themarkode,1
micozhu,1
Amirjamie,1
gegzakh,3
Johan246,1
steinok,3
jcromero-ost,1
tverbesselt,1
hovik-aghajanyan,1
ras0k,1
AliGadraoui,1
maxjs33,1
Kingmaker080598,2
thomas-elliott,4
emonorg,2
vadim41,3
Zorrorizer,1
roromedia,1
LukaszKurpanik,1
atsu-2001,1
acekapila,1
Spawniaq,2
S3B4S5C,3
Aycoi,1
amaurisg,1
zajdakaja,1
clusterzx,2
GurucharanSavanth,1
DaTiC0,2
ashuacademics,1
frederikcartagena,2
eroshenkoam,1
efonseka,2
DarioBOB,2
jorisplessier,2
Chardema,3
Casperathome704068141,4
lamnhan066,1
GaiaZorn,1
riotopsys,2
mqdb,1
Ssamuelfernandez,1
RIKICARRE,1
fplusf,2
HoBaaMa,1
Patrick000-hash,2
yycgit1,2
Granluke,2
mobinseven,1
superteppo,1
michaelzrork,1
phillco,3
Sudheer-eco,2
ezhang7423,2
slaterbrent,1
J0hann48,2
ykozxy,1
AndyZhou952,1
kissmilan,2
souxun2015,1
davidcforbes,1
iAmJustCam,1
touhid498,2
noahs10,11
tgiachi,3
jjjrmy,1
NicholasErick,3
ikdg0,1
trentearl,2
tiankay999,1
soli71,1
jakechen1,1
yordihernandez1,1
Walentalien,2
paulormauricio,1
FumiyaKidachi0722,4
miiiladiii244,1
arnaly,2
renegius,1
Zian-code,1
mitanshu610,2
Simonerrror,2
batrosa,1
SebastiaNCastro22,1
holisoft,1
mrugeles,2
williamsmurilo,1
JoanReyRanis,1
kickmonkey,1
ThyOneGuy,1
alchaplinsky,1
juba50000,1
molliebernstein,3
YellowKidokc,2
darwinsubramaniam,1
wojo,2
drbozdog,4
domogonotoso,1
Joshtri,1
aled1027,4
pqctoday,1
gabrielgilini,3
ivankiashko,9
enjbaez,1
vladi014,4
darwishdev,3
EdwinZhanCN,2
kearry,1
gauravsingh85,5
kushanaero,1
tuanngocfun,3
teenever,3
joseagrc,1
pppppppppp3plus,1
pj72181,1
TylerHoke21,3
miles-nash,2
Boisti13,2
shin-kato-327,1
octaneinsights,2
singhphd,1
rjboezeman,2
YoonJae00,1
idrisovbu,1
GabrielMarquezMatte,2
HoshovskyiV,1
ss1818,1
sahinomercan,1
kcbsilva,1
KevinGBdev,1
hasantorpil,2
beratbekiz,1
MetehanAltuner,1
FinnAlberts,1
bpassmore,1
varbirog,1
CoacciFitec,2
fjprobos,2
OotoroMS,1
andrewfurman,1
nirre55,5
rotisk95,3
vijeth27,1
uidauid,1
haitham1221,1
tveronesi,1
gagrosso,1
Kittyek,3
TayyabAhmed561,1
Bantree96,2
tonyjoyk,1
trkbt10,3
ParadoxGods,1
wasififtikhar,11
ChizyE,1
thecreactives,1
konydan,1
nokonoko1203,1
hugohfsouza,3
khalilazennoud,1
DxsStein,1
Crimznn,4
dgedgafo,1
Gaberc,1
KrisBrabander,1
Piotrm777,1
sparck6202,1
konradbeck-creditech,1
moheshmohan,1
DavidBelicza,2
HenriqueRamos13,1
anurag-openai,2
DaManMythLedgend,2
Brandonrai,1
chromeunagi,2
kohenm63,1
erichan1,1
aktejo,1
sergaym,3
AerisAura,1
DanielProgresa,1
jyspark-yue,1
Outlast18363,1
BoraDurkun,3
dual-sharks,3
Yousef8000,4
semistrict,1
hardikInc,1
vpx-pro,2
mir9,2
AnkurNapa,2
alexculbert,1
zytyan,1
marcelfahle,1
lukewtseng,1
ssadmall,1
Evincere,1
Scuwr,4
kurogedelic,1
nicscl,4
MASAKASUNO1,1
padho,5
SZoloth,1
IndieFrenk,4
amirthaganeshp,4
BENG100K,2
ja3ck,1
himnabil,1
bansal1600,1
claytono,1
RocKamuS,3
etsusei,1
kruzeyy,2
NagataMichihiro,1
Filo93,2
joe-bal,1
Andrey40t67,2
Bruno-Milagres,1
WQGGSEY,1
arnesmets,6
suke3e,1
Charles-Rhinoforyou,1
nrsundar,1
Baldeep1001,1
joehuang0122,1
nizardev41,1
hhan89386,1
nmawungwe,2
xuanjiYUU,1
WaseemAlnasser,1
limpback420,1
azhar1704,1
bransonpfiester,1
BrayanVirguezglouphi,6
hylanda,1
cpich3g,2
Kedeye,2
roskiy,1
antonioap101,1
suanhong,1
chrisscotto79,2
Biccio1233,1
ShadowByteOS,1
SaintsFlow,1
rathmath,2
jrjenkinsiv,1
lmpierrot,1
marons0n,3
Terz1effGodefroy,2
ovnonasos,1
dpieski,1
TomMcIver,2
fabiosteixeira,1
sarayootSkoo,1
noahbean33,5
arrpitk,1
Stephen-Robbins,2
EliPeixoto,2
Ibzo1,1
AlexeyFloppa,1
thuyluu9595,1
CheerlessCloud,4
mahmutseh,2
Frame25,1
Snaxxwax,1
DaoC-del,1
fkhashawi,2
BenjaminLGibbs,4
rakesht2499,1
shatovoleg,1
TDamiao,1
Austfi,1
aitorcalero,1
ja0,1
rogerK2RK,1
WebDesignHost,1
RasmusKD,1
Cicatriiz,3
aciderix,2
atoarkhurst,1
sdjlsmooks,3
cmdSTARMO,1
bentito,1
boxoneharmonia,1
Sandrro,3
NemanjaMilenkovic,1
rinkee,3
jovylle,1
leonprototype,3
yasassrime,1
KhashayarHamedi,2
chasoft,1
K-Kizuku,1
senthilp,1
dmombo,2
jpierre-le,1
Cbezzenberger,1
XtreeMuk0,1
timakin,2
RealHotChiliPepe,1
TommyOh0428,1
P11co,1
Eduard0MS,1
Wagnerf2,1
Italobgr,1
Rafael-Creator-max,1
elimsi,1
amirbabaeii,2
choichoichoice,1
unbira,1
manasnilorout,1
villoro,2
javannnn,4
hitheshr,1
IAdejokun,5
TimCixo,3
seanpmac,1
Gutza,2
shish0v,1
fardeenfs,1
klhawker,2
Marvin0212,5
MathieuLePuil,2
diogof651,1
Bruno-tech7,2
Geistica,4
2z2z2z,2
KishiTheMechanic,2
skalerr,4
vjgroup,1
tradetolive,1
shipsmntGao,1
ishanpai,1
chungchunwang,1
saleiva,1
Tiberriver256,1
nickbwylie,2
maliknomi0,1
martijnlentink,2
correlworks,1
sachet-mittal,3
penpen72,2
Kooreis,2
Erotemic,1
AndersEriicsson,3
Qismeeee,1
jan-ackermann,1
Nidhal-Jegham,3
Bulb1k,2
Stratis-Dermanoutsos,1
luhohagaming,1
shreyanshmathur,1
Aeron-Emory,1
shatadru,1
lucaadedios,1
cristianL0pez,2
yahyahere,2
Fascinax,2
ArnoldSolorzano,1
mtauhidul,1
Razorxxid,1
JohannSteinhoff,1
saimaheedhar1,1
att501,2
1000lux,1
JohnOkoth,1
lewbei,2
kojimamasahiro,1
Elias9V,1
AndrewPuh,1
karimtajik,1
daftink,1
mpn2pwm,3
automatiz-ai,1
will-bell,2
joinbean,1
oliveralerubio,1
hamidvb,1
NPhuphatana,1
sean0427,1
atayyar1,2
tyborg13,1
abakan1212,1
deepakchauhan333,1
davidmahbubi,1
boarderframe,1
amscu-dev,1
utkarshkansal17,2
fishansbdbs,1
prperlasjr,1
ipreuss,1
zZOttoZz,3
JensWalter,2
Tremontaine,1
yongsk0066,2
orlandopy33,1
Warex1000,2
FrancescoCauzzi,2
nicholasjosephrusso,4
lucasbarcelosmendes,1
huangchaoyu88,2
Recoil77,4
mfg5169,2
eualessandro,1
hasitt,2
AndresTormo,1
rgromano,3
flanzipit,2
VincentAurez,1
quintenbons,1
heshrecker,1
Otouto,1
jonaritz,1
JBLOZ,2
SankethBK,1
sachin3618,1
maximofn,3
Demonmonk,1
msmans,2
khapadata,1
mparsakia,1
jmagarinos,1
keisuke70,2
wesley-trust,1
DimitrijeGlibic,1
FlorianKleemiss,3
kire121,1
Jmendezzz,1
goopiescollection,2
ExtremeBoy,2
Jmgordon113,2
adamsosx,3
Kjrinverse,2
dongerardor,2
akashpandey,1
ampli,1
TechNhieSean,4
krishuynh2222,1
andreacivita,1
diegospillo,2
gitclonparis,3
PauliusMinialga,1
kakaromo,1
Millionayre,8
BillGPT,1
smetana,1
CallFlowRich,1
Devreck,6
iNViTiON,1
sebavtar,1
yugonline,4
konan-ai,1
BlueSky2311,3
codeninja82,1
FarisMD22,2
hShivaram,1
akramguediri,1
Gosqu248,3
flaviotinococoutinho,4
mathireimer,1
kebijuelun,2
pkuehnel,4
kikiquark,1
Gustavouu,1
Saitejar0203,1
ChrisaMaritz,3
yisqee,1
KieranSHome,1
rosscooney,1
viniarte,1
OMGHart,1
otveted,2
Grindewald1900,1
DMLiveWiki,2
5pence5,3
3xecutablefile,2
drohat38,1
manuelgocote,3
QassimAltarhouni,2
quangmktfpt,1
tall27,2
vishwaj1,1
IsaacLoop,1
umair-gmrm,1
radprk,1
Twity89,1
subamericanetwork,2
phonetic,1
fabio-spoto,1
rithvikru,1
Lazy-Master,2
rcl0511,1
Rob77719,1
sharadkolse,1
atiltman,2
zzetoun,1
NodeRealm,1
QuiteClose,2
simsima81,1
araipiyo,1
Torque13,1
rnkarmakar,2
zakwanzambri,1
astralwhisperx,1
wlsdn031,1
belial21100,3
pablixx,1
Rohail-thedataguy,1
sorryofficer,1
YoussefsShehata,1
Neerajkumarsaini,1
nisaharan,1
akinozgen,1
bpop06,1
AshhadKS,2
Ambassador4ik,1
Kruhlmann,2
dhirajnewtuple,1
bingxueai123456,1
shubhang1992,1
hshshs-code,4
chkp-dvirpa,2
EazyTrax,1
Dxlxz,1
smirlianos,1
spbanzay,1
benjdaun,4
hellyhh,2
loloDawit,4
christopheresbray,2
wardspan,1
vsxd,2
haco8534,3
stdmedoth,3
mdali1996,1
marcosmoracl67,1
olegkh7,1
gianmateus,1
Aperrigot,1
gryphusimc,1
marwann,1
Amonvix,1
MalashinG,1
vanderheijden86,1
roishik,2
unzerozeroun,1
Jaimedsf,3
HeimovskiGe,1
LucasRoncheti,1
Bernardo-b,1
agi123-cell,1
AndreiManache,1
VentuRen,1
TKaluza,2
tharms357,1
q1248807225,1
umohkenn,1
eastoncrafter,1
albeorla,1
OctalDecoder,1
tharikna,2
thachlh-nals,1
forgottencow77,2
adammpkins,1
vadimpronin,1
prohorsev,1
vpnagraj,1
deanmoses,3
romca1012,1
omri-controllika,1
jrcastro2,5
pa5tabear,1
landosilva,2
desCo323,1
linhnam-nguyen,2
roxyrypler,2
TheTarius26,2
sanikolaev,1
daiwiksa,2
m3h3mm3dd,2
vanjo63,1
24SVEN,2
TagorPetrosian,1
kr-pound,1
n-u-a,1
preejithjp,1
MD-Wade,1
PeterYordanov,1
BingBong44512,1
sedflix,1
shayekh00,1
kipperdev,1
SerhiiSlesar,2
JingwenHui0618,1
pyhilandjy,1
wiktorialasek,2
kirtan-226,1
jihyoung-lee,1
randykings,1
raosandeep,1
joekariuki,1
sku1978,1
bencium,1
oeztunhk,1
VincVX,5
NickBensonZA,2
theprintablewatch,2
trivialTZ,1
ilyannn,1
AgentPhoenix7,3
oyousaf,1
EricNewB,2
Laserland-David,1
eshneverlied,1
isonao,1
AquaticLabs,1
digianantonio,2
Mobin735,1
sartilas,1
KryptoWard,2
LeoVeig4,2
Nadir-DNA,2
WeltonLuizPereira,1
mfirmin0,1
AnhDieu19,1
harryless17,1
lmascoding,1
bradmccray89,3
Tyyagoo,1
elmit,2
jjanisheck,6
crusso324,2
mcarruth,3
LoR3nt-jnl,1
mariasoleim,1
davenpi,1
kwidoo,7
markoblaha,1
a-gaivoronskii,2
RobinCHoffpauir,1
gshdu,1
2kLEx2,2
ytea519,1
SupasitQ,1
EVbuge,2
ofekrozen,1
Coralie07,2
notedit,2
davidrabinovich,4
vanphen,2
soumare1,1
tsuji-tomonori,2
uttne,5
uluemre,1
kmayhew2020,1
YoussefBonnaire,1
Haritsmm,1
daikiyamamoto13,1
makingmusic,1
scialek,1
lunasans,1
samihalawa,1
chanisagithub,1
shotgunsensei,1
Aravind45code,2
nvta-sbiyyala,1
kir8mir,1
moitila,4
gwx7-yt,4
greglo,2
Effsugna,1
cduzpalau,2
Oakstem,1
64cipher,1
jsmnsr,1
esukram,1
Nardi1,2
MusabehMoh,1
Francisc0W,1
isra477200,2
matveychudnevtsev,1
WayneMYeung,2
TeapotJim,1
ewren-CNTRL,1
coder159,1
KheopsCrypto,1
paulgoehring,6
vnicolescu,1
kbaid4,1
minarai-niwashi,1
wDrag,1
naveenkrish13,4
mxstmx,1
Gabriel4631,1
askPradnya,1
java-to-ogura,5
xincui-math,1
Hydrosync-Oasis,1
ravescovi,1
MHTaleb,1
siddy81,1
MaxJackson,3
hhuangwx,1
vgupta1192,1
BrianHemphill4,1
vamseekrishna25,2
u20231e277,1
Alvarofdh,1
gaurav6076,2
jnlcgmv,2
KevinTan2025,2
gipyeong-lee,1
bolinfest,1
mullachv,1
buffalonychris,1
alvinauh,1
Chachan99,1
davidbellman,3
rjbrown85,1
grizendi,1
grkmsari,2
MrgaryC,1
Xennarc,1
weiteho,1
OmarElkadi2020,3
Javiation,1
jojitosh,1
Mikael-gapit,1
nquynh,1
tomfordrumm,1
4luqard,2
Sergiovv003,1
Olafejs,1
pd-cbell,3
samyakkshah,1
rohansachdeva1990,1
michele-castigliego,1
willzeng,1
Shaun-Regenbaum,1
vladislavkn,1
ptwirls,1
enusbaum,2
hansanawijethunga,1
HanbinSeong,1
APICEM-Steve-Gloriant,1
yluom,2
TrikoMat26,1
MarioRI-NTNU,1
joshuafe,1
Lakshay17299,2
hinoguma,1
pjanec,1
alexmarshi,2
zmzmvkvk,1
aaaa-zhen,1
pengqun,4
JonathanGrant,3
Shup04,1
rolfvreijdenberger,2
santhoshvishwa,1
Zmozthunderz,2
foad77,3
ManuelRueedi,1
raphdharc,1
leonardoms,1
jayanta-banik,1
keioni,1
ArmanJR,4
atrasheedkw,1
raphael2692,2
Lamikad0v2,1
anthonymarandon,3
Eriiiick,1
Shreyas4256,2
kushagra101010,3
Bentlybro,1
Goldenkov,1
huangjinxin,1
pussikill,4
draeician,1
micko90,2
w-hardy,1
NewWealthUser,1
mkby123,1
trapie,1
Luv-crypto,1
Eduardops3,1
FlyXingByte,2
bbayramoglu,1
elinorapricot,1
jiacovoni,1
MannyDelRioRPH,1
mspiderv,1
Angelos2024,1
tomy-nyn,3
J-Uptegraph,1
ViniciusInTech,1
tomasvicente20002,1
igormq,2
tianweix,5
akash-d-dev,1
g-abilio,1
fredyunivalle,4
mreismendes,1
BoroGPT,1
DavidMelzer,1
tristanp1407,1
andrea-bia,2
thomasbardhi01,1
sh-rp,1
FilipStanic,1
sofakingmc0804,1
Edermengo,1
dbernardo05,1
SemiMochiBalls,1
sangheonEN,1
hasimkilic,1
SolCaruso,1
sdblepas,1
viniciusmt,2
lutfizuchri,1
takujoye14,1
gridhooks,1
Majorapple,1
snarfsnarfersnarf,1
DCMA,1
yalishevant,1
iftekhargpt,1
ndt,2
msoedov,1
wilhelmleinemann5,5
christiancoleman,3
Hangman,1
cp-22dfs,1
acbeard,1
pranavj2684,1
ansasi,2
robert-johansson,3
1mentat,4
CherryGamez,1
EldinAlfadhli,1
theworksofvon,1
Jrwever,1
thealphacubicle,3
egerdem,1
mrahdar1,1
Xingchen1224,2
dgmp88,2
pierrebre,2
WietzeVDMi,1
akrock,3
yashvendra-dwivedi,1
JON237,2
kushalc,1
herduin,1
nino0815,1
hkubotaap,1
sunling,2
yunnniverse,1
mclavelinUL,1
fredpernias,2
dtammam,1
Kainabml,1
Ldiaz06,1
MongrelI,3
VETdApp,3
LdnCreative,1
nicholaekim,3
zurabprts,1
dyurn,1
Melissa88888,1
atraherajat,3
neel-pa,2
nirvana246,1
Happyfeet01,2
AussieKing,1
athicon,1
charliethc,1
iron-naan,1
yshwetar,1
davorchap,1
Andrei-Piticas,1
SimbaE1,1
RainulfLion,2
Jheickson,2
Ily17as,5
franzpaw,1
Fairchance-Ncube,1
mbcampagnaro,1
mklmfane,2
RA1Z-Brasil,1
hdtvnase2k,1
aortizdp,1
Reptartheman,1
mayrolanel,1
nolannordlund,1
Buketschaub,2
andrew-noonan,1
Leito180404,1
ac5008,1
DamilolaDami,1
Gabrimeireles,1
Trayffson,1
briveramelo,3
allanalonzo,1
owenlamont,1
JoeCapo,1
RYZENNAVI,1
altsys,1
evolsb,1
tkhwang,1
breadbaker,1
ornge-julius,1
gonzaleez17,1
omarmciver,2
tharindud02,2
Tutejszy777,1
aryairani,1
0fatihyildiz,1
Freakandi,2
juroct,1
juniormaxi,1
takaosgb3,1
Sinclair-Seo,2
patternarch,1
laielli,4
OpxSyn,1
stejin-stephen,1
AleEscalante,1
isijfj4,1
Evizzo,1
gubbins-inc,1
mohit3724,1
Himess,1
SEVENTEEN-TAN,1
whitehwarang,1
tealigantal,1
Hanbiike,2
AphelionMax,1
zhuligs,1
anshshetty,1
ppeeta,1
merlinmckean,1
Thajakorn,1
dumpster-TechOps,1
GirogiM,2
karinaykh,3
patchie,1
asikkema,1
RaphaelDiasRazzor,1
mainaksaha,2
Jasper-Tsai,1
Mursel8707,2
karlTGA,1
Iteksmart,2
prakashwagle,1
Wesleylee630,1
IsabelFigueroaV,2
3t14,1
HanaokaHitoshi,1
mvw41,2
zimmra,3
jhaoming-oai,2
juninhosouza810,1
bmeindl,1
HafezHajisafarali,1
samirhusain26,2
ujjwalgoyal19,2
66emil,1
BlackH0und,1
ascharifker,1
serignegalo,1
dapluggg,1
RachanMurthy,1
Ketz7,1
Richa0305,2
majevva,1
kurdim12,2
lucaskosta,2
RaedAlvi,1
acrm,1
Ardor-Wu,1
yayeandriy,1
leocorv,2
PattoPeraltta,1
robwnho,1
CaptainJeff,4
kokornika,2
GlebkaF,1
Kazu-takahashi1213,2
sourceganesh,4
spcameron,1
cpuga2024,1
jgavinwu,1
Eccentric-jamaican,1
ztatlock,2
MarkDannemiller,4
teoberbic,1
SwiftedMind,1
ramasaraladevi,2
steplercamp,1
yvarhulshof,1
vibtellect,1
wwwantedbv,1
yossato,3
CRChenND,1
rselva,1
dhanyafiyudhistira,1
BISTOUFLEX,1
prakashkaraka,1
ngaffa,2
mariaepsol,1
jason25-sudo,1
alexlev18,1
Milfora,1
snagda,1
Ghadi67,1
Rookie-00001,1
bayek10,1
Leo-Noriega,3
jogehl,1
Geordi7,1
Emir2121hjgcg,1
bgomes,1
phenrril,1
kenjp1223,1
codevshl,1
bugalu,1
sebastienesperance,1
ONOPMIX,2
inimino,1
rl23412,2
amandeepsaroa,1
Pororo1111,1
jordanrippon2020,2
Delta234vcode,1
timey47,1
volf52,1
mohamedabdalslamm,1
JannisFengler,1
houneTeam,1
kauemuniz,1
marksborn,1
yaennu,1
Discogiordano,1
lisandromaselli,1
SalmonCatFood,1
PoulavBhowmick03,1
Josephwebs,3
sameerkhalid,1
aryamanarora,1
krwd1117,1
k14krug,1
mrenna022,2
ELHoucineEzzariba,1
boeltjen,1
AdhamMadkour,1
Milade,1
alexandergagliano,1
ashishkarki,5
geometry-software,4
cdtalley,1
dirdante2,1
elisawxg,2
anton-yurchenko,1
ahmrdtarek,1
thomas42,1
RohanGudla,1
IsmaellHV,1
Th3crafting,2
subhakarkoduru,1
Vicwell28,1
tichx,1
EvoNauDev,1
eladdas,1
ChenxingM,1
hegelmax,1
RuchithJay,1
glokos,2
ryninho,1
arocafull00,1
nadnad250,1
guillevalin,3
francescopeloi,1
oncicaradupopovici,1
oguzhandev,3
fazana703,1
angeeinstein,1
spencermawer96,1
aguilerajul,1
zhuyihenzheng,2
skandinaff,1
jailtoncarlos,1
mahr940409,1
Martiinvan,1
jaonunesunb,1
Ringohandel,1
BipinRanabhat,1
orphish,1
changheesong2020,1
KyoheiAT,1
JY-EdwardLee,4
lolodeguadeloupe,1
poponeito,1
mungjin01,1
charangajjala,1
J0hnEbert,1
LittleDevHo,1
biodun-dev,1
smartinsbcorp,1
stasHrytsko,1
padddy,1
mikeeryan,2
crimeacs,2
oelna,1
JoshuaDodds,1
mrfenyx,1
urbha1206,1
omnesmx,2
jorgemf,3
synloop,1
zackcher,1
wb3r,2
hasamba,4
OpenJ92,1
homerquan,2
DarahasGundepudi,2
filgduarte,1
Bina-Lee,1
treasonx,2
shrestha-sachin,2
Leeuum,2
ciechanowiec,1
Skillenot,4
Ninadnj,1
shadankhan108,2
nikitakio1,1
doublej,1
laxe4k,2
Johandown,1
ConnorRJohnston,2
JohnnyRDF2024,1
versificator-recession,1
Seriousatoshi,1
Julianordgx,1
Eyonic,1
abdurrahimak,1
hieu1871998,1
maxbadino,1
skpintu93,1
jpcarta16,1
77degrees,1
PetreVane,1
OakPachara,1
nachofdez04,1
Sebas04A,1
ibneurfi,1
mintfrost,1
gustavoroc,1
CBRT513,1
ianblas,3
MGodric,1
JaimeDataScientist,1
mahdipakravan-dev,1
jclem,1
centrodph,2
andreamaranesi,1
cchenxinn,1
adam-tseng,1
eljaunis,1
deetrees,1
d-gubert,1
DaniilPak,1
shrouk-mostafa,1
marcoasad28,1
xuyecan,1
amalkurbanbaev,1
foresturquhart,2
CodingSelim,1
jarvis-fineops,1
MBuczma,2
baranbingol1,6
VanDerGroot,2
jesserobbins,2
parkerlu,1
BronSkien,3
ThaWhiteOne,1
roey132,1
OpenMindUA,1
tylerwince,2
gochev06,1
sidhatim,1
mshpita,1
PabloBorneman,1
emrehalac,2
BoredApesresurrection,2
SamTuckrr,2
sztwiorok,3
lorsque-sir,1
Moovia-life,1
Guiliano99,2
MarcoDDM,1
DSG121,1
ahm3texe,1
samgullion,1
meghrathod,1
junhan95,1
webkauadev,1
shahaRateGain,1
Thisman,1
amologoko,1
GabiAharon,1
JosuaMbia,1
ninjaroot-509,1
nazcrypto,1
kongwanbianjinyu,2
viniciusandrade,1
Jooseungho,1
parunia,1
JL01v01,1
JosseJuventino,1
kwakkyunghwan,1
kobe1980,1
OfirS1,1
ArdenHide,1
luckyowl-bit,1
z3ru,2
patfla,3
turara-coder,1
karen-kac,1
queukat,1
martinez-ie,1
CodeHunt101,1
Tim7177,1
anasghawi,1
Frog103,4
dicek-eth,1
mohammadabushalhoob,1
ISR-STL,1
revasankhe,1
Tr1pping89,1
danavbred,1
ktr3,1
stanislaw-ryzko,2
hubsmoke,2
MajorBot5684,1
P4113N,1
MathuSpavan,1
sarthaksinghgaur,1
Zeitenholz,1
IgnacioZanaHopp,1
jonasrohw,1
rakibahsan1981,1
phonglk,1
paulseidel1999,2
takanashi-sora,1
nzdog,1
Relaced422,1
dfromeror,2
averagepleasanntpannda,1
HeitorReis,1
Bryanlutz,1
AngelMsaa,1
cyrus1classic,1
allan-openai,1
ubirata912,1
tomny-dev,1
lucas-jammes,1
theperm327,1
Gastonjtg7,1
yourbirthcertificate,1
gcburt,1
johnbahamon,1
bartaxyz,1
Xygen,1
vlord5547,3
y107818,1
Protofinity,1
artvnei,1
CristobalATN,1
steve-lh,1
jcaicedo,1
rudskoy,1
phamtronghai,1
cmnisal,1
playdigidash,1
player0x3,2
retrobit,1
ahs19,1
BusselW,1
arif1018,2
SinMoonGh,1
Nobbettt,1
Init0ne,1
giovana-raupp,1
caglarcnky,1
Barboza-ai,1
Chick1n,1
Dcden89,2
ssugab,1
KakuMaru06,1
avecclasse,1
Agente-M,1
andrewbowley,1
precizer,1
schoe14,1
Zavkk,1
kallervla,2
hangilc,2
FacuMartirena,1
TroyJLorents-GH,1
DMJC,2
Berrismi,1
egbbr,1
karelvysinka,1
mrmps,1
vinitjhajharia,2
clems206,2
ismailxebia,1
podcaste,1
neilthomass,2
JigarKanjani,1
genarch-ai,1
ahmedabdeien,1
notryan908,1
mtdctectus,1
joestump,1
erosalie,1
ninonagy,1
AroraShreshth,1
KHOJAH,1
jeremiah781,1
DemircanCelik,1
pbuenro,1
2spring,1
BFG-org,1
harsh-shar,1
VictorNanka,2
nghaloc,1
TarekDjaker,1
mdka00001,1
ghostplayer170,1
TheJulianJara,1
CarlosS2002,1
NorthKanye,7
zackus21,1
PauloMatheusFerr,1
rubenpjove,1
fisherdaddy,1
carloschaves12,1
evengrey,1
ybhoon,1
c1193,1
danielzheng1986726,2
qualidafromtherm2,2
kyisaiah47,1
sigmoidneuron,1
Ninjaxzy,1
juiroy,1
fatihOzlugedik,1
Storm-Glitch-O1,1
baithamwastaken,2
gkantelis28,1
tryallthethings,1
rroa,1
scotthoffmann,2
malkouka07,4
hitoshi-okada,1
Cfree1989,1
LordofBone,1
GhanemGanadi,1
ax-droid,1
yymm01,1
supunrathnayake007,1
AbdAska,1
fullmetalcoding,1
Reakwind,1
AaaronAI,1
samespacecoworking,1
alihanbays,1
aureliowozhiak,1
Bot952748,1
MasoudJB,2
SawSimonLinn,1
halstonblim,3
yivjooble,2
EmelyanenkoK,1
NewWorldinc,1
RandyHsiao,1
FelipeCPereiraPM,1
mykola-ovchynnik,1
MatiasVieitez,1
cabo-2,2
GuilhermeAVictor,1
panpanpanda123,2
Eumaios1212,1
x-mp,1
ninjatourtle,1
tojifushigura,1
Crimp35,1
navarroalejo1,1
Miiazz,1
srinitech-ai,4
kiss42,4
ThomasTesta99,1
JOrchier-hub,1
vijayjayanandan,2
Mlbritton,1
nnsense,1
probabilty,1
dathannobrega,1
guiozores,3
islab469,1
lanyama19,2
vitaliscar,1
Ofcsilva1,1
Tiagocys,2
pereiravinao,1
bruno-vferreira,1
khushwant209,1
hrdylu,2
CKNJOROGE,1
aliry,1
thelongestpants,3
ziggitipop,1
DOUPLADEMO,1
CHOI-JOO-YEON,3
NFPN,1
ami6643432,1
dmpantiu,1
jibla,1
egoistsar,3
leep1000,1
kumarajay0412,1
TomCallan,1
itsbooboo,1
higgen6,1
AnAn-Wu-123,1
alexandre982,1
AngelUrq,1
philippstoboy,1
wizkid057,1
Maxiviper117,1
mateusznowacki,1
johnnyzhengGithub,2
Abernaughty,1
samethuseyidemir,1
flobrunner,1
a-ceci,1
marcosmaziero,1
ko120,1
fidate12,1
siliconuy,1
iNtuitionP,2
bbakpil,1
BodhivanLenthe1,1
Itz-Viggy,1
cjw0011,1
johan-gorter,1
muhammadxusman,1
Rohitashpanwar,2
fedorenkodev,1
abdilyas,1
fyounusnc,1
benidevo,1
mohnishsankhe,1
brunoalex88,1
carson-nr,1
ShougAlbahli,2
jubie-him,1
Bosideburns,1
Nomadiction8991,1
chiefassistant,1
Pamicoding,3
p4c4t,1
dreamjorge,1
MiltonTS,4
Anuraag-Deoda,1
rchatham,1
yjh8,1
Nantell00,1
Aressssssssssssss,1
Davide-Biste,1
bqkershaw,1
tu2005tktn,1
TreyKleven,2
thecitizen4freedom,1
kentcodes,1
Abhi-mav,1
Razbolt,1
bcho,1
Geoboardman,1
carlliboon,1
Rafael-Oficina,2
mucahitrtn,2
poldap,1
Giwook-Han,1
umutkeltek,1
JcruzXr7,1
AManish287,1
ahsan-naveed,1
MediaNik5,2
nageswarachaitanyapullela,1
hanxiaomax,1
kimohy,1
JakePillow,1
LucasArmand,1
EdwardDixon,1
cryptondee,1
M8ZOPPP,1
padmalochan86,1
mahsumdemirwb,2
etebarzadeh,1
Fever65,1
QJ547,1
raolatro,1
darpa921,1
felix001011,1
rskalish,3
TYAlvoro,1
den200,2
osmanaymaz,1
luongcongduy97,1
Chrysalis-Technologies,1
laurabpaulsen,1
wingsbit,1
avrumy40,2
Akin-Gur,1
xination,1
Kojirouuuu,2
anjandevara,1
aryantrivedi28,1
TomasCImach,1
Toile-bleue,1
carlo-ddm,1
AntonioBlago,1
Mobidon,1
Tathoon,1
arnaudroques,2
erik777,1
CameronVanRooyen,1
karimox862,1
EuritsV,2
AliRadman06,1
bertix101,1
dmilcevski,1
v47,1
powens6,1
alvarohtrindade,1
thoremi2011,1
ob7darth,1
AlejandroLaborde,1
RudraArora,1
cristiterpea,1
andreas-aichele,1
rfurtado80,1
AppTheFool,1
rickKase,1
MoriX96,1
adi-,1
KevinWanqara,1
rosstimo,1
jacko773,1
SelinaTu,1
DARKLEGENT-AI,1
phucbuiworks,1
lionelmuench,1
OnlineStoreSite,1
Benito-Karkada,2
wiktormarco,1
NottKoneko,1
yemix,1
DataforBIM,2
puppy64,1
aurora-lysentra,1
plafosse,1
oyanguas82,1
yagil,1
wcwong,1
Elfspectrals,1
Betafer,1
ImadBerrada,1
tnishimo,1
jonc1987,2
joonyw,1
tunghuynh,1
yyangaf78,1
JFWaskin,1
muratkaplan1917,2
sleakly,2
Nate-Willimack,1
ruiqini,3
jingli19984,1
Rat5ak,1
Ustial,1
codehtmai,2
zettainariagaru,1
chowminyang,1
damianruck,1
marcolangermg,1
brkerd,1
Bahaaayman,1
Lordhowie,1
arturocano02,1
tsarukyana,1
raymondariwoola,2
Chrisz236,1
Fuzzy-nico,1
Hote,1
TuckerWhitaker,1
ProdX0x,1
Sybalking,1
NicoCurti1,2
ZenoRuefenacht,1
KaptaanBarbosa,1
DarkMap25,1
hebermudezg,2
DavideCamp,1
navidniya,1
gulgulia17,2
lucasgiovanny,1
Nonfungiblefuturist,1
terryzin,1
xianweihuihuan,1
xarysss,1
lansen55,1
Marcobe123321,1
henrynkoh,1
HoangDuong-Devs,1
gachris,4
777euth,1
krhatland,1
DaraTgzd,1
Yode0419,1
Andrewxiu01,1
henri-7788,1
chrisgreenbag,1
franperezec,1
tienex,1
Kavishka-Malshan,1
yhadjadji,1
andrescuello7,1
fabiemdf,1
MHTAZ,1
richwardle,1
zabaglione,1
JBH5472,3
RonnieMbugua,1
elmstedt,1
DevAlkanj,1
michael-eng-ai,1
kalashpuri-droid,2
sebaschen,1
jhkotoba,2
SeonikKim,1
imritch,1
wonderwhy-er,1
miinukim,1
Rdemora2,1
Scarvy,1
Panchogiuli,1
aren-takano,1
Dillonjay,1
MatheoJT,1
FXCREPIN,1
MateuszKociolek,1
CarimandoT,1
Arity-T,1
GustavoAC7,2
ShayFeldboy1010,1
khoshi-higashi,1
SandraLum,1
Mardin-bit,1
liutom445,1
wiktorsienkiewicz99,1
jz-wilson,2
normant05,1
vsradkevich,1
Thedinasor667,1
egoriow,1
stephenwpugh,2
neuralarc-ai,1
SkyMan6969,1
Buzzwavemed,1
iguanamarina,1
otto-dev,1
ImmuneLethal,1
boogahubt,1
wshungen,1
JulianeAlbuquerque,2
markrittman,1
ZOVISIONIntl,1
DanielDFHD,1
Rainier-tech513,1
charliemchapman,1
Vortiguant,1
vlkadusumilli,2
ggagosh,5
Gargantua-Voided,1
lynscott,1
austinelliott9,1
saadhumayun20,1
hfekih,1
Vayuv1,1
avimaozb,1
BuloZB,1
Henry890307,1
kelby0320,1
VinodkumarShukla,1
iamotakugot,1
Mit0lenda,1
MiguelNunes100,1
FrancoisVongue,1
jatin404,1
OmarHrra,1
CaldeIsa,1
lorenzodragano,1
JayEh,4
JSRP00,1
joriskalz,1
a-chumagin,1
jasontsaicc,1
wodn1478,1
Duranpro,1
Amin-tech99,1
ashishsing112,1
Wisteria30,1
realadamnix,2
mdwilliamsb,1
sgupge2503,1
Cocolumpio,1
oliomap,1
tomoki0418,1
Marathe-2,1
Tabolrin,1
colten-anderson,1
jonversusjon,1
victorsantana-kt,2
bryanbop14,1
Molinariv,1
saxsitu,1
0420Max,1
Jaimini-123,1
ankando,1
timozcc,2
Mugentix,1
shivakharbanda,1
messyp,1
vagsters,1
tarun-iitb,2
hbakir,1
poojanathirimanna,1
MipoThomas14,1
drbarq,1
andrewcole50,1
d8code,2
kaisermzn,1
felipefezzi1978,1
kaiping-liu,1
samnodehi,1
bemurphy,1
b-mazur,1
Mishapolk,1
yunwei37,1
julio-lara-lopez,1
theoktay,1
franciscochgs,2
trvlai,1
abigailgarcia19811224,1
elphinsnow,1
squivix,1
EngineeredByEvan,1
James-Chirawat,1
RedShock2,1
timothykscott-cloud,1
fadu-timothy,1
eggsdevs,1
bryanlan,1
caicedog27,1
Persoina,1
jawa1273io,1
Raptor086,1
dev-tauseef,1
UniBed,1
srusht1,1
ThePyth0nKid,1
umbertocilia,1
kobigurk,1
lavaliani,1
diCaminha,1
ebhofro,1
jurmous,1
antonijeerdeljan,1
jeanwl,1
fwhall,1
Nichtaurelius,1
leandroluz,1
baamiis,1
Lorex,1
enjesl,1
cercil0605,1
Noodieknoodie,1
vinhbao1112,1
josuedean,1
bouyakoubi,1
yaiwork,1
TeamstationAI,1
gregorsamsa06,1
mkatsilieris,1
chengshengli,2
KimHongsoon-learnmore,1
jlundahl,1
CryptoScanPro,1
dovuhan,2
ugurraydogan,1
ArifBeyler,1
er0s3c,1
xhemmings,1
YutakaWatanabe55,1
oskano14,1
seanap,1
ParallelUniv3rse,1
PietroDiMero,1
bdgroves,5
kralor-guldan,1
wess,1
RickBrandao,1
aLekSandr-Cherepanov,1
zabojeb,1
comperby,2
SpideyBek,1
mhismail3,1
Slamhouse,1
gavincangan,2
juanbezzolo,1
snowepw,1
octxxiii,1
kolargol,1
t4k3,1
Hem-W,1
lohithreddyk,1
czivko,2
kauevestena,1
xxxprincemaker,3
frogtickler,1
Jonj84,1
jameslee5363,1
genesj,1
ojnaran,1
krixelstudio,1
claudioavgo,1
debuntu-hub,1
kobebebo,1
Gonkas10,1
ShreyAgarwal26,1
hoduckhoa,1
Gariton,1
Dannebicque,1
MaxParker994,1
muhammadanas0716,1
GaboBellido,1
eduskardo,1
keugenek,1
fireindark707,1
Quue101,1
csitte,3
an6122003,1
jose0796,1
tivivui95,1
hunnerc6,1
sebspetersen,1
Black-Milk,1
ChumillasMiguel,1
donFellus,1
BlankerHans,1
or9327,1
soloprimehn,1
David-J-Tinley,1
adaick,2
andreslozadamosto,1
ThoughtsAlto,1
prayashm,1
mario-eth,1
adityavit,1
adkiw,4
ESETSOFTWARE,1
rigalves,1
eric-423,1
Arco04,1
helloworld9342,1
JiaceZhao,1
bycem,1
radu456,1
Iah-Uch,1
matthewbusel,1
JimWardle,1
osiride91,1
King-Of-Plague1,2
matiscke,2
gzu300,1
TaniaAhri,1
kemoagaben,1
marcomb,1
Fabricio44S,1
Tyssault,1
davidpv96,1
11Sahar11,1
hakuto-00,1
sargentJE,1
Rartiushkov,1
sebnor,1
dylanesmorgany,1
ayaslica,1
tobiasreichel,1
sapereaud33,1
ARAR128,1
Rathan-java,1
sergeychernov,1
shamoon,1
Akaizoku,1
shahparam11,1
AllEnough,1
Gazntyno,1
AlexeyBoroda,1
hjsemirdzhyan,1
simaopgt,1
DeuxExDoge,1
VossenBenjamin,1
sang-su0916,1
Bihruze,1
cjcrack,1
Danny2501-python,1
juniorex11123,1
KathigitisX,1
denisgrushkin,1
thalyson1005,1
zeddy89,1
tmtraffic,1
Dicklesworthstone,3
ariessunfeld,1
mfluker,1
ibv12-ua,1
SeminarBUW,1
DemerdashAcademy,1
normanalie,1
metorize,1
tap0k1337,1
sahanux,1
net2927,1
moktar2611,1
dpk-a7,1
nigelandrew,1
Rochikh,1
monigredo,1
atoonk,1
kyleinth,1
CarlosVieira12,1
mac-jey,1
karlton31,1
0neye,1
JithuNair,1
astro-derek,1
JuanFerVel,1
zashari,1
z6wdc,1
Abana55,1
CampusCollect,1
myzivora,1
jsotteccanic,1
kushal123478,1
jpcifuentes16,3
adhakal-ns,1
qcargile,2
drhousemd1,1
Nemoyuzx,1
flavorstudios,1
FirebirdTA01,1
truthrylynn,1
Jefeadmin,1
darik-cell,1
fieropirata275,1
howard9199,1
Dsvidenko,1
ryeq,1
hlolli,1
chendry10,2
khai-mle,1
richardgill,1
Exception3010,1
DropDaDeuce,1
gorkem-bwl,1
ChaseMcClellan,1
birco1919,1
Tsarazon,2
ChibiTB,1
thiagorlourenco,1
999-Shawnie,1
coldplazma,1
kamranashfaque,1
Timvandervoord,1
hachuu,1
solarc3,1
anbanm,1
Skybit100,1
EvelynKalil,1
2heunxun,1
Chalebgwa,1
AminSundrani,1
Zorlin,1
Gitzman,1
mobinghajari,1
trekintech,1
hkalmans,1
VioletBenin,1
omr-abs,1
GokulSaravanan25,1
saketpanwar,1
andrexmp,1
Altairu,1
orewacoder,1
jithendra-roy,1
strad-dev131,1
jonikanerva,1
ta3emu,1
verdictzero,1
redhouanemessaoud,1
ht6030,1
IskanBo,2
Mick162534,1
CodingPope,1
JeyZu,1
laurentPy,1
cansik,1
zachpwakefield,1
shrungaraj,1
PaulArthurMiller,1
HamzaAit,1
karailker,1
takatakashi,2
VictorW-repo,1
trinadh223,1
JTMarcu,1
SebayaKeto,1
QuinnCalzada,1
jarvisN,1
MaxGlt,1
faruklincoln,1
toni511,1
senal88,1
hasnin090,1
vjaiswal9,1
ctzhf31ke55,1
MMRINDIA,1
sysnern,1
AytoMaximo,1
PauloHXL,1
27bro,1
Erasertm,1
sanlega,1
Alexander-var,1
LeonardoFelixFrancis,1
khalilbenaz,1
phanikkm,1
Savyorr,1
ada-sjo,1
spnfury,1
dm-k1,1
fgmacedo,1
gustavodz15,1
arelath,1
devgony,1
PUJAN025,1
cdicec,1
Rafal-max,1
VazRibeiro,1
drewlanggg1,1
vkg26,1
emagit2810,1
tiagobmarques,1
giwrgosgiai,1
InamuraJIN,1
Choppen1,1
Jin-hyung-Park,1
sternr,1
FreakyF,4
Oyin-A,1
Oselia-wedev,1
amanikiruga,1
parkchan0207,1
xihajun,1
abastein,1
SBludau,1
chut-th,1
garydii2,1
lucasnpires,1
dangus21,1
ruizTechServices,1
raulimao,1
gerswin,1
simoaklan,2
Mrwhite-link,1
emac07,1
ibrarartisan,1
jamestkpp,2
Quilmining,16
neomosh8,162
estensen,953
mhyatt000,52
tuaregsand,22
hnvt1989,63
sbalci,18
durxniMustafa,68
nicarq,196
jcputney,21
codingki,9
ryokun6,174
AdrisJ6,1
PermissionAI,60
MrPlayerYork,7
muhiro12,130
BhavneetSinghYadav,254
242816,137
einfachstarten,229
SparshJainChajjed,5
npstorey,31
jritchie17,228
cagojeiger,46
rameshpilli,78
romot-co,233
aousabdo,24
vramdhanie,3
CamDavidsonPilon,13
ramoul-b,115
beyawnko,259
mblsha,179
tomaarten,15
vulcandth,226
pejmanff,10
Neverneverbabe,240
thisguyrob,55
123actionbarcelona,87
nashspence,260
mrnosilrub,1119
jtonk,102
dkhalife,72
brentjlaf,777
ofuhrer,6
mufniarz,122
supermarsx,1926
WSG23,2829
achavala,357
buddhika75,464
Brownster,351
jackandcarter,637
RasPatrick55-dev,199
elliottmokski,52
nicomt,2
artisanal-iq,30
joeloverbeck,2012
brendap21,125
Chantalcou,20
alexanderwclark,21
davitf,126
tomo1833,80
hskwakr,41
sharvan9515,149
ben001109,26
dashort,402
Machimelofafa,135
evtaccount,45
alexanderop,21
MattHeard,785
Antaqor,290
plusbeauxjours,32
zakaria-ca,3
felipekgouvea,8
LEE-HYUNSANG,354
jrelgin,20
inspiritlabs,9
arran4,2046
sw1029,839
jonbell-lot23,58
imgntn,91
djmisieq,5
Honzitko,18
CryptoCOB,46
DeForestt,94
yokoyamatoyou,450
tvsinh,1
Jimi421,69
snipercup,217
fraven01,976
cgm7487,36
geraldboylan01,208
c-sakel,5
dpbhatt02,12
FeroxShark,80
mcjdh,76
Jtensetti,30
30leo03,27
hiraokadaisuke,285
adin786,1
nikmedoed,114
guixt,36
zero41120,66
suplim2021,134
marshmallowday,27
MeganHarrison,24
ttm,69
wietsche-behr,39
ravenoak,1431
Dylmoco,938
averinaleks,392
3xcuse,108
DO1FFE,695
rdwr-taly,257
SpartanM34,178
clcriswell,158
Enesss00,27
Jronin201,123
timcoe429,7
julianolr11,521
somethingelseentirely,262
aandresalvarez,251
brunenrique,622
KotaroTanabe,183
VitoPalumboPodcast,75
adriandarian,147
masatoi,20
RivedaInfoSoft,12
fgcasolutions,26
TerrifiedBug,24
kh-waldemar,16
ivantodorovich,3
narmeshnigam,50
careyjames,414
leebeyondgo,179
Dobstar2,75
kefrulz,11
zarfld,112
Pokehunter88,1
rot226,524
DDDines,515
nikhilsath,628
scarefire,2
7yadjiman7,226
tommcarrr,218
W1ndR1dr,86
schmug,158
andredarcie,28
BioTRaX,336
hurley87,115
Mv77,4
magejosh,66
AshKuhlmann,396
colkassad,2
ANTL33Y,30
ardaerturk,94
jgonzalezon,7
MonkaData,5
gl1scor,27
ottojung,109
Asadch1979,204
radkisson,41
avogabos,19
dnxcoder,23
Adriankf59,13
brantechs,5
West-Ben,25
yamanotatsu,11
srifai,1
koltregaskes,16
michaelzehetleitner,28
maruo555,15
DE81L,309
John15263,3
Toowiredd,12
AcashaOrg,41
zah,147
MurkySea,48
meinzeug,236
Samoylo57,11
hunbet,13
LarsFlieger,2
atariryuma,594
ccustodio99,538
charlesvestal,464
bestisblessed,8
Wataru-Toriumi,2
maxommsk,12
Lvlzer0o,75
mafiaf,108
watchara54000,1
iahin,2
migaweb,36
etiennerev1222,156
aifedespaix,989
kartbala,132
cyberxtr,1
geminius,1
mfqr1-ua,31
BalajiDegala,26
oesteban,37
mnsami,7
BrandonEssex,421
lochner-lw,1408
risky-biz,29
Tommy0Storm,31
iHoxwolf,1
joaaomaia,185
Trashytalk,1102
CreativeNewEra,300
Donj63000,405
TashaKaslana,15
tefj-fun,8
atarashiineko,24
lex-node,9
QiMata,193
kmaruoka,58
phang98,8
vagasilac,62
Baaggii,855
Corvette052,31
KihiuJohn,4
Pixel-Explorer,166
wesaraw,72
ismavarpi,138
MaxSchoon,7
Flash1Lucky,22
Mechanacor3,52
grand9sunil,1
vitekes,88
D1G1T4L3CH0,122
13kailouis,125
epl1000,121
eigendude,190
gedolesku,35
xuandiep0401,7
jas-m-evans,4
real-sensible,16
isacLima251,245
KleinerBaum,230
Exekutiveone,248
evenwebb,24
IsaacLien,10
elementary-particles-Man,306
kcm5221,161
AYUFA,9
wallyatkins,24
akhan04230225,38
linguosity,1
puncsky,14
egozkokus,10
basvanopheusden,575
muradzafar,15
denyskozak,311
MohsenBlur,237
DarrenHing77,27
AusBoone,472
fakesavian,29
Rolphs,244
conneroisu,22
EvgenyDyshlyuk,39
Rich43,219
datapolitical,148
therealcoolnerd,72
Berdegeus,25
DiegoAC,35
KKaracaoglu,1
voicur,12
s00r1,288
denizkavi,1
maron19985884,41
foreman3,166
adamswansen,10
XtraWyze,163
Ysh096,1
HDK1218,17
Unisergius,2
lesven,88
mauro1813,7
hubigaga,13
Lologlek,35
soaringswine,22
davicoo,146
kf6ufo,143
0xCarti,49
Sean-Khorasani,17
medsysbot,1005
eliaskarre,2
gabbygabsan,1
sniner,3
pensta-security,131
kingpinzs,191
cicero78M,503
FermiHart,2
IsaacAVazquez,17
MihaiCristianCondrea,592
NeriyaJacoob,6
HerniRG,2
abujeda,85
GoodHurtLifting,122
AlexStansfield,8
ybrs,215
PanagiotisVasilakis,257
Henry-Church,56
vanntoru,369
Benbentwo,11
xploit007,37
mapineda48,4
sfmskywalker,17
ciscoch,48
alexthuth,11
EthanReid,16
pasharayan,3
armanas,7
bigiayomide,86
samirelhassani1998,7
PersonalProjectsDsully,38
aiyogamasters,9
yowmamasita,2
manuegp,36
caseybryan,8
tariqdude,160
LeHuyTuong,17
Masterprocess,45
Vartabg,23
latheeshvm,2
Ajstyles26,19
Eniiyanu,4
asterisktommy,21
RASPIAUDIOadmin,13
faddat,26
dattmumas,99
carlosjperez,22
Shen-Ming-Hong,7
mitsuya0077,31
DhruvDh,41
felipeversiane,26
shefben,475
Sony17,23
zartuhanu,23
Yuan2025801,16
BengiNouri,9
TomasTM302,9
Braindeiko01,362
AedynSimon,4
Akopanakis,45
mitchelltoney,6
benasselmeier,7
RodrigoGMGit,12
LiamViader,51
Benoitbolivard,30
AptOntology,2
yhc-666,4
CappyTech,82
SerjTargarien,52
JeanMeijer,29
jaylann,43
Jgeissler14,32
gramjos,75
kopertop,15
vprndsg,112
Lamiiine,1
AntonKluge,1
carrot00v,3
aishwaryacreativefilms,7
NemuKei,36
WillianAgostini,7
OhSeungWan,12
michligtenberg2,56
Sharon-Rousseau,25
2verych,33
Kode-design,6
SaladBoss,1
1RWT16KU1D,7
kdosiodjinud,3
pauljbernard,22
DopeZzz,71
MrMoneyDeveloper,64
QianYi-Kian,1
narner,4
NLaws,6
billtega66,14
madara88645,11
InSeok9068,24
mdriscoll93,6
helva-agent,6
obi-two,4
AlieN-Lekker,8
danielshort3,170
skhomuti,11
rogeriorrodrigues,8
JonTolden,26
geektechniquestudios,35
mahmoudm,4
Stephenchetty,6
cjswoto,54
Bahbus,234
R3dByrd,10
florian-lup,2
Hoope1,40
verstappenxhamilton,19
flyblackbox,37
isaacessuman,10
AlanCoding,32
jentfoo,47
Zeus-Eternal,370
mahomus1,96
frongk,5
jalsarraf0,89
DanielMunozT,27
sdalmacy,18
Tyvonneboykin,10
yetanotherchris,136
mitchins,53
freedy79,425
FusherTm,42
InakiMerino0,10
patelp320,51
raunov,3
Fawwazaiman7,9
HyprPixl,40
ryandeschamps,1
bigint,4
Fmanuel809,5
Yxuan18,1
xziy,18
KaushikML,7
whoamaiii,52
Siryoos,120
srikarch123,2
fredericks1982,4
AUo959,25
england61300,8
YashubuStudio,49
hsnsmii,45
gangadharr123,34
Pecako2001,201
matthijshart,38
polysign,19
pleask,16
faustinowatschinger,11
DSARfirths,5
BSkrabka,1
h-amemi,10
m0st4f4-hub,488
Dhesmok,8
hunterxgold62,1
EDAriR,6
Ihorog,61
SojiJoro,39
davarravad,28
DXKindustries,287
JWLBOYCE,175
Cyril-36,8
csisgpt,57
MaximeRivest,7
Saeedp7,27
DaneliyaPavel,85
gerohuels,59
flatpickles,92
anoncano,45
KevinKrummsdorf,91
danielcasanova12,9
Pietro-Ricciardi,107
lautr,1
kevinduigou,33
muntianus,149
awoodland202-ux,25
davisanderson11,9
Retticc,4
n47h4ni3l,131
jlguenego,145
mquhuy,5
Zaaees,41
vetalrady,17
schartrand77,259
PJubitz96,91
nemonet1337,115
Levi-5k,1
clcummin,63
samakins672,11
cd1zz,90
harnyk,11
ultmaster,32
yashas-13,133
AHartNtkn,63
STPCCI,17
georgi,230
Jesusvigabriel,95
FreesoSaiFared,8
GodfreyDev,39
SGRishi,37
elkisdm,10
nile4000,13
Eskabore,60
intelliot,50
bseverns,98
takurot,4
minega,62
jvitormr,233
seiyanaru,4
Barathos,8
thecodingcult,26
borsic77,23
Skylerclagg,6
mobilevoid,28
alphalzZ,11
CB-Info,31
HnossPRismAnTHarION,1
dallinlarsen,9
radiatedsaturn7,41
mesolimbo,8
pod32g,66
Leonod33,19
markmangroup,159
RyehJael,13
resper1965,55
domsteil,41
tuhuynh27,41
danbgray,54
tkubica12,1
JoshuaOliphant,49
rhamenator,205
treska23,118
DavidOeztuerk,7
danielryz,152
devpramoth,18
ARVI17,124
habrade,15
tchawla827,383
anthonyloor,41
RudenkoDS,1
tsaiyan,4
botanic64,1
kengyulin,1
architkumar-eyewa,45
ucleus,16
jtn0123,88
metzgr,8
djwhitt,22
kuma6082,19
Ericthegoatskr,3
nedimperva,9
matheusturturro,46
dhar174,73
aasmith1788,46
Tehnologistika,37
iggytomcarr,1
WarnerU22,20
enact-on,9
jmg2027,11
gravitylens,16
woals0304,5
TymekTM,17
vraminthegreen,95
Hernandez25692,1
Jbijjer,12
AW-AlanWu,7
nprmedia,74
EdanDa,5
MaximeTTS,4
NicolasLlanos8799,42
kylianb24,6
Jandro-Ponce,109
atcasanova,352
Alexander-Kottner,17
ResonantSpiral,17
andre-the-giant,3
massuus,7
ibulla,9
Dclark2434,19
AleksanderPawlowski,1
BTConomista,9
jefteete,24
GyeonghunKim,14
Danwoltrs,42
bruno-peres-dev,35
BigBoost-Dev,19
nitaph,8
Pvitaly91,37
dsantos747,1
masa0702,3
OrangeSpider,39
BenAviv97,17
XxPardalisxX,1
vickariofillis,51
bdouglas5,10
marcosvilhena87,139
BrokenPorkMachine,20
creditimpact,213
jiaming-ai,10
tradebotnan,60
SebastianBoehler,29
boog9,120
Nederfors,105
tomatyss,119
amrinder2002,31
WildfireRanch,75
usukekit,5
phi-a,47
0mavos0,20
EX-CONCORDE,2
marcusreimold,44
villalaperla,45
sipuncher,3
Victorisai,9
huyraestevao,149
DragonBaiMo,45
denparra,46
dallen2021,22
hicham-saddek,12
Enriquefft,10
tifeoshodi,139
Itrekr,8
arjungowdal4601,36
jjongppu,46
temple-slope,4
Alengeorge-01,20
teja230,10
learneradarsh,19
the-greatest-veigar-ever,6
mdwish,25
CallMarcus,125
ajmoradiya6,3
McTheodoren,1
bmarcuche,13
diamondcougar10,91
MoysesPimenta,145
starman011,125
arimwilson,13
adrianoavlis,1
TraeDungy,194
Katsu0528,40
chraltro,5
d0pe1,87
tamimiEmran,12
Patto63,16
rbackman,41
killian31,1
Hub3rt0,6
pm0760,1
rgruiz,14
0nalist,9
abkarada,4
donbuga,14
marcobjensenfellow,30
FelipeCherry3,1
dgcastillof,104
kazimrahman,1
drakestafford,19
JoePShoulak,93
OhadRubin,28
marianoparadallm,115
alperbektas11,5
guilhermelimadevweb3,3
rabu20367,63
bilalsengul,4
bwarren89,4
tsanford01,18
lukebarhoumeh,108
leonasa,22
AMRICHASFUCK,1
neilchentw7,8
teddygraham,6
lucasbaze,4
GaboEI,11
LloydVickeryASI,5
minhnt3,18
Steamahead,30
knasonov,101
andrew-pa,28
cwolfbr,186
PaxOrigin,2
mohamedaaa010,36
chinghuei,24
mtorresn8n,6
xbvkano,127
ADefWebserver,8
rewbs,10
kingTEChoo,1
tykim9999,2
RuniThomsen,28
socyeu22,53
drewmar87,8
codyjlandstrom,5
Khayrulbuet13,6
Shashakar,12
Naihtton,9
Spidy01,7
pspedro19,132
Wondermongering,99
UnoVex11223,9
rwill128,72
MrArepMich,13
janharkonen,6
saidone75,101
ZDPLI,6
hyggeetbr,13
Duongphn,75
tdmitev,6
Juanherrera-123,126
djmarkoz,8
ndaly111,7
alibekirozer,68
MarkiZdeGenerAt,74
jacklatrobe,5
princesaoud,3
dan3805,18
fenderrex,6
jskroby,9
psalms8a,12
javaijafoi,43
MichaelOdonnell9804,13
ElkanaBaris,16
nighthawk-30,4
snakypex,6
Ktnath,37
fikri0088,1
sumitbindra,1
JoaoCBNunes,6
ChrisTansey007,70
nathanclevenger,68
FerdinandHegelstad,2
samithaj,6
FridayHan,13
jamesgpearce,13
lucassocap,5
reinier,14
namitn04,2
Felipe-Cavalca,10
Midozzzzzzz,2
efeyazgi,1
evildivine,19
arthexis,257
R1ULTRAMAX,4
RhysonYang-2030,9
Nurymadil,11
M1aso,33
PCVirus,49
kivS,10
Zwiebelmettwurst,39
iKuro3,22
MikolajStruzik,1
ezeh2,8
sterashima78,128
omarfawzi,13
elmtalab,14
jacoblimjy,16
ninedraft,8
grifmang,20
p4b1o,10
AmirAli-Kalbasi,26
seguidodoblado,1
Emilianocecchi,61
sergiovigo,4
woodentouch,41
color3502,74
pu2clr,3
jon-myers,130
bgo-mat,28
Shubhamshinde5080,8
ralmeida,6
Ninotna,3
xHitmanQ8,1
Apail59820,39
kaustubhdhole,34
Laginatory,3
NotRatz,21
quothbonney,17
vinibf200888,51
Oscarim1,49
Dissimilis,11
ChanTheMan96,10
rcdoc-itdirector,11
shatokh,12
dodosae04,2
Liquiduck,3
eyildirim82,7
Rodolfoohl,41
anderote,1
jalinei,51
thejesusyung,17
parodave,336
kszabelski,2
archishsoni,3
darkdhamon,21
HelloJimmy88,5
tomitomate,2
chrisremboldt,26
maggielerman,68
CloneDeath,15
pnwilly,4
a23kumar,2
devnullvoid,5
maxwhitewolf,13
Smart-cam-GmbH,29
RCArenas2021,19
rtyx,8
simonsays-techtalk,3
kmedved,50
renebrandenburg,3
tatoand97,5
khalidlamfao,10
siddhart1o1,2
ItsRadIGuess,10
Adil-DENDE,3
Simonecimolato,6
zarzuri,1
AlexLopezGomez,5
raquelmeira205,1
4zish,12
ErikSaunier,2
hihancioglu,124
shafquat-quadar,77
aviladevs,1
ZAFZAFIZakariae,18
DGpots,21
DhvanilPatel,3
UltravioletaDAO,1
bepaw,4
tyler-keller,7
thosoo,94
harbz07,3
njdsafinbsdaihfbnadspnfapindsfn,1
werddomain,67
voytecTLN,14
iLibrium,8
dante-ticona,11
WalidElKassem,33
NLstn,15
katspaugh,55
momomelis,3
javier150381,14
Hereaj,10
HassanChowdhry,4
thaodangspace,36
obelaiquality,25
MatheusBajo,12
barc593,1
rbrodrigues1980,33
jmollan,1
FellipeMira,33
emanuelheredia1234,2
amacdonald-cgs,6
hblms,1
ioannismarkatatos,1
dhurleystratton,43
kpoxo6op,9
richardlaugesen,6
nicolai-m,3
caneersahin,31
terzikk,25
Shombith03,11
willynikes2,3
jjwithanr,4
MatiDes12,5
enesscigdem,19
TobiasMaterzok,21
AruBahama,65
DeZire9,25
amallek,8
DuelistRag3,2
ajanes,56
houelPhilippe,1
harryqlo,43
hashimwarren,8
vaa-barbara-aghanenu,3
hzarkov,1
sniperX95,8
icbannerman,2
DRFRrobin,70
Mkdir-arg,8
wdvr,39
jfnix,3
staccDOTsol,17
CakeRepository,12
OctaveOliviers,1
HughPH,11
1droxion,8
geeklicantropo,3
brodie1600,8
hybrid5,8
kylehagin,18
alex-monroe,55
depatchedmode,5
clintondrm,59
RenatoAD88,47
aix-17,5
mirosenski,80
Meeklekinz,5
max-cohen54,2
profplum700,12
koshtiakanksha,1
hiepta,8
faustostangler,120
DomDom3333,120
starlightmusic,8
Hevertomfischer,7
Rilith,7
avdlr,12
KnotEnvy,43
robchiksg06,1
WigglyJoe,1
knottsam,3
Detroyer2222,1
devopsiaco,56
joneldiablo,22
gabrielfranciscoherrera,6
torrencehatch,32
davidho27941,21
MohammadDordeh,1
xMIKEEx,1
PatoFuentes,13
dennisreus91,6
alexdong,19
PatRakowicz,1
hamed-ta,1
raibari28,22
FelixFuhs,53
robert-saramet,1
andropar,4
PurabRay,1
Akamad007,6
austinv11,1
acredsfan,35
timothymarois,5
GoncaloVCorreia,1
ryanmwe,1
caayala,2
Spider-Jin,1
WestonGFX,3
BisonByte,57
YusufTuran34,35
iN0mad89,16
SBF-baptista,4
sethu-admin,7
erezphilosof,2
MuminjonGuru,1
jcrump97,5
mikecb10,1
johnpaulett,13
VedantRGosavi,2
corrin,5
agoel25,1
sebasgm80,10
bobibobi02,1
Quillianne,21
rage93,11
hafnium49,31
mertside,33
Mirxa27,39
CrzyHAX91,85
grpavlo,20
tadasazallka,1
Dene33,50
basstian-ai,36
syed0711,23
vsdworkk,54
Mart121314,2
nikhil21268,16
mehmetbaykar,3
yhsung,19
flightsforsure,2
nadav-vee,1
diegolsarmond,30
ashutiw2k,3
Jaybirddddd,35
voku,81
juanmalinares,6
hcsolakoglu,14
Borghii,1
prashantmi,4
fordanic,11
atomantic,35
ccerquei2,21
arkossystemsllc,6
kengaul,16
Lovre-P,9
comverser,15
Raldaron,66
priyanshum17,3
thenotrealuser,4
KarenK1995,29
madmag77,35
sebasu66,14
CT-Actual,19
ladams9999,10
temirov,26
logbarron,2
The-Obstacle-Is-The-Way,5
ferbas76,15
Towaiji,51
Marrbless,141
pavanvamsi3,7
sameagol,9
Schwarzusa,31
kevinprueba2000,54
lrcherubini,15
tangentlin,73
goksche,16
PedramNavid,9
kwen1510,12
CNFishead,27
vrtnis,17
geravillarreal,87
duartefilipe,10
jordanbobadilla,29
MoonFlowww,31
Leechak,11
MindofFLX,1
HilkopterBob,32
ShadowGlass0,52
5random,38
gdewalters,39
alsaadxx12,1
edithatogo,27
lucas1126765,2
gucio3000,3
SrGalletaEXT,8
Zicklaa,1
KoriKosmos,29
SquareShox,2
JMBartelt,6
Juan4368,11
Hmimesh,38
giothun,3
D0ug1a5,7
VasiliyNovikov,7
Nok-CV,3
dineshsai07,3
ebi1317,1
AspireVenom,10
nxtreaming,9
Jedsadha1777,1
M0nkeyFl0wer,3
rishuKumar4you,1
Jmacklin308,1
HoruScodes,1
pvgomes,1
abelSotillos,30
whermany,2
Prasshanna-S,1
KevinmKrieg,5
CodeBreaker02,8
we-hack-back,17
OliverTaki,7
ClarkOhlenbusch,25
gluonfield,18
mikhailhrytsavets,58
shm11C3,6
Mariotutal,6
angru,11
Wingman2025,93
batoo-han,14
tetetratra,3
DonkeyJJLove,1
Nicokevo,1
luca0898,1
giovannicocco,3
TechWhyz,1
haomin1996,9
felipeotarola,4
alexykn,26
FrankGoortani,31
meichtrythomas,1
yeager620,28
saulrichardson,41
hackenbe,2
JUSTPERFECT,1
Kendubu1,10
dwbacon,89
gregorycarnegie,6
Roslund,1
johnmilanoski,30
yoyoy0,5
kampungtoh,2
sidonpun,28
yangjl,5
hamzaRio,11
lordmauve,22
mxholdingscode,4
tihhgoncalves,4
VanDarkBoy,2
HydraulicSaint,10
enriquebossi,57
dsmolchanov,1
GenesisAeon,53
madebygarzon,27
ahutanu,2
JosephSalazar98,5
fk1018,23
Gi0mputer,2
JohnCelery,126
DivineOmega,14
tokenbender,9
cpsource,33
KnowIdeas,4
MyronKoch-dev,16
VentumVSYSTEM,23
UOShadowAge,7
myunghyunj,34
maxkent7,3
DrJayesh,9
PortalPuncher,6
N1X01,3
koenweverink,23
jcaldwell1066,14
BGHOUSING69,1
EvoScipt,42
Eadlyn1231,1
coverinis,4
bourbon-beast,8
chainnew,1
CptMgm,10
Streep69,31
emaklr,22
sinjie2008,9
ilarsf,18
Johnaleahy,8
Jacobrc01,4
beriniwlew,108
nhatsinh97,60
jdriscoll98,8
Fergulati,15
hidekazu-wada,5
paulbrav,35
rpmiller4,24
Moskovskiy,18
rottino15,3
protopapi,3
MarcosBrendonDePaula,17
FatihOzturk92,46
Psacevedo,8
lukeyu1025,28
AntonioCReyes,26
PatrickRuddiman,12
c-rom,5
Siddharth-d0206,8
ivansoza,28
aaronlmathis,1
DanielSinclair,53
batuhanozgun,7
maiconfontana,1
obinexus,62
hellerve,5
dudifidof,12
climberchuck,1
seominjoon,28
paraita,1
Dragoarms,7
yoji0806,5
onorua,17
joelunge,29
Yasu31,2
RoskiDeluge,9
rodrigogiorge,1
henrykmichalewski,18
jiangege,2
gevahaviv1,31
LegitCodeRed,34
gaborini,1
VSurfCode,11
AGUENAOU-AYOUB,29
AMAShyp,3
zefirior,9
TimeIsMoney01,34
hosseinv93,5
AchiFerns,1
yaroslav-smnv,1
reki204,4
MPoloszczak,20
princeprasad90,12
jacobabiola,3
ddow,37
trKorAys,30
renatomnatali,3
pdj555,16
JeanSB1996,5
EspritVorace,7
arimakey,11
davidrkearney,7
IgorJanuario,1
myfear,14
lukamacura,7
Hisabori,7
ctevags,16
VictorRabelo,18
ARCKANGEBLANCKO,1
amin-ta,11
reachnaveen,1
lion5520,9
mehranfaiz266,24
aryan-parekh49,2
alanrrz,7
romano-w,8
Ismailmehri,17
sabdulmajid,15
CalmdownChen,4
Bingonemo123,4
alexandermander,6
sergey-shandar,22
Him188,6
gursimarsingh,1
ballista01,1
TheAlmightyHelix,5
jdnick27,94
JhonCalle,12
patrob,24
trieuvi5522,2
IbtiqarAITech,1
RajChalla,1
Runteryaa,4
dvelozad,1
Lestlandia,2
bhayden861,1
CharlieCoughlin1,72
tdespenza,59
LaurenceC3HF,14
1000grams,81
AFSAecom,30
kjd404,5
jmvegama,3
MasAim24,1
ZBHorizon,9
devillers,20
vjdias,3
Julie-Steele,1
wildcard,6
petronijevicm,4
dogtuna,27
Daghis,26
joshuabenavente,8
sslava,5
Codys12,47
HMCJPG,6
owengregson,2
netchose,2
Bademeischta,80
kurokawatakeru,10
beopop,60
vittorio88,5
cesarmrc,1
umair-latif,16
zhangtengshuo,7
TheCheetah59,2
Crisalyde123,19
vladimirpravdenko,19
RecallIO,8
Nemog17,87
daytimegufo,1
mchen798,3
otebay,7
erzisolutions,6
farmerboyphilip,1
svy04,5
Chinel0,1
gaooh,8
Croissanthology,15
matevz-ap,11
maximpayne,11
MarshallSee,9
TrippyHouseProductions,59
DorNatan,16
alirezamika,4
jeyiop,2
AlighieriDxGG,2
JeremiasMeza,65
cogwheel-lab,1
toom-dev,4
Olafi-MooN,1
DaniloRamalhoSilva,22
Frainlar,17
startmeupnz,2
EPMAKOBB,25
DCunnama,30
francoe1,2
SepyMovasat,5
dwam-tech,7
Arman717,2
skid-dev,9
stantretyakov,12
rjuma305,20
mataluis2k,7
tristangenet,22
hyslchs,6
djlacavera21,12
w0xter,8
joefutrelle,4
Rafium-MS,1
jasonsoroko,7
MovieJo,4
vzhe-blackthorn,6
tvavrda,3
EduWck,12
v-isakoff,17
marcelerz,9
Rcycling,27
fenil-kumbhani-wc,2
mcastillin,3
vlad-watcher,11
olsgo,12
peterwolf-pl,21
binghan1227,3
petergiordano,1
noahho,21
CihadCengiz,27
YissacharB,1
t0gun,12
HperazaTEC,43
tivikoff,3
koculu,42
seifmoustafa,6
antonrybalko,6
KominoStyle,26
christianLB,124
thedannyliu,23
Eddie115-x,1
oleg121203,48
Weiyu1105,7
SuperUncleCat,11
chrscato,35
mhaw,5
RaghavB1404,2
nspeer12,14
jaruesink,2
osalabs,18
eunwol1991,4
Davidkm03,6
maeda-niku18,2
AcquahIO,19
jasonlmagnus,31
designfailure,1
BRAUTECH,2
GolferGeek,1
orange-you-glad,29
FFroehlich,16
nordskill,3
fabioc-aloha,5
humayuns,2
paulleebm,2
Kulimar,28
tannershotme,7
smdubarry,60
ssnl,1
dannysmith,3
bourumir-wyngs,157
wiseman,4
gilkeyio,13
zhuochun,63
NotINeverMe,44
jventural,2
xntinl,1
misdirection,1
PRQuevedo,1
RohanMukka,7
JensKeutgen,4
edgarMay,1
uwe-schwarz,14
chiappe666,1
cicm4,14
lumensparkxy,5
TORIFUKUKaiou,26
RenanOF3r,16
Kaisinelx,1
IMCollective,16
moh92ahm,15
inasfarras,10
benleder,19
jrplay2,1
4ier,8
ConleyPotter,3
sandwichcookice,14
chancellor1101,2
xopipop,4
kantapapan,3
anayonkars,5
kronikpillow,21
engffsantos,1
qpig0218,20
Freddy-Cach,57
Beyondo,5
tzskp1,2
nakashima723,16
merabaap2,3
XiaowangjiAaa,4
rhamsagar-sf,10
wsgutnik,9
sihamsi,1
9m-pwn,9
ViranjPatel,24
martefranco,13
lbosnjak0,22
Beater97,4
jaspreetishar,2
zack-dev-cm,133
sibaberpollo,26
RodrigoSaka,12
Veadro,30
bockengineering,9
Nilusink,2
DavidMedina16,6
NikXO6,2
loneicewolf,29
alex1712,7
HELIK0PTER,7
ashraf-a-khan,11
adm15123,14
emranbm,2
HaithamElBahrawy,26
Blutusz,49
cawells6,27
SGTMcPass,10
ndp32,5
vetpraveen,1
synnbad,14
mk74936,6
CarlosJefferson,7
cihatpala,50
rotem-ziv21,6
hori-jonathan,89
secret-deus,7
maciekb2,105
yomoe,11
devang1304,5
hndoss,8
Viilang,3
opapantsu,1
andrewblevins,15
alecj1240,6
felipeleobraga,9
brady06,12
BTCBap,1
Charlie-Pearson,12
MicCode,8
ArseniyKolenchenko,29
fernandito0901,30
rubentrancoso,5
asabeko,13
jadeedkamal,1
BladerunnerxRC,16
r-sandeep,21
Ash2022,1
kenhaios,16
Taeyeon-Choe,14
syuya2036,3
Redmern,1
unstable-dio,7
ei-grad,3
andeplane,8
Cor9Kase,87
NGumby,1
craigcode,1
rfuertes12,23
Jigglypuf430,10
FlorianBEME,1
ShajidShahriar,12
LeoPython2006,7
bloopereels,1
carmelo0511,56
rememberwhoyouart,1
dejanzivanov,12
mat18mat,12
SrPringao,3
Arctvrvs,30
weekanda7,12
AxMari,4
AphidWang,9
colerehbein,7
Sanoris,25
thim81,5
pace33,1
Arpanexe,2
OOAAHH,2
yokoshin,3
bu2,22
jtviolet,33
kurdin,15
petmorr,8
k0x3v,2
castrometro,69
eplatonoff,25
BharathSingara,19
shyamvsingh,23
rahimzio,1
Johanbos,3
erichuang1425,36
Sepfeifer,12
RedHotBallBag,20
TihanMo,11
ramorimdias,17
danperet85,2
isanogo97,22
editorTK,76
mlavanga,1
riobinho,1
mikedattilo,1
WilleLX1,32
tabbink2025,13
leogaletti,1
ryanr01,12
steven-tomlinson,2
Gelatino,4
JoshuaWink,9
4Gettt25,4
JoachimHolseter,13
betim009,20
nickklos10,1
esiedell,1
housleyn,13
FragiskosPri,1
kobssercp10,8
and703,2
ckwden,5
ATMJin,1
JMMStudio,2
giorgior96,7
manimirjavadi,1
Tlepkali,5
laserpointlabs,11
MirrgieRiana,6
Dastfox,28
M6LI,16
shaanfye,10
williambelz,58
RichardViskovic,17
zachbush96,19
edrossi93,4
caiosaldanha,2
jordanlander,31
brianwx5,6
Leanardoe,2
HKAN4923,1
avinash-platformatory,5
YazarKemal,25
Law4Hire,39
sekuryti,4
tktcorporation,62
bigbubs0,1
danielbushman,3
HdragonD,5
victordov,8
biggora,11
Fatihh1993,29
g1ddy,6
danfhernandez,3
rybla,8
jnsga,15
TemoDiagnostik,2
paul-fresquet,28
moritz-herzog,1
SebastienEr,1
rafajuliao,4
woojh3690,8
Herkdess,13
BladimirFreelance,34
GodModems,1
solosage1,10
KYO678,9
conductcellox3,15
hi-ropon,27
lyyQwQ,10
jidon333,11
R1098-55,1
engNader1,3
jamesramya,4
devils-shadow,20
jmmaloney4,18
lescurej,60
jackgreenberg04,12
suratchaiyarach,1
MathomJohnson,13
SparkssL,1
FlareZ123,12
OrMullerHahitti,6
btonevibes,14
icarodavi,2
pawel-dubiel,14
kaiser-ok,1
Wasala,25
DDavidL,4
Young-TW,4
JonCGroberg,5
mhmmdbdrhmd,25
JojiJoseph,4
rtsoliday,53
ninevoltz,28
Ahnd6474,26
missle59,1
officialillmatic,20
jlturner5597,34
muhammetkrbsoglu,28
Sparinho86,9
Cristivnsvnchez,38
bukitbesi,34
helme,4
georgemendesr,23
metalstorm22,1
arigandores,5
lejuliennn,9
gagegreg,8
ve6btc,21
Filip14564654,6
Pradyum-Git,5
ovidiu07,25
VinotintoAgencia,2
YuichiroKawabata-fg,15
hendri2212,5
leonardovilela100,6
12cymatics,10
Abdoomar2002,3
jwiltshiregordon,14
kuronosec,3
BrandeisPatrick,52
wraafum,19
thomaswrenn,3
lxcste1,1
lobochrome,2
nyatla-ai,21
valetzx,6
jeroen-ispark,1
rmuenste,17
kyrofx,3
clarencejohnson126,4
KennethCardenas,15
kch3coo,6
krt453,20
mayurkhullar,1
viniciusrad,21
pizu,5
lmanubens,6
dleshem,3
dantheman0207,4
fedorn,1
Georooo,2
dnlmrr,5
kryuchenko,1
tarurar,5
imran009hussain,2
bferg314,5
vinthagunasekhar,1
taylank,1
CSR2HUB,4
SyncMaster7,2
andreasnyberg82,3
majdhasnaoui,1
MykhailoDmytriakha,3
MASSIVEMAGNETICS,13
bautimacedo,13
jbabcanec,7
march33s3,3
Vanszs,12
Hexaservice,85
NickHeiner,15
DanielMoraisCruz,116
nlauchande,5
dudarev,6
kawishvmi,7
bencebkr,73
Constantine-SRV,5
TheEveEye,8
JSCEG,9
EdinhoAndra,41
wilfranr,19
BrunoFiorin,11
DvisionX,2
Amr-Shwieky2,52
Sergiom84,20
Godeaux,9
Smyan-Thota,4
sriharidevalla,1
exos,8
isEmmanuelOlowe,9
Ostailor,25
benpido,23
Dolevish,1
RobertoMCov,4
Ocean69741,2
xeronine939,8
owis-alhammoud,23
owellandry,22
yu314-coder,85
hetdagli234,1
itstimwhite,67
fadur,1
Veronika2578,2
ltwlf,13
erjiang,16
LetaTreiden,1
ValentinMassa,1
Bimall23,1
alexhigher,6
YellowjacketXVI,29
jmahmood,38
ben-dydx-ops,6
structurep,18
misumi-hieu-hominh-01,67
sarunas-llm,8
tracking202,23
jessewashburn,2
Alexfilus,4
andreamarciell,5
ComputerLars,4
HearthisAt,6
4minus1d,7
gtn-74,2
samuelgzlz,1
alexrozman,11
vlasep,5
pangjiea,2
waxsd100,1
eph,10
q8hk,9
mtnlark,1
luisecab,3
SuperrNaruto,4
NiuanLucas,6
Raezil,45
sammywachtel,19
lburpy,2
Philippxmeyer,15
jackzhaojin,41
sultaniman,22
noahlabear,2
cockles98,4
EnzoCohen,1
tehutahu,4
dewmal,2
JDW-Works,23
brianhuynh2021,1
maalesh777,5
Bet34,1
COVDB,8
shobhit35ch,1
Jamshidimo,13
sentoku870,8
davo75,14
darren1472,3
TT-TimothyT,8
stix26,87
regisandre,3
Xel-Naha,6
lnk-zone,43
Honojerame,3
BaoFelix,14
AndresCruz1980,8
DmitryPakhomov,3
sebasx-dev,28
makingtheimpact,48
reifab,4
SmuklyLew,1
hoyeol-ui,2
a-pavithraa,3
My42,4
foo614,8
nooventus,1
KyriakosOuz,4
Y-PLONI,32
JoshuaMootoo,1
E360-dev,4
guiatihe333,17
Waldopf,2
FifiLen,13
MichelFR,10
Dave490,8
Cephas1818,4
VladMerk,6
Mfficiency,19
anupam1209,1
omon316,6
jeruah,30
ItsRezaOk,21
jj8127,9
aldoleiva1,1
DavideChiab,3
Fiambre,3
Marcux777,25
palak11321,1
0xthrpw,4
hipotures,5
azfarazam122,7
gowthamrao,6
MikkoSisua,1
jhastrovio,26
itslucasm8,24
johnsiwicki,17
shanephall,26
JuanLara18,9
mshegolev,1
belliAndrea,2
tmancinelli,27
NightWing617,28
Metal-Gear-Solid,6
ArtisanClarinets,30
juanboscop,2
omarherrera,31
rob-seiler,1
KMKoushik,6
GigaZelensky,38
stokes91,1
marcelopio10,17
alphaomegaphi,8
DiegoEBV,19
EnviousDetailingMarketing,1
Fabricio333,37
npxcomplete,7
Manas-Kandi,11
hugof38,14
cicciopasticcioreal,9
Jeztorres,21
YehudaMenahem,11
brandonmcmaster,52
ComputerConnection,40
yosfhaim0,7
jyup-escape,4
Antonio-Diaz,13
houssamchehadi,1
pmuruaga,5
kryptonion,8
monsieurpepik,2
olsonbd,4
PhiHungVo00,12
aidanshayy,5
soorajlegend,12
Pavanka1yan,25
petegregoryy,5
kolomiets2411,12
mmksimm,6
poetzlmax,1
CamilleQuesnel,1
MiraclePrayGod,1
amineziani9,22
zxsun2022,8
HershyRozenfeld,10
AnilPradhan92,3
soltanihara,9
martinjrobins,8
mohdali,2
ai-iaguzhinskii,5
hblake-xcantech,3
victorjatoba,1
dwchal,1
satishgonella2024,1
AlexDebug,1
NicholasGray,33
jcwrx,4
D2theR,1
sorrowslee,38
Cody-no,14
pcanthelou-pass,26
elliotttate,5
beimushan76,2
yuuki616,4
BEFICENT,11
bcardea,15
selcukorkmaz,31
finelagusaz,3
huhlim,9
ytlee0430,18
tsuryatej,6
aimxnaim,3
jinalshah,4
susatthi,6
evengordonlauve,56
honggyukim,4
rumoursbehindme,34
romil-bijarnia,8
lethanh912,9
takove,1
EvenSol,50
willtech3,41
makatalin,1
namjunsu,1
smartlife,50
tkprodev,2
putricio01,3
stauby22,12
I2KGhost,10
mathwidu,27
Pavlo3P,1
danielkiselev,6
matt-wortman,1
bradhawkins85,10
csun10,42
Jenadebashis,71
RoderickGrc,8
mayankpm,2
vdubya,10
tamayura8823spirit,3
BautistaMendibe,1
hombredepalabra,3
condaalpha,1
katassyn,20
capitalart,18
willchurcher,2
glowElephant,5
prassanna-ravishankar,7
TastyPumPum,34
ayushdeolasee,3
Verdangeta,6
camillesalvador,2
JoseEnriquw,3
ewallt,1
Mahmoudthoughts,46
gadname,1
jsjsjsjsjsjsjson,1
vaa-nick-swann,2
kl1986,31
ALDMC3215,32
OnderTzn,30
nekkiwi,3
Lorenzomccray,7
hashaambajwa,1
GurpreetRaju,4
SugarFreeDoNoSo,8
G9K-Sharrowkyn,11
GuigoAmadio,2
StanleyHogan24,2
Am015-dev,2
FaridZandi,19
DannyBaiz,2
CaosHorseman,5
Chainsaw93,4
Richb2021,3
Lionel-Natalio-Diaz,8
bjackson071967,1
skainet-dev,14
rustyorb,11
EmilianoGitHub,1
cliffren,2
yuhui15,12
JoelTodd,30
plero75,26
8thSea,7
pateldd1,1
Ehetz,8
dchf12,3
hhday2,5
majkcya,1
ToRaNSha,11
aleksandarss,6
tatsuro-Chiba,1
sebastian-toepfer,2
HenkPoley,99
mmontielpz,5
patdeg,52
justusmattern27,1
RDNordic,8
timbelmon,3
mkraekel,4
RedBeret,18
MenghoutChhon,13
bronze,4
Lyudmira,1
fredrikluo,8
trevorflahardy,15
FilipMasar,7
xBwomp,14
Bili-Sakura,10
Kiran-G1,8
Juganof,2
Chris-Afford,3
chukei2,8
selfish,12
Arjundevjha,7
IsogawaRyo,3
actuallyrizzn,8
BuildDatWarship,2
hartecho,11
srinivasaprithvi25,14
JChads4,31
albertoforcato,16
ValengoIsRoxas,1
armanmishra1000,6
Artyom099,8
AmmarAhmadww,3
MiguelSoberanoCarranza,4
serenitynow1234,2
arvynopl,41
Itaib24,12
leviathanbadger,146
joaocrleite,5
enriquears,1
PlexxT,1
Goldvarg,1
ChrisHursty,5
v14d4n,2
Shulike,1
JustVentus02,10
cacoethes,3
mildestinos,3
vahe-vhuk,1
mustafamammoth,4
Anonymous7624,8
Limpeh-sg,19
sambitmishra98,10
pavan7357,1
Darielquinta,17
yablokolabs,1
renatocardosoalves,2
kundro,1
zachary-mixson,5
DiegoDevEc,13
Oscarsp15,6
kerncore,12
Nexuses,9
mattyhtown,3
patrhick1,22
charlesliebenberg,2
halsayed,10
Cooval,12
gfhdhytghd,5
gopikrishnagajam,1
LNKB82REZ2GE4,3
samdsmx,2
fattahpour,15
djrobzilla,1
nragland37,6
xogk991210,4
inventinc,2
ftr-labs,14
hudra0,3
marcintubielewicz,1
yoanlypa,2
MarcusJMyrick,7
akshatphumbhra,4
abhayprasanna,1
FlyingPotato437,2
lgesuellip,12
ZihanWang314,5
Hamzaslipax,2
kleithegreat,24
kabright318,3
khengyun,19
lolrepeatlol,1
HamdanXP,8
Mohammad-Pishdar,15
h1n4mx0,7
geek111,16
iprog21,25
DeepNandre,11
skaas,20
astrodroids,11
jfernandogg,3
sebaminaya0,4
weterynarzfred,2
AlbertDM,2
wardozer,1
niyazialpay,1
Winkman4000,4
Bol-C14,6
uzleosharif,24
guglielmopiasenti,2
Bfisher911,3
wildjames,16
VelvetVortex880,2
apkrajar,1
Sarahknupp,46
marttrach,6
GM-Liquid,6
mohamad-aljeiawi,1
DenisKopylov,2
trabalho4ia,2
viniciusandradde,6
deufrai,5
pouyaupm,5
a96tudor,4
altair3542,2
petar-nikolic125,2
Woozyxx,6
ssilwal29,5
Orion-North,9
progovoy,10
dimaq12,28
RaghuramReddy9,5
vardenfe11,7
nosakhare,4
rosiearntsen,2
lietzsche,8
davidjpetersen,15
lucascardosobarbeiro,6
zmrishh,1
Bluehorn,1
michaelhallquist,25
coqzieiro,19
NicolasDesmedt,5
yasu7ri,4
lucianovix,2
NagyVikt,36
visanand,12
Aykimim,3
masuda2131216,2
CharlesDeWilde,4
akileshjayakumar,11
anonymous0905,25
aaasiroglu,1
Flagstaff-Builds,7
Spider201866,10
Deagtom,1
Lex1020,8
silvamt,3
ErickTiznado,2
AnthonySosaL,3
sitharaj88,2
mauriciochaiben,7
chiragb3101,7
prezdev88,3
emmaowobu,44
michaeldawley,1
sferik,44
danieloleary,13
Tarun-Sreepada,9
terrykimforbiz,1
Tony427,1
Sanaullahbugti,1
myoungjelee,4
RaphVCC,11
GoldDiamond198,4
LumenRoseofMyth,69
yourfavDev,9
Bjorker,12
Maximilianet,4
musicFlow9999,9
elliotsmithxo,6
idaltu-1,16
Kaikei-e,27
minhle27,2
BorisE,5
Ziinc,42
joseluis-dev,2
FarukTeker,2
KAmshu07,2
RodrigoAlmeidadeOliveira,1
carlosgomes85,1
frankmomo,3
catfisher1211,5
isaacbacker,2
sebastian-arocha,1
MirVollkommenEgal,1
aadi-python,6
newmattock,1
Babaeti777,18
jempo2002,8
narellazorzon,1
jerryharrison,1
spn873r9,2
wisdoman951,22
adityamangal410,39
luca-nigsch,7
tataihono,1
halfjuice,10
NSandore,19
snowsoft,13
GDome81,2
kosyachniy,1
technekey,1
pnoltes,1
StenLeinasaar,15
danielquintaos,8
Yc1007942,7
LePhanNham,8
dannyofangell,7
StivenRun,3
RaakuS,5
julianwinking,2
fgiusti90,1
yybacik,1
lucassolanoc,9
nhs70279,5
sid2364,20
soth02,24
kangping-git,12
CoreyGahafer,6
geekjapan,4
kkkawana,1
Zurybr,7
OlegQm,5
darioreisjr,10
Ghost-of-Maverick,6
Parsa-ahm,3
ombicen,3
Taku315o,1
Nils1131,14
sniderg,1
SigMoses,3
mosturgent,18
lionkeng,3
jcppman,1
AkuSax,1
StefanSpiess,13
hfyeomans,7
rogeltho,1
yawen-d,2
maorbarel,3
m0rgan,1
NickWeder99,8
ShaliniR8,1
DavidDechantsreiter,1
kazurego7,42
ibharathkumarp,1
ItsMeParkee,3
ndipatri,12
ruantiengo,2
Miko997,1
SamuOnDev,1
thecntgfy,8
ShinniUwU,4
starceees,2
hirossan4049,12
ykylee,19
EricaPomme,24
rhunt222,16
TiKVaWeb,18
avagreyyy4,4
jasondotsetHacked,26
sabuytube,10
KristiansGo,13
Valera-kvant,10
fponticelli,4
zulhilmizainal,13
akm19gu,2
mmc98gt,1
LeonKolyang,8
gm-cal,31
IchiroOkochi,5
khayll,1
ropl-btc,76
Yipyipyip,1
spectra-gallery,14
EdmilsonFernandes,6
shelbyreeves316,3
jasondoong,53
apex-marshallp,42
nihalgbailur,8
BillDuke13,4
lukaszchomatek,19
Amaan2660,1
mattsharpe,7
LEXIA-Saito,5
vahidparam,1
allanfs1,1
Mleivaz97,1
Lightkeks,6
DoryAbelman,4
Archangel-code,5
cristiananes,13
TruongHaiDang,6
PawelKozy,31
michyul,4
Satori-Bot,6
sfaizi24,10
newjourneydesigns,30
defmikekoh,2
elionthar,9
samartho4,7
williamGois,2
shriyamalik-mb,1
jimvb55,3
nazalkassm,19
mehebub648,7
libraz,5
ShTair,24
Sachin-Amingad,2
Randy3219,2
joeyscampbell,3
strvsn,6
Error0229,10
pxor,14
asteinberger,7
willbeeson1,5
zebreus,45
mileslilly2,3
Oreoezi,7
willcattoneeca,1
Fringo9,2
juliokof2104,7
shoonoise,29
arvingre,5
tsfarizi,8
TIFitis,17
ggpwnkthx,6
tylerpeairs,10
alwaysmaruthi,6
Icarolhl,1
chuckdustin12,3
erwan-legoff,8
slowas,1
luckyluke32,1
stbeckeryahoo,2
li77leman36,1
Asus4mmad,1
yabafre,4
Thechrisss,1
guicurcio,3
eyejake,40
alkarimlalani,3
chensiyue98,1
Maidenfan78,45
almeidasinop,1
C-MartinezWaterloo,8
MateusDG,1
alibek2001,11
carteratate,10
masonwong2355,5
calvinNdmb,3
kundul02,9
rulm0000,3
BozhilH,1
data-al,2
Taturevich,4
kayleschmoyer,3
negan947,1
hosseinshirali,3
imicodes,3
nagila-s,7
jeremythuff,8
oldstinus,3
Y-Robin,11
emirovetto,2
voltura,3
thibaudbrg,6
mullalymp,1
cheetoscore,5
Perlitten,1
jnjhi,8
alihmian,2
Markb1337,15
B1gergame,7
Giovanni155,1
Musafarz360,2
jeferls1982,1
laba1203,1
robertr901,1
igormsiqueira,6
Joeywoody124,1
nishitjainfynd,1
mvgijssel,10
Horsray,17
ben345667677,2
Krish-39,1
pratheerth,5
edieraristizabal,2
kevinlin,26
scheric1,6
tiuwill,3
TheQuib,8
sebastianekstrom,1
lev-n,5
xdfastasfast,2
candle-admin,1
rjmurillo,9
RALECA,2
SoGiovaaah,3
martintb,24
trsdn,18
senseibence,1
MatiasVacaPro,2
julius-psc,1
uriahf,6
token-cjg,2
GiladBronshtein,7
MateoOspina26,2
GuillemGuipo,3
xdanielsb,8
hankbesser,5
reza2450,1
robertoah13,11
Naicriz,1
therealjohndough,10
aeplager,49
sahir2k,3
fcxmarquez,6
redstonegamer22,1
LiL-Loco,2
LanZBoY,19
adambalm,17
l3ardia,14
Pavlostheone,2
ASPAR-SOLUTIONS,1
abhinavgulisetty,1
Skyrac,6
peyman7575,1
KINGjetkong,1
Alcatamy,1
xwkya,1
krolmic,3
peakyragnar,1
b0n60,2
Prevahh,16
mehmetk-dev,3
paclarap,5
mehmetozzen,1
longanisainhertaco,33
pickettd,28
wagnerjuniovs,1
AdriRodri13,3
steliosrammos,8
jalpseon,2
Digidai,14
semba-yui,9
NETANELLSHANLLER,1
sijie,3
sunilmpai,1
GerameT,2
klabianco,45
akonan,6
codo-coderson,4
SpaceMonk3,3
peterkelly70,1
homanp,32
henryaf0519,30
manojavula08,1
Steve-IX,1
umeshkedimi,2
demegire,5
Tyesprojects1,1
CristopheDeveloper,1
ipeirotis,2
PabloT18,4
sontran0410,3
YanivDan,3
KpihX,3
rahim8050,4
g2popo,1
TesterSim2,29
sparkseneca,3
leocwb13,22
chris-kremer,16
arunkumarnds,6
kjetilormestadeid,6
beck-ganjatechs,1
SiteGuyCo,12
bgyss,7
hanshoyos,7
bsamek,2
m-yosefpor,7
abugnais,4
rudygt,1
giolvani,6
webmasterfacinnova,5
omerosmanoglu,1
Mehjung,2
ruddiersky,7
ismailzabalawi,11
cakeben,12
eric802222,11
CVelar,9
RestingWiki,2
bhuvanakrishna,24
Kamblossi,2
oscurantismo,7
SeleemS,6
AntonPruss,1
LensmanWeaver,5
KingSeaslyy,6
cahaseler,3
tearaglass,4
jimjeffers,2
carlsverre,5
npylef,1
sadullahmbag,3
timbergeron,1
hariboten,17
fatmambot33,6
jhosh-lm10,17
fahadviel,3
jettro,1
lalocura1025,7
Baroka-wp,1
Ga4breu,5
jorgejezuh,2
jash777,1
thanosaw,8
averygoll,10
ZONMAX,4
supply1976,11
chieffy99,28
sosuke-k,3
pszanser,33
katuneko,49
eepMoody,4
FrankieNButtons,1
youxianyuan,1
mathis-intcla,20
schmijul,12
peterclutch,8
gaato,4
fderuiter,14
mar0der,1
Bryangmz7,11
brams172,1
sam0x17,4
garthoff,7
Moi-glitch,3
Fschezaro,8
rohan2017,2
TensorHusker,2
paulovandeveld,4
AbdulAzeem97,5
NumiViX,18
nirmathur,12
Gms006,46
Adrian20019895,1
dlasala2,9
jeffreywdonahue,1
arnoldrosenbloomutm,10
Yakir-Ben-Hillel,11
dkundel-openai,16
harakeishi,6
naik899,5
SajonaraDev,12
Jmiwa,1
Maktestpilot,2
gandalfrichman,2
sdl06,1
NaP-s,6
joelmbaker-dev,1
jonathanbbiles,15
resolve109,7
Juliomm8,4
dev-bikash-roy,9
SoulasAn,8
lunstudiohk,1
jjdog711,2
Hamzart,8
nolepongacebolla,5
sherazahmedvaival,1
arjun-sd,1
VCCCode,1
michele-r-b,12
Anwarshaikk,7
guicthome,10
hnissenbaum,12
abelberhanuu,9
Matesant,7
testdma35,8
tyosuitank,8
frankosee2024,2
yutennnnn,10
pykgg476,2
bradleygolden,1
alevalente,5
griffith1000,1
MPeterTop1gg,9
shreevatsa,3
XiangpengHao,5
KLGDevelopment,2
sr1994-ops,4
kurepa,2
JordanSerafini,33
Nath1978,29
odhomane,1
CoreyWinkelmann,3
akasarla,1
Aguiar-Gabriel,2
Haileyshealthyhangout,1
ankit080688,6
Alex43515,11
Vall360,7
deyvsonfl,9
stallardca,1
yingxingcheng,7
MrT2004,4
Trilec,10
quentinbonge95,2
Ashleyynym,3
TheCardios,1
TexasJuke,41
phatal808,2
aberemia24,24
MolikoDeveloper,7
Seven-D7,50
Shaswat-G,5
dwbDev,4
janrochat,3
malbertog,1
itssomething,2
Nitish-JS,17
karrmagadgeteer2,2
carldjapardi,3
orirot10,10
m1rageLA,8
pepsipotty,2
bobuel,4
s-b-repo,4
mohamedhaltout,1
ranyitz,16
javiersgjavi,2
CVanzetta,12
DRHL2019,1
abdullah-25,5
Danthemansquared,4
UZUB18,1
Will-Sanz,5
bullockjjb,3
IrogCae,2
NishiumiJunpei,2
Yabrich,4
charmicat,3
nisyuu,1
odoklein,1
Noa21000,1
rushab1196,2
nstone-lithos,3
blurphanatic,7
IotA-asce,2
mpeki,5
FrancescoI,3
Checcolino1312,6
TalhaAhmed2000,1
NBTON,13
Mnemosyn1154,1
Ian-Woo-elice,3
Rai220,7
DiegoDsDts,3
ArcticNoise,16
sc137,18
djgene01,4
Dubas14,4
alff0x1f,1
tautau,2
fox82i,13
0xtnpxsgt,2
NiekJJ,12
adellorto,6
pedroluizchagas,5
leandroblox,8
pedro-vasconcelos-dev,8
drguilipech,1
benixmaxedis,2
leoromerophd,1
ldy5413,3
vctrfrnndz,1
galo2099,3
NataliaBannikova,13
lzell,3
freddiefujiwara,3
yelshora1,4
Liberty-Chris,13
Ridvan-bot,5
sahanes,4
rowens794,6
Mad-Creative-Lab,2
simao2018,7
ssutura,1
Setrus2209,1
JTCozart,3
marlo1337,13
flxarias,10
Muzoka,16
patricktobias86,14
goodtune,9
jihadelsayed,23
Nagadeepak1998,2
braminator,1
ikoshos-gland,1
kaushalbhavsar,11
ZayacShow,1
samedhi,4
Phronesis255,2
alona-shevliakova,5
Zjoanert,23
evan722,8
rzdgodoy,4
coder13,5
takurooo,7
github-actions[bot],42
ANURAG040599,1
43jjoam,2
drewsonne,11
khmarochos,1
vijaianandk04,1
XarushLineage,2
tzarame,4
ayjemabo,4
DuncanRose,2
hh2010,2
lfsca,5
dannywalter,21
ezhara1,6
georgetchelidze,21
aros131,4
divinci,5
crazylock,5
rafaelpires2826,2
eimher,2
mVolk420,7
modugnoclaudio,3
HenrikhKh,1
kungfusoftware,2
AlidesChimin,5
williamxhero,3
indukantdeo,2
rigersramushi,1
trsrm,1
johnnypeterson,12
LIN0304,27
fawolizzo,14
thec41n,7
juanoP21,19
Sergienkov,29
Mystr827,1
ThunderStormer,9
nkgotcode,1
kaseyclark7,1
chrismeil,4
nicolad,35
juliuskrah,9
MYaelMendez,18
TaskBubbles,10
deathland,1
lucjb,2
joboog,3
motocrossmaster21,3
zbest1000,11
Mimonsi,3
AlexisPalacioDev,1
itsxallwater,2
BIGBOOTYKOUSHIK,1
Youssefciz,15
chuong1304,1
jediii88,5
Fleekshot,5
peterbosch,2
devgreeny,10
aashari,2
samjmc,2
hamawiom2018,8
At3hna,8
sam9494,1
amilovski1980,1
ndurner,10
tndd,4
hansonw,12
tranbinhluat,4
shinshin86,11
eoeldroal,14
lksrz,2
crit308,41
AbdulKus,4
arthurpolo,4
naman-kumar2397,2
ahemha38,2
hunterbritt,5
sisbas,1
naravid19,11
Nakshjainsonigara,1
sweetpy,21
Anvay-Yomachoma,1
mauricio-acuna,2
brovira,1
Pnysch97,19
Ccan-devoloper,1
Dovaahkiin,5
iameijaz,1
EastonSell,17
nirarmon,12
jsam,27
faizan8201,1
medoster,12
arhanjoshi,3
Juvenst,1
ahafarag,12
copley,5
R1zE2k20,4
MarcoS9309,10
SandeepLakka,3
DanielOpazoD,3
Bot-IpMan,15
matthewdeanmartin,5
tourvald,8
jocelynenglund,6
UvSandhu13,3
MichaelvanLaar,1
carpenike,3
Max-Aber,1
gudnuf,8
LuminaraBrightstar,11
ChurchTechnicians,5
AzkabanAdmin,14
sviatoslavshkut,7
tcupis,3
jmazeus,2
suis-cats,4
themadmex,2
FreedominaStonyField,3
Juliojar4,5
pixel4lex,21
epava1516,3
lamlephamngoc,1
tombooth,10
fakechris,1
jpwahle,9
AB1AH-0,1
Charled1,2
Wicked34,2
tahsin1801,1
arnutr,1
ettrafto,1
zizoiraq,2
iinfant76,9
kqc-real,1
Aydin365-create,1
hfgary,2
RISE-NMK576,1
audreyroch,8
luisrio,1
vini15080,1
omarelazhary,1
joaovitordelaia,2
fleal-lamce,1
CarlosEduViLi,1
faruckyy,1
lueho,2
Frknslmn50,1
zarzed,7
Kar-lang-beep,7
moizghumann,6
nomadnur,6
bigdan88,3
AbelVG,1
pichur,12
Malupp,10
dantaub,1
bankkyss,1
psazama,9
a-Fig,1
Hel1umJ,9
halegehei,1
mohamedkhayat,1
OllieReynolds,9
Giorno-Giovanna,2
khRasikh,1
Bakanych,1
brm444,4
sloluwafemi,1
SolarStormTec,1
Gems,1
Einstein1987,10
kordless,4
ctarara,14
BBJ-ymc,1
tyleximus,9
j-finger,13
UniM0cha,22
zyxie,4
o0flame,2
ankit851gupta,5
johnsonshi,3
arjuna26,6
dbcoach,11
gwicho38,7
Durvaldo,3
darraghmcevoy,1
john-james-gh,5
omelianlevkovych,6
Alb-O,2
angeloschat,1
tommasoiaquone,1
Cresus9,4
ivancrneto,2
leftouterjoins,12
MrHinsh,3
H4yone,1
carVaba,4
Cobraks,2
fspiranec,10
CastorPolux2050,4
Kf637,10
Feuder,14
Souptik18,18
gaon12,5
LorenzovandenDungen,4
fiZZowsky,2
antonovm,2
Jadiouo,6
alexandergreif,14
natthphong,3
jradm87,1
emrekara44,1
arunasutra,10
gorriolsr,3
MasahiroHara,3
IlyaKuprov,5
kibubek,11
ZX2XZX2,7
devashish-rane,2
kosalpen11,4
Tanner-Eischen,11
diogovdcpa,1
IIkerPatrik,1
Glaveily,1
CiubotaruBogdan,14
gabrielrosinski,2
Tal45,2
kanishkaRandunu,4
usamadar,3
MLeprich,1
ayoubn11,3
magicmarkh,4
trippwill,13
felipebarcelospro,2
jessebuitenhuis,2
wyxhhh5,5
suho,12
garnermccloud,4
nathanabay,2
emircorp,7
MillionMedia2,3
MagmaCubes1133,12
DorinC2k,9
BizOpsAdvisor,6
TravikDev,7
andre0341,7
mattgonzalesced,1
PatrickCSFan,3
ozokur,2
Lamiv,3
pmunozroa,4
Coding0tter,3
almontasser,12
axmxh,14
doug-k-webster,1
Hanxven,2
PierreBeucher,1
avikalpg,2
zacharykirby,3
crb2nu,7
DTorillo,20
tommyfm123,4
VICTORJOSEARAVENALANDE,5
MashauriOrg,1
memmoos,1
yjsoon,4
Blaze0341,1
ignaol,5
glinford,1
sagarsahore,4
bugyepy,12
felipedbene,57
jbro1985,6
strange-quark7,1
bnqtoan,2
shlomorsh,1
MisaelMP,6
vikast908,5
harperreed,6
anitera,3
MateoTaito,7
codebendr-product-designer,1
sayuru-akash,7
NotHFaure,2
pniyongabo,2
lucasmobileit,1
ExCodeCowboy,1
IvanCl4udio,5
Margitoh,1
MAoDzi,1
Zhenyu98,2
samipe,5
S-Leuthold,8
Baalthazaq,1
burconsult,11
cellar-fume-lowbrow,3
huntereby,21
Heidemann-Consulting,6
alexefdal,4
NSKbot,3
leoportogtr86,3
drhelius,1
ekotsomytis,7
lucasnobrega7,13
mattmorgis,5
zizheng-openai,1
Ayumi-16,3
mikig28,17
js503,1
alehander92,23
dfgomezd,5
EliabeG,1
jamamo,2
chedger,1
myliu1999,7
5tail,20
mpro775,12
Boyov69,8
edisontw,3
NChandrasekharR,2
falseywinchnet,23
webmasterfaqs,5
Maikagit,5
M4RcB4,1
mgoloshchapov,2
MasahiroAida,12
hdort,10
hannespreishuber,2
MarcBreisinger,1
theravenking7,1
herley-shaori,4
Fboreal,16
nelsonfrugeri-tech,3
coolhardware,2
jonbirge,5
ruidazeng,6
takahikoh,3
mecorre1,1
jouan-bdtechservices,6
tokitaku,13
subuta0121,12
Metaomniliquant,1
AlejandroMY190106,7
user689,6
969flash,3
bboyer23,8
maxisandoval37,2
LazyHeidi,4
BitForge115,2
LMANMAI,1
Jacmich,4
Paint-The-Night,2
MedAdamDerouich,1
chapeumister,2
UltimateBrent,11
RonanKMcGovern,1
onlinesolutions-website,1
mhascak,1
CWBudde,1
devthumos,1
LEWUUUbhc,2
juannxx1,1
Kirrahe,1
alantj,5
o-kazuhide-takahashi,3
ikisuke,14
zobaer-zahad-reza,1
mkadis1,2
ladamski011,5
khaledalamin,4
joshuaM07,4
opcode81,6
khan-rafin-ahmed,13
noahwilde,2
cyrilbele,10
tradmike123,2
souvagyaganguli,5
pemo11,2
Ghdhdhdh,2
Luminux,8
Robben-Lu,3
Eiblein,6
farmanp,30
JeffryCA,8
k3fa,7
jcroadmovie,26
ALAYA1803,15
alzin,1
swu32,3
developart16,3
xuede,3
Yantaniuk,10
cmillarc,4
obrunogonzaga,3
episanchez,3
okovinko,10
erparveen2,2
ani2000,1
benjibc,17
jacob9090,1
Neifuisann,3
Chien10,2
kiani66,2
tiensh12369,4
michalele233,1
sinreikun,2
meghdesai,8
HansenHomeAI,1
franco-roura,3
JuanTaco4You,14
CliffordPalmer,2
MyndPhreak,9
OnlyBruceDev,7
bstewart2255,1
sarapil,5
jandresboyaca,20
zihao-wang,4
ZhekovIlya,7
davidmigloz,8
ompatel2019,8
jacklionheart,2
derspotter,1
weiliu1031,1
kyonyhk,5
hyminix,5
vedovelli,1
pksorensen,4
tomerlichtash,1
tombeckenham,10
sasazame,4
spencerduncan,42
biwakonbu,13
marsiandeployer,1
andrewdmontgomery,8
mo9mo9-uwu-mo9mo9,23
d-kuro,3
lanemc,1
derekg1729,4
costajohnt,1
Cooledricesh,1
drovani,2
pon-1234,3
ravediamond,3
atxtechbro,4
joha1na,1
AtlantisPleb,42
jeevanpillay,25
nyasuto,15
paper2,1
jacknagz,2
nagaa052,1
mrccode,1
kadragon,8
iamthamanic,2
fmartingr,1
jonwraymond,5
esauter5,5
k-soroi,1
MarkusWilliamsDev,1
ashwin-ant,3
shayesdevel,1
taddison,1
Tann2019,2
JoeLorenzoMontano,3
TheCrazyGM,1
johnx25bd,8
pjurczynski,1
AojdevStudio,6
lanoitcif,25
sasakama-code,6
csquared,1
andrewshell,1
nothink,3
joergstreeck,7
tjorim,2
tinovyatkin,9
scottschreckengaust,10
saadatqadri,1
ZeroSumQuant,1
onbjerg,1
vdeturckheim,1
pokutuna,2
sakatai11,5
JessicaTegner,1
HansRobo,5
YmzknA,10
rampage644,1
An9Yang,1
juneboku,1
dhruv1705,1
eijun-t,1
nazt,2
yuheitomi,1
tohutohu,3
EchoingVesper,2
dsp-ant,1
NikoToRA,1
jasonhanna,1
nathanchase,1
kei-1111,4
tiagonpsilva,1
JacksonR64,4
tadasant,4
omkar-yelpale,1
flagboy,2
yellowcandle,6
blipee-dev,2
charles-adedotun,1
tuanemuy,3
frgul006,2
CooperBigFoot,2
art049,1
DonKoko,1
AodhanHayter,1
mbukosky,2
Vigtu,1
mauekusa,2
ttpss930141011,4
jeffreyaven,1
PatrykIti,2
segeljakt,1
Aokuma0628,2
smatsuzaki3,1
HyunjunJeon,1
isbkch,1
cjlucas,1
bbernstein,2
yn1323,4
jeremyeder,4
nhat-nguyen-airbnb,1
tonyblank,3
seanspeaks,2
Askath,1
kei9o,1
bxtxh,1
xiaotiantakumi,3
sdamache,1
johannahaffner,1
pppp606,1
FuZhiyu,1
rema-rema,1
ee0pdt,1
sewi-cpan,1
bcallender,2
anthonyrawlins,1
OliverWolffGIP,2
bpamiri,1
guidedways,1
recrash,1
d-bytebase,1
parkerdgabel,1
calebcrim,1
akasaka-miraina,1
shoppingjaws,1
kaushikNaarayan,1
twangodev,2
endo-ava,1
pelle,7
moma1992,1
ifapmzadu6,1
shikyo13,3
adestefa,2
shntnu,1
tk3fftk,1
michaeloboyle,1
rize0528,1
zitrono,1
syou6162,11
nhlongnguyen,2
hkb3711220,1
DanielEskinazi,1
henryaj,2
jeffeharris,1
Bernie638,1
ben-z,13
imjasonh,1
fukuball,2
lance0821,1
AxiMinds,1
CodinCat,1
SilenceZen,1
leafworthy,1
ValarDragon,2
armaan-abraham,1
8enmann,1
bonustrack,3
mostlyfine,2
LukeFost,1
robertotcestari,1
claudecodebyia,1
godber,1
baldawsari,1
samuelstanton,1
amoghantarkar,3
pyrogw2,2
brentyi,1
shabaraba,5
thomaseizinger,1
wize73-ai,1
brettkolodny,1
seaofawareness,1
groksrc,1
hono840,1
Diplow,1
donpdang,1
syndicate604,2
tomasfejfar,1
shizuku355,1
shackett,3
nikolay-e,1
arie-glazier-bcc,1
hardlitchi,2
cycling777,1
DDunc,1
michaelva,2
oyongjoo,1
evgenii-prusov,2
hayesgm,1
koki-develop,1
peter1501,3
mconcat,1
tomqin93,5
MacAttak,1
poisontr33s,2
iscai-msft,6
Gunnarguy,12
moreorover,1
XliteChase,3
rafaeldipre,2
MaliosDark,4
HOWEDOIN,5
RoboTronicsEVO,1
abdulanoop,1
eraser3031,1
MAXESEN,8
hrios93,4
kaziiza,1
RohamIzadidoost,24
logkn,2
FevoRenndell,4
TwoChanz,7
Sabareh,6
diegabo1996,4
bimalmaan,1
octonato,1
avicorp,6
monyratha,5
TensorFu,1
mispacek,6
dutexion,5
adityamittal03,10
SambhavsCreation,4
Lucas3178278745,1
vniranjan,3
sdadaniel,1
EM-87,8
Erfanmv,2
marlonyorke,9
skirmishd,12
grunch,6
nkphys,2
otluiz,1
GearHiram1397,6
hudsonty,1
anthony-dicenzo,6
gerred,23
unclehowell,11
ingescobarnotario,5
ArqteamPeru,17
yuwki0131,9
nvs-abhilash,2
Taikun,1
nirh,1
TrustlessMike,4
JungChaeWan,4
a465749927,1
auslach,4
Linkatplug,1
mpwr-dt-llc,1
kauffm23,3
gdelcarmen,7
shalinda-j,4
andrewceirj,6
pradeep22saini,3
kanwargrewal,6
danilovisionnaire,5
Mikey-He,2
66ball,3
sibbl,3
ZHENG17356,8
BlancJH,2
rodgome,15
berprado,5
abhishekms1047,9
danielcjohnson,1
blaubird,3
abdo-1994,1
adigang880,1
jothepro43,2
kayanhassanieh,4
cslaviero,2
alexanderlaurenti356,1
ChevesR,2
Ernest-OZKALE,2
KooYeonHo,13
meso,1
tenntenn,9
spirix92,9
ruben-28,4
yverhenne,7
viliiiiiii,2
jinggugu1110,1
travwilliams443,2
velfox,3
Fatihk1,28
julionav,5
Chava26,1
CarolOliveira08,1
re-forest,7
kobzarvs,3
twjeffery,2
AviFix,1
Howchie,3
Lopikola,6
Rodkey35,1
moh3np,29
DreamspaceNYC,5
RaphMcGee23,4
suresh-srinivas,8
geekvikas,3
glennhmercer,13
FireMan6239,1
waleedrizwan,1
juancarloscruzdela,1
Fibo1123581321,1
WellingtonValente,1
tirth6851,11
gravuj-miklos-henrich,1
Dr-Kaya,3
ocean2903,3
F34RFaNtAzZy4,5
smaxx73,2
AdriSieDS,11
ph-gonzaga,1
chartley,4
E-r-r-o-rr,3
HillbillyOracle,2
PNCTriet,1
Yonsn76-ux,11
jjunho,6
pragatidev,1
MSWinds,5
rmdroid,2
Roberthani,1
dimasciput,1
rabbagalla,1
minsawook,1
fdebailleul,2
Harsh-Khambhadiya,1
GinniNio,2
louis101999,1
venkhatbalaji,6
themaiby,2
vetal0783,3
oalexx,1
RedesignedRobot,3
imajes,10
arch1baald,1
NirmalChandra21,2
cafelee,1
ashranhaider,1
Jlovelien,9
sidd-kulk,10
Uri-Rosen,11
adaptive,1
avinash753159,1
vikram-raju,4
abdy6,5
mm9942,5
ALIRAZA47,2
Raighny,8
elarsaks,15
ABHISHEK-GADE,2
ppfmirador,3
Bigpates,36
leomilenio,6
VatsalyaBetala,10
dvorkina,7
davidccunliffe,1
fredwojna,4
Noah670,4
unicorn0730,2
wongnelson,2
jolylaurent78,1
zhuchenyu2008,18
Atata96,1
pangel1005,1
jmckinley22,2
aamrdit,4
Winterlee1973,7
SonChakity,8
uselessai,1
newchris00,3
migueguns,4
alberthnahas,2
robertmain53,3
muneeb2560,2
sparklbarff,1
drguilhermecapel,12
Aidil-hash,2
mwinterstorm,3
avs2001,12
arnavgarg323,1
Paulito12209,2
JessieDev1996,1
sambit-0007,3
Vanderlei94,3
alexander-yevsyukov,10
qveys,3
riccardo-florio,22
walmik,7
victorjesudason75,13
adrianjgt,2
FlorianLiebhart,1
andreaefebresm,3
mayagao,3
numoru3,3
ProgrammingWithYagle,9
zoemeh,1
lepineben,5
measty,5
ryan2706,15
leehoyong-90,11
FredSalaya,6
suellenxstefany,5
choisuke,6
MyNamesEMurray,2
diegofer25,6
pcsouzafv,1
wuntoguo,1
eperezm19,4
frederikb96,16
chaeyeon-ch,3
Learn-With-Abinash,1
focusonyoursite,5
ozbeksenol,1
DHCross,12
nfOlguin,4
gabrielferreiraz,2
rwngwn,10
mshr-h,7
LamThanhNguyen,1
ezzabuzaid,2
i12know,4
gaeduron,1
jprunty05,3
LinasD22,1
cloudmanic,2
jaredwray,4
ch3cooh0,17
henrikkirchmann,3
Lorinnio,7
sunnynarula,4
rumichi2210,1
zaurneo,3
suhagby,3
diamond-diadem,7
cguiffre,3
rodolfotiburcio,15
Standaoerby,2
iStudyOnline,2
sidhellman,1
liamcloss,4
anajbdbl,4
PavelNarzyaev,12
JoeHolt,12
edwinreuleneto,30
nuhgnoej,13
brjmrtn,11
christopher-wolff,11
ixd574,15
santosrai,3
Timwryost,3
mraugmented,2
Reevoy24,6
nuubik,3
chriscarlo,2
jacekes,4
jessejones1031,5
dankarran,1
RuslanKot2007,4
peterpiperpickedpeppers,6
ElfarraDev,1
john-pickett,8
af1997,13
agenciaspace,5
Magic-Man-us,5
gn02335338,3
Daxting,1
axeltidlund,7
Kuanch,4
jleme,5
conjfrnk,4
jjborie,10
EDNAHQ,2
Yvancg,2
amritagopi,5
wolfsbane9513,10
berkinozturk,3
simoncoessens,2
PubliusDomitius,1
hiraku06250,1
takehirosaito,1
ponkus,3
vimmee,2
SwiftNicholas,1
marvj69,4
lokingwei,2
JuanMoncaleano,1
quantum-vector-io,1
marcus-w-hobbs,2
ShlokPow,1
baptiste-boimard,4
kaptandatasolutions,9
Gabo9803,1
Lempoid,11
Evan-Kusa,1
DarkNebula2720,17
furkan-cat,5
camdoherty,5
Last1k96,1
Waikingen,1
shocheen,2
marwanmusa,4
curtisbw,1
adhuhaam,32
nikola-radanovic,6
bowbozaa,9
AJIKING,2
jiwoochris,11
iaeloko,1
mabhay3420,9
Seppi333,3
James-Studio,1
InocuousCabbage,3
KeannuR,3
lopataa,16
jad0001326,13
oisdk,2
NolypSe,1
shortcakesweets,5
lucianoaf8,10
analyticsExperiment,3
seokhyung-lee,4
intertwine,7
miladyboy,15
yfwu,7
markmcgaha,2
MatiLlaituldev,1
marcnoon,4
TheHypnoo,4
boyslurper,1
emileguillemot,3
brandonleon,9
gbxnga,5
kky17,2
stevedamnvan,2
Gavin11011,4
twitchax,1
regenrek,11
SpatzSpitz,5
MarceloNG,1
fourenough,2
jjulialemos,2
Deepak10-gif,1
avarobinson,3
RobValentine,8
negurvulkan,1
jinfaa2,4
QUANTMATRIXAI,3
tuilathang97,1
tamerinal,4
sykors,1
Tiberiu18,13
Areta-plan,4
thomas-te,1
Jimmy-0,9
Wizrig,8
mvishiu11,1
dcohen0123,5
arun1729,1
alvarorestrepo,2
Dourin,4
alex-sin-d,18
jpers1,6
LoseYourSelf12,9
maxflex,7
Vova-H,2
Miles-Reding,3
sonra44,13
PeterS6910,8
cvbhjkl,1
AnthonyCvn,1
fayrafida,2
KonradButtermilk,3
fabricevb,6
abhishek-rshetty,3
sebastianbose,1
Quinessa,2
m0rg0t,5
AndBlx,1
ctrlxss,3
andr3z1104,6
MAKLOSKY,1
SgtDicks,1
alexbesp18,3
dukalider,3
agustin926,3
spicy-bear,2
pmatheus,2
Aiden-Hyun,1
skanderbour,1
Kissprisonblock2018,2
Levonimo,2
Lucifer-AI-666,3
MoZhang1,1
MessengerOfEnyo,1
VictorAtencio-21,13
felleragla,1
Sunvial,3
ShubhamRathore12,3
summerKK,1
aLink536,3
nvdm59,1
Thigas2023,2
BMAnirudh,1
LudwigELATRE,1
spike1478,3
wettbeard,2
4812571,4
pgossmann,3
roberthmilanif,2
fengweiyu1,1
alien35,10
vegasbrianc,4
hettema,2
Jesusrf21,2
scott122tw,1
realronaldrump,4
pedroarrudant,2
IvubaServices,1
19Sean96,8
CaptainDriftwood,2
DevonWieczorek,5
dominik-eller,11
fkornel,5
mgodzik,3
sohowillycow,4
RamiroGarciaAr,2
h3z4r,3
rahulvarma722,1
ChipiGomez,1
Abdudj575,3
c1r5,5
arbusam,9
freaked1234,16
joshuaramos1,2
jasperhajonidesNA,17
haudacia,5
mikeclark21,9
The-INTJ,2
hannesrudolph,5
segallla,4
Leonharz,3
pxl-pshr,1
smorimoto,5
Masa1984a,3
licaili193,4
MalikMouazer,6
AndreaRizzo,1
maver9831,1
Goekayy,2
Fasciotti,1
JoaquinSasso,1
d3f4ultt,3
vandervdb,5
Rohit1021,3
PowerUlf,2
Lucas-Koolen,3
midhun-fz,1
husaynirfan,1
correiamateus,3
luistatera,1
rovimartinez,1
TjerkR,8
kriashks,3
Jaybid123,1
jladrillono,2
jatinthapar1910,2
CadeOnTheCoast,3
theshdowaura,2
MontySteele,1
vbudonyi,1
Insider-Trading,7
samberkhout,24
huemmerstein,1
number1fragger,6
mariawarnes,3
MohamedAmineMacherki,2
srikkanthsiki,1
bryanrg22,1
AlejoRoldan,2
dwaynemac,4
professorwug,4
mr-larson,1
JimmyvanDelft,1
PabloRuiz-20230031,1
atticola,1
Thomas-Larrison,1
TheItalianGame,6
nickdesi,1
pompz-bit,8
DrLucasPCD,2
Keruza3,2
studio-justin-braun,14
HaloTwo,3
lucasfrct,8
ArtemMotuznyi,1
IByton1,1
otoolecf,3
Emualluig,2
Vini-devs,3
elegantlyimpersonate,1
t-reitz,3
janisbau,1
TraligeoTunTunTun,4
Balerina-lab,1
Zizlik,4
WalyGTQ,1
dvg-grappus,9
MrSandiWestside,8
d3vlab-org,1
Searial333,2
WingCode,2
mpaliath,4
lucdotdev,1
manuelxose,1
Dimaguci,1
SeanAtSteffes,2
ad0m,13
estebanrucan,7
brian-springer,1
MOrtner71,2
BroWo1,1
diviper,4
basantsd,2
vinweh,4
Jules-gitclerc,3
bryansucabs,3
theheiszt,1
jfrank-summit,8
misallam,1
drpaulfarrow,1
BrentCunninghamai,1
JuanMaPerals,2
dominik-gangl,1
MogoWhite,1
bt7202602,2
thales-sblue,2
DJSPEEDYGA,3
GLambard,1
andresjj98,2
mantoFus,7
TOGA101,2
telesaudemissionaria,9
antigenius0910,1
Futbolaholic,1
raghuramdas,2
Abdukarimm,2
GuillaumeDeparis,1
sigmagc,14
johnohhh1,3
MIKILO10,5
mmcloud,5
Yurgodo,3
jositobarbo,6
varvelac,1
veljkokursar13,2
zachduer,4
KhushaliSamderiya,2
MarcHoog,1
TonyDomenech,3
mzakizadeh,6
xhtdby,6
Rachet2006,5
rcasazza,9
carloshm,1
Akamdar46,1
laundromatzat,11
doublestar85,9
LiorZ,3
wyattowalsh,1
Varshith-0,1
johnparaskevopoulos,2
skadibtw,1
fbsfernando,3
fafrd,2
yakir4123,2
kush5683,3
akshaypn,6
bojandevs,11
jamesyork-prog,4
LeoVitale,1
aarongrtech,3
doma1027,1
welly87,3
thomaskleingoldewijk,1
Vital388,1
mohamedyasser,2
adanhazi,1
nedim53,2
LocalBack,12
kashif-umair,1
AkimboGaara,1
bbrodsky780,1
danklewa,1
boulder225,3
natesute,1
fitoprolog,3
djwide,2
aibozo,6
haihttt974,13
hebi10,5
hexcafe,7
Florian2Richter,5
aboggan,4
stephan77,8
littlewhywhat,2
jchap-uwf,1
DeWolfRobin,3
Mrt25s,2
emiromrak,1
SwapnilPande,3
tjrtm,6
stn1slv,14
kokahunter,4
Soljourner,1
varangian-core,5
MiztaStone,1
l2ggy,14
storyweaver,1
greco380,11
freeface06,3
awhiteside1,1
ritulsingh,1
quocnguyenhung,3
TzviPM,6
omershect,1
shaypal5,3
lex0c,4
Katukam-Anuroop,19
Mejean25,4
ander1011,2
3dmili,1
voidcenter,2
itsbrandondev,4
joeIvan2,2
dexterpante,3
MKL-design,8
VishnuS003,1
wulinbill,4
typescript,1
madi-orazbek,6
Luquish,9
lichtspielzeit,2
davidzhangyyds,13
BernardinoADV,1
jeffbai996,3
GoodMulti,3
HusseinLab,29
rmdes,5
chris-warp,1
jorispz,8
ytzvan,3
coljnr9,15
KristianLyng99,6
BrunoSC32,1
U88478,1
andi1984-ds,1
OlegKolesnikoff,5
sevenfifty777,3
marcelopottier,7
PA733,3
losertnaw1,2
Sulfamique,6
TxDrace,3
lexwolf,3
FabsOliveira,12
esverd,19
ExceedingNorm,1
FBSeletronica,2
LaunchSpark,4
GunnerJnr,5
BasamD,2
murasakiwano,5
stevenzhang070302,3
joecummings,2
arthurlongue,3
clubsodagod,1
ved009,5
BilirShop,1
Umair747,1
localhost26k,1
wellbritto98,5
CsibiNorbert,3
jedieason,21
Lododizzle,7
JulienCtz,3
endikavi,4
jerkelly01,9
stijstev98,2
kocasp,5
lianqiao12745,5
e10tech,1
tgouverneur,12
ShiNxz,3
chestnut123tw,1
KliCk5000,3
manavpatel571,2
niklub,3
xmxnt,4
kalyanraju,1
jax2600,3
HristoNedelkov,2
san4ik,1
Shanis-Nheralat,1
koki042992,2
triviabranch,1
How1337ItIs,3
minhbtrc,3
isavita,3
TusharRanam1,3
mdportnov,5
AnandBhandari1,2
petlack,4
markbrada,1
deb1265,1
spiessbnu,1
KuroNekoLi,1
blobby202,2
witoon-skydea,3
wagtaco,8
phkt28,4
Josueadern,2
Su1eym4n,2
SyliusBot,4
ravatsinh,6
borosuk,4
ALucek,3
tobiaslach,3
bredmond812,1
Jeybird248,4
commotum,15
Artem-231,1
stochastic-sisyphus,2
YooSya87,1
kgvarun,2
AndreiSorin26,1
Vajbratya,3
perrolokos,2
emiliancristea,13
mohammad-jafary,1
lsc0103,5
aditya-gaharawar,1
elColonel-Vader,2
quangminhhh,26
fcabanilla,4
jyr45,1
gokhanercan,5
mak7on22,11
DrKrisz,14
tyleraruss26,1
MarkBeharrell,4
Orlandooguambe,1
mertozay798,1
halenurgurel,1
mahirturksoy,1
yigitdayoglu,2
Sergey-1221,6
slikti,1
abell529,14
constroyr,1
pySmiller,1
schroneko,3
sumiren,3
fffes7,1
ThomasRizziOmura,1
Asmarica95,5
geekishrahul,1
tomezzz3,1
WaelOGC,1
gwhip1025,3
joanmarc28,1
jonathan-wang2125,1
HorvathDaniel15,1
kihyeoon,1
KADETE5,1
ChopJam,2
animaya,1
GanjosGit,1
benjaajimenez,3
danzzzg1432,4
epjackhe,2
zwcic,2
faddishcorn,1
viktor-gusev,4
manish-rajpurohitt,2
MlynarPa,3
mouqui,1
nlandolfi,3
bjarkehs,4
victorhugofr,1
YAGOPORTELAYP,1
sagarrusia,1
AngelRodriguezM,1
txema-puch,1
DevopsRoyall,5
nveen12,1
iafiscal1212,1
0NATE4,2
ysoto-m,14
openefficiency,3
Unknowners,3
ScotDex,9
marhol8,2
gianca04,3
bestvex,1
underthemoss,3
marklaszlo9,5
nkbud,4
iscryanhyma,19
pietroserrano,2
rhannay,1
yoshii001,1
DiepTranCFPT,4
guilhermeadams,1
mikemishal,1
agrawaliti,1
JRichlen,1
timrogers,3
bioarchitettura,1
batonac,1
jindongjie,1
kaedee206,1
sapolikanov,1
viveksomanathan-kyndryl,2
nerealegui,2
bjoernbethge,1
dyson-yamashita,1
Ozkan66,2
EvaCoreBot,4
trtshen,2
tawilkinson,3
rsl37,2
jjmandog,2
smnandre,1
Rodrigo101102,2
nelisjunior,4
mk1121,5
dominicjosephh,3
Hanz98,1
markcam73,2
RLR-GitHub,1
Akashbht,1
nixel2007,2
dohapark81,1
Jussabdrol,1
adrianhasse,1
autocloudarc,3
JimBLogic,1
cjo93,1
gaelgoth,1
shokun0803,2
cgrindel,1
jaakkopee,1
frankpach,1
Ansukun,1
Yoga-Vignesh,1
ffcc999999,1
mgarlorenzo,5
AliAmjid,6
NguyenNgocHai2811,7
thanksstevenkim,3
lll3cLLL,2
naweeddd,1
gregridgeway,5
Kranidos1,2
shanptom,12
KennethEnglun,1
ArchLars,18
wasabicoat,1
devoidoflight,3
Lasbaskanenmas,5
ZubtsovGit,2
maheshwarkuchana,4
KaiZhang0723,3
BenRoshan100,2
kargnas,12
GioacchinoMazzoleni94,2
jmoran650,2
Ethanp210,30
0xjcf,1
saro,1
fj1818,1
Halvanhelv,1
NanoProgrammer,1
NikhilChowdhury27,1
asluchevskiy,1
movieaddicted86,2
mathirus,15
jambolo,2
Sh0ckFR,5
TendonFFF,1
AI1411,1
denis-kudelin,4
42lukas,1
alexsandromfas,1
myseocompany,5
shuzen001,14
betjuliano,12
hyeonwoo-Seol,2
Krypter93,1
Lucasanthiago,4
mosatiii,3
aaryan-2310,10
MchBr02,2
JasperCreationss,1
rkrishnaanoutlook,1
gbin,4
JorenDresselaers,2
Antholem,15
cyanostudios,9
seawhanlee,2
abdulocracy,1
sawka,5
sghimire01,2
lsuio2,12
Louis-Dittmar,11
Drezil,2
colorpulse6,4
harshthaker,7
r2277388,3
Gohelraj,2
LeonFHBurgenland,1
sblasco7,3
sullivan1337,1
lawbr1nger,1
danlitvak,1
mahmad2005,1
JoshuaTChukwu,1
FrederikBan,1
AskmethatFR,1
Kuingsmile,1
Aniiiiiii-sudo,1
pranberry,2
shobundo,1
onejellyy,4
nelbren,1
MattPOlson,4
SharonTahir,3
OkuM1,3
iantimmis,3
TVTVNE,4
Zylidri,1
zliu265,1
ront85,1
bweiss5206,5
riadHossain0x,5
Hamdan-CS,5
rw4lll,2
Freij88,1
shuto-S,3
joshmiller83,2
PatchRequest,3
alexrobinett,7
vleung-nih,4
Mavegaji,2
MphoCodes,1
jahncarlos125,1
Xiaorui-Huang,2
erdogan1ozdemir,7
ixarek,10
Mastero83,6
KlubDelLibre,1
eShuttleworth,8
Stefanhoorn,1
voicebootix,134
Leinadix,4
richardChenzhihui,5
mmagician,3
Sukrisus,27
StudentDONGHYUN,18
RaptorLaunchPage,137
Francisrubex,3
fischerjooo,107
lolo16cm,13
jskok41,4
chrismaleki-tech,22
cdjcoder,1
liyi2170123,1
Lullaby05,1
andreaperaltro,1
umarsaeed28,3
karenpiper,6
troponaut,2
hadikatranji,1
dckrOff,3
renju99,23
groupyid,3
Uhm-J,5
Nittarab,3
sachinsinghhere,4
rezailmi,4
runlevel0,2
nailuoGG,1
davidmottet,2
JimP-lab,1
Mopra,5
nhockool1002,7
Sahija383,3
lqvp,14
Anaskhan47,1
jxxghp,20
tavasolinik,3
Hunter28-lucky,6
dhanushkumar76,1
shkr1311,1
german355,1
alexkubica,31
desamtralized,5
itsrayland,5
seatedro,3
naominye95142,1
syedaaqib25,5
sreeharikk25,3
Erriccc,3
ChristosAntonopoulos,3
minshiwu,2
buzair6,5
b2bvic,4
vandanasharma25,1
itcbrio,3
chandankr014,3
mengeling,1
kuaifan,3
dikys,2
deaconkarim,24
NickBolles,3
torarnehave1,6
ismailset,2
osaether,2
K7LY,15
ClexaGod,1
joshuarlowry,4
jahntel,6
TheJaySmith1,2
olair,2
maxandersen,1
harshitbhattdev,1
srun168168,2
alorbach,11
amabuabeng,1
andymcblane,1
strikerdlm,27
msenay,6
oudomsavanh,7
vahidkleves,9
Kubia01,105
Z0ck0,77
MichaelTaylor3D,6
lolka1333,16
Kudu001,3
Ryan-Sheehan,5
shortcutchris,7
MunasheChitima,17
ranchorena,5
ALI-303,2
maxschridde1494,6
pmanko,5
mohammadn0man,5
Pok27,3
vinox59,1
kmac08,1
xenvoid404,2
SohanVarma,2
deucalioncodes,1
jekiapp,1
shohambr,3
wschenk,6
mowliv,14
andrewcottage,4
ishwetraj17,3
markbunyevacz,1
S613420,11
jovandyaz,1
jtenniswood,1
conangyq,1
gcmishra7,1
Salmank9105,2
TechnoRobert,1
AriaD04,2
richkuso,5
comsince,4
benbenlijie,7
zcccccz,2
xim2jp,2
Dq0726,3
tuliopc23,6
anhengchangyua,4
honorarydevrel,3
Elisaelias02,9
LiamClarke-dev,21
milawidyalestari,17
iklyubanov,1
stevemcghee,14
THE-OM-PAWAR,1
KevinMind,14
Anwar076,4
tjmehta,3
RiadHasan15,31
Rightscar,6
aparry3,4
HuertCode,1
freyaD19,1
mmills6060,3
Arenukvern,1
alexstich,2
stoplion,1
chan-ok,3
u1-mas,1
akshayakula,6
abhinavchadaga,3
teachmecoding2x,1
shuto410,6
smitnayi,1
jaye773,2
TrebleKlefy,6
lora-sys,4
ESSSoWhat,48
Light-107713,2
nastyagrifon,1
herafta,5
soripaulos,3
kauamts,1
Blanik123,1
Urdrulio,1
Roughriver74,3
kawanishi0117,5
sonvq-enryu,2
sharadpatel11,10
gauravalva,1
ONICee,20
akhilesh-minfy,1
iimgaurav,1
gingerskull,2
Kingvinu7,10
vnord,1
Marc-Tastic-Dev,6
PANZERBERO,3
chkirchmair,3
jcarlo1227,2
ramlal-01,1
juyterman1000,3
clzz7,7
varunsai2002,1
Abdulaziz-06,1
vcovelli,32
Lyvan209,3
nikeadebimpe72,1
JBruec,1
kers0ne,3
rohunvora,4
N3uraX,1
NeuralEmpowerment,1
maschad,5
pmoneynz,2
Dennis1-max,1
trevoralpert,5
watermelon-mesh,1
Hambbuk,1
bl4ckcontact,1
gameall123,8
pavel-rp,13
GP-123-DEVELOPER,1
nathanaelrobinson,1
TylerDiorio,1
mattash,8
gpsandhu23,1
0xRichardH,3
amadousysada,1
0xmichalis,3
Madhukunchalaa,1
sanghamc29,1
abhinav937,1
Martini310,1
aliosmanozturk1,4
horizonplatform1,3
v1adko,1
Billyjameshowell,1
chuckybpsp,1
als141,1
nogawanogawa,1
aleksanderkav,2
Sandde-Zutshi,5
121click,1
ckxpnn,1
HERESHIVAMGAUR,4
AjayJ07-git,4
imalyi,4
Binidu01,2
pradipta-das,3
shaanmahrotri,2
Sav1tar0,1
Abhra-JS-Dev,1
gbasilveira,1
yassineasad,1
DarkInventor,4
Domiguru1,1
BanikGLT,2
omarmeotaz-work,1
syx-tar,3
EwanClark,2
KofiRusu,23
Terrib1e,1
a-bissell,2
MoneyPrintOriginal,2
nandanamv3,1
AnkeetaMitra,3
lowzj,8
yasinbas,17
Ratax397,2
Qhojoblinks-7,3
s4k10503,10
anhtdang92,3
cmclark00,3
agupta01,1
callicles,9
chrisjensen,4
Aristine-ig,5
Windsooon,16
SparkFusion25,5
Mohamed2001690,2
ankziety,12
CamLaurent-carbon,3
matheusdmlopes,1
betancourtfit,1
matburt,11
Husain67,2
tbuckley,3
AlexImb,1
0x5chn0uf,4
safitzgerald7,2
DhamoMS,1
dev2229,1
JackGaark,2
mewwts,4
mjkang912,1
maryamkhoolia,1
nicholasoxford,6
issiyda,1
Rowles66,2
MohanKrishna793,1
Aswin-Subedi,2
tonysauteed,1
xmrjun,5
PabloMatiasFs,2
amjadnazzal,1
AngleNet,3
FuckReally,4
pra719,14
fredcamaral,1
alijangjoo,8
kauanhup,11
oatlnd,1
alpj361,2
motoo1789,8
GalyarderOS,3
ztxtxwd,3
YunaiV,4
Amor216,1
sunyushuang,3
GuanyuChen,1
NgTruong624,2
abiteman,2
tarunkumar519,6
wooncloud,8
DONNHER,4
glenrynaldyhermanus,1
joelcarspotz,1
M4aXim,3
srgnunlu,1
3whiskeywhiskey,1
Speshcode,2
KernAlan,9
KallebyX,4
track-n10,5
magicbug,2
dusikasss,2
fsimoes,2
kb223122,7
ArpanJain12,1
hennessyxo,2
Daniil-Sakharov,1
Manifest01,1
AugusDogus,5
Wbensteinberg,1
juancspjr,1
FFFamily,1
yaozhifeng,2
UltimatePea,4
LongVanThang,9
ItzNeville19,1
JohnPhamous,2
SugiSaku8,1
BYK,5
szymon-polaczy,5
irskep,1
ntoledo319,5
chumenium,1
princechaddha,1
SxKWiz,4
puneetpunj,1
zakiahdarajat,2
sobiesie,2
Stephan999s,1
0xfurai,8
MahnJaeLee,1
Raido-Star,2
sr2echa,4
marc-scopeo,10
chargome,3
matbeedotcom,1
decloudz,1
joshferrara,5
JoseRFelix,3
blockiosaurus,1
lukaszkolodziejczyk,1
ali1rathore,8
jazarie2,4
mehak1404,1
SebestianSije,1
Listex-Dev,1
demons0828,2
LEO0417,2
perfect-page,1
endolith,3
hectoracosta83,1
adish333,1
hanelalo,6
gsv169,7
Abdou2025-2025,1
un-shul,2
VISHWAJ33T,1
parikshat-meena,3
madhusudhan-in,2
MadiTomi,2
Fllenorium,1
ylyy,1
baiida,1
Ellis-Ayikwei,7
Shreya642005,2
buenaflor,11
mutlukurt,2
AbhisharSingh,1
gomsec,3
Metatronsdoob369,1
foronemonth,1
odinsride,4
badawyy-A,1
r0ze998,3
emaceira,1
matifnasir,1
CMarzin,1
CamiloMangoB,3
sansi-lcj,1
shahargl,10
2001Y,4
oeway,10
rjsamra,3
mtpython,4
arnaqvi,1
parth19998200,1
Chuchuyan81,14
arifyoga12,1
sanjeet7,1
wcw0329,1
suryansh1440,1
xixiwenxuanhe,1
ozsal,1
tarun-soni,1
mmonso,1
Stylezmachine,1
Jackyjinx,2
coder2k19,10
Devopod,4
lucking7,2
LeohsPaixao,1
Zelotiki,1
tcm390,3
XYZFilm,1
PeetCremer,5
alexlevy0,5
majede32,2
IanCalPublic,8
pherdinauer,1
jonniesweb,1
qesmsep,2
konstantinaclearinsanecat,2
alphastorm,1
zycatz,1
shayan-ys,1
FDbomb,7
Suri2904,2
SmiffyKMc,2
good2luck,1
na2kera,3
canada00148,1
nur-srijan,2
anika235,8
absolutegravitas,2
pqcqaq,10
chriswilson1982,14
ziidonato,6
cloud54777,2
danghoa77,6
hyukkwonepic,4
AkashGaragad,1
abstertee,1
craigvandotcom,5
maevatch,1
haydentbs,1
Ashishbadal-source,3
sam-goodwin,3
Zephyrsailor,2
0xtechnoir,1
jarvis0869,2
Markiting11,2
Artifact-HK,1
Izhar004,1
Bruni-coder,1
DJOrsher,3
mohamed11agwa,2
zhandouxiaojiji,1
445200,2
ChrisCouve,1
HarshaAlamanda,1
Zi-13,1
milkymind,3
jerry-enebeli,4
HuskyDanny,1
adrianthedev,1
bw4sz,4
xyol0p,1
peteallen,6
harshzala,2
ducanhnt22,2
inobys,2
hudibaba0001,1
yoshidaso,1
brizxz,1
krajla,1
Vishalgaurav34,8
DragAdi-21,2
MaxBlaushild,10
M-Zain28,4
Donova-Luis,1
singha111subhajit,3
Novi-ui,7
saurabh-rajput-15,1
Erickenjejeje,1
OlgaMucha,1
Adefful,2
hudsonmp,1
sghsri,1
DeepanshuDataScientist,1
Zionite,1
pgalbavy-itrs,1
code2prog,1
alefew,5
Nicodomen,1
syf1213764315,2
Spirit2004,1
hungdt31,1
Dadukaka,1
qaliblog,4
Kirmrin,2
vvirta-gh,1
qiuzhongbiao,2
Gatswei,1
kariv168,3
Sahaj33-op,2
hulloitskai,7
yaniv120892,1
rayhanalmim,1
ltbongo,1
prabhatravib,6
mart-fractic,5
Kobia546,1
Kaizoku99,1
dane805-dev,1
studbootcamp,1
theishangoswami,3
Ghostawanger,1
himanalot,1
grabbou,1
pauloFroes,4
Martinjose1998,2
JoshFerge,3
anotherminh,3
veryhungryface,1
sabilyasseen,1
YannWang0,1
wesam180,1
netstartjp,1
GiovanniBaselli9,1
TerryTang0701,1
SaangelR10,2
chriswallace,1
mengtianxue,1
TLantern,1
alexbarker234,1
hardlif,1
coeur-de-loup,9
HaroldsMagazine,1
tomaisthorpe,20
memari-majid,1
Shaurya01836,1
SingTheCode,1
RobertMutumba2019,3
Krish891-star,1
nguoingulanh,1
Aadityavarier,1
amhasillasie,1
curseyoukakarot,1
Sandeepgaddam5432,2
wrestcody,7
pujapapney-college,1
SouravPant,4
whiskymin22,2
rsakao,2
paolo-trivi,1
hug13,1
vagapoff,3
charlesagyemang,4
MichaelWBrennan,7
15159409390,1
brendankariniemi,1
muniter,1
Antonditto,1
josiahbryan,1
jonsherrard,1
DECONTroper,1
kredenac,2
cmcnulty2000,2
macielbombonato,1
dmitriy-kisil,1
jgiffard,2
kndpt,1
deadexotic,1
Pikachubolk,4
qj365,1
lwasowicz90,1
Mihirp17,2
chrisse27,1
Yaashwaant,2
ArpitSaini2932,3
dezlitz,3
EnmanuelReynoso23,3
Minehere28,1
tomodakengo,10
sf5parla,1
MaxShSSW,2
jmikedupont2,5
edgrosvenor,4
kouta-yoshino,1
MoonrakerAI,1
kianaaa19,2
sayali7050,1
yashprogrammer,2
joshuaboys,1
QuietLess,1
HarshJa1n,3
MuhammedEnesGurkan,1
maheshreddy23,1
DeDuckProject,7
wsehl,1
siddhu2427,1
SUBHADIPDEYSuRvA0,1
rayman422,4
mizumic2004,2
CaughtWei,2
Haole1945,1
luchun19921229,1
sum-123-raj,2
futatski,1
Coderok-ru,1
asadulaeznaev,2
riskiriandi,1
DavidCapener182,5
alfredoreduarte,1
swolfand,1
justrunme,3
dkpandeydigl,1
krishkalaria12,1
pythonistD,1
idanasulin2706,2
devkartikrathi,3
ArfaouiBadi,2
S0vers,1
Vivian-12345,1
639428,1
Rennetmathew,4
jexecutivefl,1
jvillegas21,5
Ivanborisov80,1
ekene-au,1
DoZ1984,1
Riyadi2025,3
Elmehdi-web-school,1
Lisaose,4
anonymou00,4
Armanul46,1
seoyoon0914,1
SEPANU1717,2
intrepidcurrie617,2
OPXCODER78,1
HackingPain,1
LX-530,1
kameshwar44,1
hypecroon,2
Violet-gilbert,2
PulkitT01,1
himomohi,3
imransbaig,1
RaduLupan,7
shihao-guo,1
ueban555,1
gmathi,3
hophat,1
aviranchigoda,5
shangesh-tech,1
abhishekns,6
XT-hope,2
gachineh,1
ytsdv,1
Jaynatt01,2
chaudharytaha13,1
Navdeepannu,1
swagner2,1
maryhipp,1
azapg,1
kurisu-dotto-komu,2
gmviana11,2
ufo5,1
HyeongJu916,2
AadiHubb,1
alibukharai,8
mirronake,4
gabrielgyns,6
jack-jenningsss,2
itzfaheem14,1
SmartMaan,4
NishDJ,1
eeharumt,1
pinghsu520,1
Wilps93,5
Malo55,1
Yimikami,1
knoticoo,1
MynameisRAVIKUMAR,1
mjlandy,1
floklein,1
motatoes,1
H2SSOUND,2
Shubham-5500,1
VictorDron,1
rudra-deshmukhh,2
mtkanani,2
yuvrajsingh16,1
pfaux55,1
se-opiko,1
VivekTeja1611,1
kirs877,7
EddyChow,3
korybantes,2
itsmeyaw,3
paisalk,1
Casa-novv,2
whoami847,6
MianSaadTahir,1
robinroy03,1
GuiHenriqueBR,1
Makairamei,6
finnpuschmann,1
gfaurobert,2
HalaAlnoaim,2
suryap085,2
Mfr54,5
enitrat,1
ptfpinho23,2
Nickan17,4
gauravthethinker,1
Prerana-Naik,1
ramansaini14,5
attacktitanishere1,1
maggiejsong,2
diantakyid,1
YoussefBadran23,1
zhaowang-w,2
elie222,5
abhinav-e-p-b,1
SakshamGunj,1
kingerez,3
fredrikburmester,2
Sahil-Prasad27,1
Ak3ww,1
trinadh2349,2
shivamdubey5g,1
philkuz,1
JianingWen,2
bmwoolf,1
MikeMartemianov,2
lazynoc,1
m87arch,1
algolds,1
catitodev,2
noecondoleo,3
shimonc29,1
sumeruchat,2
ombr,1
weeasd57,2
Jturagavou,1
2413181638,3
Anyway-lin,1
datlechin,1
bogdanignat,1
quocdat22,1
jason2A,1
zzzpotato,1
kleosr,1
Prateeksrt,2
sairampasupuleti42,1
AverageLuckkk,3
pakkiraja,1
conan-evo,2
mdeeks,1
laurentcodes,2
nerrad,1
Murzyneczka,5
Shikimoriix,2
saszer,2
tt613-is,3
Espoirz,1
snagaraj4u,1
DEXHEX-909,1
Joeken10,1
sayali2700,2
karimmari2006,1
Swicegood,2
Guria,2
kiiromate,2
sl0thentr0py,1
ivanleomk,5
zhuyuloveai,1
MichalTorma,1
adamrobbie,1
alokyaduvanshiji16,1
raph-sisa,2
miladshm,1
sarob,2
lumos770,1
ArliT1-F,1
ozzy2438,3
SentientRecon,1
medtosdigital,1
muuyiii,1
RorySullivan1,1
breacasu,1
ashish21jan,1
Lil-3omda,2
2023F-mulbscs-059,2
dkumar-sfdc,1
HousniAmar,2
aleks-tpom6oh,1
quantumultxx,1
Cuffsss,1
tmarunic,1
sysmaticsolution,1
davidtranjs,1
10GeekJames,1
hellbest1976,1
Preventlyai,1
ANDIOS-Droid,1
SuperiorKe,1
ShaikMuhadhSulthana,1
nuar1,2
akshayreddyettedi,1
saif-at-scalekit,1
frontendnocelular,4
shuence,1
bogdanspn1,1
jaretthall,1
pumanitro,2
colonsky,1
B00766857,3
TodePond,7
andreigiura,1
deepzgit,1
Daniel1231234,1
dmiracle,1
Alves224,1
Richcantoo,1
ayushagarwal138,1
GURUCHARANYELLASIRI,1
codingJang,2
2470594050,1
delciodesigns,1
faizcasm,1
RohitPanwar03,2
abhinpramod,1
attila71,1
saimanda,1
harshavardhanbanagani,4
jngo,17
Ahmed220220,1
Zubiii333,1
dsigitovich,9
Adedev-W,1
VitoInf,1
gabrielmacus,1
sakhtar1979,1
berkeleyljj,1
lovakumar12,1
yuni1218,1
MoltaExlips,1
cardotrejos,3
arnoldhoogerwerf,1
ayush-pandey007,1
Elux-2021572,1
I-am-Gaming,1
EvgeniiDev,2
markandre0425,1
grellqqq,1
zacid,1
TheNerd18,1
Strong-Ari,4
techxtrasol,3
AiDeveloperXpro,1
spyke02,1
jparker2006,4
smerck,1
saikiran1494,2
ajay-bhise,1
oneglitchx,1
leideng,1
binatari,1
Vishalgour9171,1
sidhujag,6
okelloopio,1
18710603308,1
WJC16-Web,1
sumitrevolt,1
madebyaris,3
darrell-tw-martech,1
ElvisZeng,1
bossmaniano,1
imhimansu28,1
plugine,1
blck-snwmn,4
shajalahamedcse,1
dejoski,4
000alen,2
spiedz,1
kita83,1
flyingleafe,1
kronoron,3
erisvaldojunior,1
boytrumpeter,1
charlsbarquin,1
minhtcai,1
SubramanyaRaj5,1
BingZi-233,1
MrRitwik97,4
mishty,1
justalong,1
thecosmosray,1
MigueMercedes,1
rohity098,1
vamsi061,2
webzma,1
Eugenekarewa,2
TuxTu,1
XiDaQiuBa,1
sofvanh,1
thibble,1
venancio-matheus,1
mkbros95210,2
sitefyeditor,1
carpathiansalt,2
CassianFlorin,1
Yue-Lyu123,1
JyotiS34,1
aviotron,1
mmanthe37,1
kriyelan,1
jotpalch,3
apih46,1
rickburn,1
dograsharma,2
suthar26,1
ITdelphin,2
emmza360,1
kowshik-reddy-18,1
blackhat-bit,1
guysolan,2
Ben91ak,1
k34o,1
Naval721,3
gentlemoney,1
Luttik,1
mmmbacon,1
WaldemarEnns,1
nitinosiris,2
invitiii,1
mizhiyuntech,5
shekkoirala,2
KochamAgatke65,2
marketoutbox,1
Vignesh1911,1
Prisoe,1
artursaenko,1
kripton36,2
Stephen55Dulaney,1
ONYC-HAIR,1
storyline1337,1
cyawasgreat,4
abdalsalamalwadi,1
loguio,1
JaiAdith,1
makors,1
hmcguire0583,2
anujkum25,1
rkr3o,1
nakamura196,1
cavoom,1
EsotericVerse,5
Anmolwalia07,1
ADITYA190809,1
Yashika1325,1
punk03,1
hienhng,1
Karthik0745,1
LeiyJames,1
enter528,1
PhouviengDev,1
hellogreencow,1
iamobaidbhatt,1
nicolasmorais,1
Enayat7800,1
sakirm-icpl,1
t8222918,1
AmoabaKelvin,1
tomarsachin2271,1
Vedmani,1
dongnv1,1
BeshoyShaher,1
YusufSoftx,2
shopXApp,3
mtrpay99,1
bless-stanford,1
nobles8181,1
Niyozbekdev,1
Inerio29,1
Gl1txhy,1
virtualmase,1
darienko,1
Howard115,1
forrestwilkins,2
Sanihdya2214,1
LTPPPP,1
ctavolazzi,2
ghaith-manita,1
Kalyanlucky1,1
JustinHLott,1
aba68-Dev,1
junxng,1
jaydenfyi,7
zhangdafeihhh,1
Aaron-Olson,1
YehudaHeller10,1
AshutoshVJTI,1
Vishwas567917,2
skollipa123,1
Dwainregoo,1
attapornamo,5
Yugeshaidu,2
michaelelijahn,1
Betovtdesigner,1
Alfffnnnnm,1
el7awey,2
AITOOLSFREE,1
allvo6377,1
freestylefly,1
okathira,2
plawlost,1
Seb-the-Canadian,1
venkatmv41,1
heyThere01,1
lokesh-tf11778,1
PwrOnFounder,2
zstrangeway,7
KevinFreistroffer,1
aguacasa,1
AkeBoss-tech,1
bskdisplay,2
Awezkhan01,1
Rasoolattar17,1
DevKokko,1
Josh-Gotro,2
dhirajbharara,1
sntaoo,1
dpolist,1
preetam-90,2
jdmotalora,2
Gimmi17,3
Arian1383,1
hamza-saidi,1
YardenGoldwasser,1
INQTR,2
ash-uxi,2
fareed971,1
AlexutzuSxft,1
go-9,1
DemonHashira,1
kangi-tech,1
qq1257676233,1
Delight010-1,2
whatbugsyou,1
buithanhhuy,1
cristianpinillostorres,2
djpeluca,1
cadentj,1
abuaboud,1
preschian,1
joaoviana,1
karthikeya1111-af,1
ragopina,2
ZeusOwner,1
adamsachs,1
sharpcheto,1
hannasage,1
Singkosdevi,2
Mkrathore11,1
Rizz-Gods,1
CharlesHenrynoah,6
SuperChenSSS,1
zamonier,1
dhruvjayal,1
apapplicazioni,1
samiranmandwe,1
princejagani44,1
muhamadsyahrulmubarok,1
TarunKumar3103,1
Ammar-Multani,1
nhutvl504,1
Hardelele,2
TXAVL,1
saleemjadallah,1
SABERBOY,6
FranciscoMoretti,1
cwc1987,1
shrop,1
dartydan,1
tahir1032,1
rajbandgar,1
AlexanderSlav,3
lpi-code,2
kohe-coffee,1
alpbuyukkose,1
aleczaitz,1
chaudharyhem199,1
m4th3w561,1
baukaredteam,1
supuruji,2
assembler-0,1
waruhachi,2
imbijou,1
shreeve1,1
paulgeorge35,3
Alexey-Pestov,1
AnastasiyaGuryanova,1
gerdums,1
olivermiilus,1
mishagin-dev,1
po3rin,1
YueHua46,1
esmarcin30,1
hustlebook,1
dev-chaitanya-dewangan,1
wKich,1
larp0,1
HelloWaord1,1
semyenov,1
ziulG,1
zhanglele2023,1
tbraun96,3
StevenLi-phoenix,1
jflett1990,1
jamecater,1
okwasniewski,1
WinsonEdwards,1
HarshalMahajan-07,1
V17-ru,1
Fatihyouishack714,1
Timmyae,2
ZamaMillz,2
tkzLab,2
mohamedtarek64,1
tawsifkamal,1
3e-x,1
cinematenpodcast,1
llfmaia,1
datagen24,1
thehappydinoa,1
nexus-7-ventures,1
Mortaza76,1
Sonkevin8,1
D-Khoa,1
callsydeepu,1
tolik518,1
asghariamir,1
MatthewDailey,2
LK,1
FlamingKeyboard,3
stepto111,1
ntrung2408,1
Deepanshu9229,4
Jonnv123,1
abolfazlsix,1
crs167,1
shangzhanchao,3
nahakiole,2
Tarasios,1
pratikyadav,1
evanlinjin,1
AshrafWaleed,2
famesjranko,1
1onlyadvance,1
Santy20025,1
denperov,6
maik2254,1
ZhiShiLiYiShiRan,1
yongchulShin,2
potb,8
Jimmygplus,2
mukeshrebari,1
kolyatri,6
lllosaaa,1
MrA-Halder,1
franeCode,2
AlexSeisler,1
dssxfaf,2
hulokt,1
stephanietessier,2
Prune6,3
brian52026,6
CglrKcc,2
valentinyanakiev,6
Vorathe,5
Nikhil-yadav12,4
chrisdewa,3
EinsVier,1
mrgaurav81,1
kemulau,5
NeoVand,1
nomellini,4
shankar-tamang,3
tzttao,1
MtnMinniti,3
tomharmon,2
SunnyPSharma,1
alichherawalla,1
DrTimmi,4
p3t0r,11
bsandmann,1
rodriguetg,2
nonamejeff,8
vsbalajee,1
erbil1999,1
bonurgolg,5
Suzacque,6
animeshmohanty,1
Hboahen42,2
Teenkung123,3
ricsirke,9
malfet,2
jraby07,4
mti-ict-git,2
stunwin,1
MikkuChan,1
akayfurkan,1
ignpsk,10
vg126,3
KyleVanA,1
andriy-andr,1
lukemt,1
Furrosgpt,3
AgustinAused,3
suzukiYU000,1
fercristen,1
hagsson,5
Thinnerism,1
danielgonzagat,8
richardbushnell,1
Arabrunningclub,1
itsOrD,3
0xDosa,3
fulco,3
st-imdev,9
emintavlayan,1
FabioMelo10,9
JoshRtP,1
fciannella,1
ghstrider,4
prathamdby,4
wallandteen,1
mvergaral,1
simealdana,2
goomania,1
mindeazr,2
mpetruu,2
0xnuminous,4
Merzan120,1
AustinNChristensen,2
rottinajb,1
baicai99,5
Iliasbacha,1
LeBritishCarp,3
wjed,5
MaksatNiiazov,3
Lionel-dev,4
grothkopp,3
ChappyD-0,2
chapy0706,14
cherierockz,6
AlexandreGagne10,15
Thamielis,4
manaskumarbehera,5
benjamacias,2
arnaud-wissart,5
daylen,10
wrbyepct,1
yetto-tools,1
Sicko699,7
BenLangmead,1
dteske25,4
franciscoaccabral,7
SamuelTelesJr,5
imkero,1
junhanjeong,2
Alli1223,2
Svecos-sys,1
hwslim,2
Azpaa,1
tmychow,2
devilxcv222,1
jonjward314,1
linghuanguhn,1
i-am-syosei,4
wpfhk,1
edwardgushchin,1
psobot,3
Sylvere-bamenou,2
itsViney,1
gmarupilla,6
ever-flow,7
DJDOG67,2
datagro-tvieira,3
CardCounter,10
Danil-Ivonin,1
codedsleep,4
GM-Ant,2
raytrix71,1
stonksmasters,1
chung119898,3
MlNTYS,1
leningl-bzz,1
SanghunBruceHam,2
gcaceres17,1
georg-wolflein,5
jkpatx,4
Jacfogel,8
Suhailkhanmn,8
mrailson,1
kiloOhm,4
BaharRaf,3
GeorgeLuther,1
Wander-samix,4
Legend-of-Ledar,1
cmtemkin,2
JeremyJaques,1
frenchfaso,4
RudolfWeeber,1
antoine50150,5
goatyiriba,8
Jhessyjhordon,4
dsgeekssb221,5
janmisiurek,1
juan-luca,5
Tan200017,1
maxdestors,1
1iveowl,2
kebenet,2
antonshilov,1
eerikazz,3
obedienttapir,2
jking-roar,6
julianwemmie,1
mois-ilya,1
Sharik82,2
EviIhuevos,2
molasipa,1
ok2,5
Abakar14,3
francescodifilippo,4
stefangilgen,1
tmk75,1
theitchysmell,2
Janga786,1
atejzu,2
eightalex,8
maksheungyan,1
kostasuser01gr,1
brentewood,1
jhandl,1
adamnoden,1
silvafilipeuk,3
blindka,2
vigneshiamvk,6
blodesbaum,10
brycklen,2
Bumbook125195,9
abelgGit,1
tyrelfuchs,4
mokit,1
julioeconomics,1
buguyizu,4
viidul,2
Subles1,11
KochiThelyx,12
saitejajarabala,2
HazemHassine,1
frier-sam,3
MankiratGaba,1
Shoby-Altimetrik,2
c4ai-ifinley,5
scooter213dog,5
toshimaru,2
scalingai,2
Marcellovcf,5
Serhii-Nesteruk,1
laulauland,1
a-audic,4
JNX03,4
YusaKoc,1
shunpei1130,2
trungthanh01,2
mohanadft,1
GnarlyWan,4
caiosantosbsb,1
Kosles27,1
sarahpannn,2
apoortinga,1
rsoesemann,1
MellowBacon,1
Hi9841,1
Eivindstad,1
RIROJASS,1
jxbb824,1
Hawkynt,20
iamthecloverly,1
Beable1,4
sehn-512,1
chaditya95,2
johnlen7,1
cbruyndoncx,1
FranQuant,1
generiz,1
rizalmukti083,1
thezapalsky,1
fro3hnel,7
eymndev,2
Insignifi4nt,1
yahm0,8
ashfaqstu,2
BinaryMulch,1
SitharaGJ,1
XO1-DEV,1
avdosev,2
yehogwon,1
SaphMB,1
zen-en-tonal,3
JorgeAngelCastro,1
oriolrius,4
ChazK86,5
diegolagreca,1
anshumankmr,2
pkuzyc119,1
inputfalken,4
ChadY1,2
thelightbringer,2
gardunochris,2
Noahstark23,30
i1kom,9
Sanso95,5
borisgern,5
Saitejas21,6
maxgithubuk,17
mcelia2324,1
sparanoid,1
Gaurang-Manjrekar,1
osuperman,2
dzianisreznik,8
ai-hub-intern,3
gsenrdx,1
nguyenquy0710,6
mistermave,1
EugenioEvo,3
lupino3,4
FTarkowski,3
HelloHelpIntermediacoes,1
AyubAnsary,1
manish-in,1
Will22745,2
paolopci,5
Gatt101,1
HonzoNebro,3
DivineScholarEngineer,1
karlweir,4
kamsaid,5
2ndliferich,1
stochasticquant,1
kirillkrylov,6
EijiTeshima,1
borjaportugal420,3
bajman,9
yasuppy,2
Abdulqader-1994,14
alibrahimzada,6
anmol860,1
pyth0nb3st,3
ammedmar,1
BEKO2210,2
AmirMohammadNahvi,2
radi-sackler,2
TBSKBJustin,1
luoqi14,1
axemanks,1
Mister-G-G,1
selmantayyar,2
sgatev23,6
luandev,3
nurso0711,1
adminsecfr,2
ahussien,1
invinciblesys,1
RNEED426,1
king20300,2
hugochf,1
Jumpeeino,1
GilbertoGoncalves21,1
luisantoniomx,1
GabCamCes,1
d-issy,4
fmoraga01,2
2simguy,2
SbTchR,6
Jalst,1
sseanliu,4
izyuumi,3
achi200,4
zettai-seigi,5
jjdeharo,1
alportblu,1
DanielEstradaMallea,1
RoeeJ,1
kdairatchi,2
hgw3lls,1
alexcweiner,1
stevologic,7
vitormeloa,3
szirpe,2
ahmedtarek26,8
Mateopasho,1
danhyunkim,1
mathemagie,5
amadan95,1
Levisoloai,5
Rainerrr,8
var-poro,1
lordbones666,1
cammindinostravita,1
ChemaAlfonso,4
IrvingGomez,2
LucioSunj,1
vaishakhsnair,2
WebForks,1
orbuckley,1
lepskiy,3
sixscripts-ai,1
curtiscovington,4
spondiirty,1
sama50,1
KangkyuPark,1
ZoomRepo,2
seanpeever,1
UelitonFOX,4
eagle-head,3
1132jjw,4
thunderlight411,1
joshstrupp-dot-com,1
karanschhabra,10
tahakeler,5
jacoblam121,1
Git-krishn,1
anamarianet,1
MahmudulHasan11085,3
SergeyRuz,1
lizsufrinko,1
riveryc,4
matecoco2024,1
turkalpmd,2
neuraldevx,2
samfassberg,1
MaximeRazafinjato,1
gbrlvdr,2
mariihespana,9
Milvan,1
dhruv-shipsy,4
schacon,1
polisen,1
ryota-sugimoto,1
DDMouse0407,3
UriBer,2
lubmir2k,3
rieshy,1
tobslob,7
exaby73,1
A0x01,2
ManB123,3
OptimizeWorks,12
AbdallahAHO,2
DiamonDinoia,3
loty2019,6
york061231,1
jgmelo,1
vvilpas,2
calruch,2
MeyerDLevy,6
Ellsworth,1
rfeith2,2
nicolleribeiro17,1
anna-lamik,1
rokker1,1
blacksnowx,3
Broken972,1
Chorcholito,1
asapping99,5
samar1tan,4
ericmlantz,3
abdelrahmankhairy,2
andriskumpel,8
amirhosseinazarmehr,3
Dust9224,3
EDG182023,2
Oiubrab,2
jakub2929,2
KubilayZengin,2
maui2023,9
sharma-dikshant,1
ninomrt-bot,5
thesathwik,10
junknewera,1
c2k2c2k2,1
AI-Labs-Dengun,4
NiklasKramer,1
matheusvargas16,1
alexichristakis,6
kazumah1,1
Yossef1207,1
jschneider,1
ecsaganda,1
sitz,2
hasso0onys,2
jdesboeufs,3
ksin,1
ooralas,1
mrmidi,3
NorisD,1
b4rtt,9
maerzc,1
anislerouge,2
ddettaa,1
FilippovDmitrij,1
WiSaGaN,1
LesInk,2
HumanIA12,3
jrb495,5
pcorreia-it,2
ibrahimbadr95,2
Sunwood-ai-labs,5
TacHawkes,3
diegopirazabal,2
Ismvzx,1
jwatson-ccc,1
nrb7s,1
jayhaja,1
mahernandezhp,1
charliewilco,3
JanilsonJ,2
MysteryPhyo,1
DrorShokoPeer,1
laura-bizzle,1
aimedvedevq,1
realagi,1
egeakin458,2
AlBovo,1
wassemgtk,2
rodrigo-f-nogueira,1
kka-i,7
nnielzz,3
VirtualPixelz,1
dabmenez,1
larscolombia,4
Nelkon01,2
becherzribi,1
sacross93,1
wnshtm,1
Mw-majo,4
MahamidRawi,3
JustD1d1t,1
EliskaPokorna,6
FERMM2024,4
ElciJunior00,1
lenin884,3
OsCCastro,2
torturado,1
DogitoMB2006,2
frankliuao,1
cloudtap,3
levyan76,4
shashankshekhar2909,1
Fialh0r0sa,1
OttScott,4
Zhmutskiy,1
J-W-R-Data,1
wmanso94,1
wawan1986,1
felixrech-mc,2
LorenzoNava99,3
jm-rivera,2
FloB0,1
mpvvliet,2
TeamForeverSzabo,1
dansoo0911,2
tkrill,1
wendychen,1
rogermgual,1
garywangyu,3
Johannes-exe,8
manishbabel,1
JGD-RD,2
mberndtgen,2
islamshovgenov,8
Guillaumernd,5
korayzin,1
GLLengyue,3
hema919,1
fforres,2
LucaCevasco,1
JeremyLuna,3
VBacchelli,4
tripathisaurabh,1
ftchalo,1
brakebg,2
johnvusich,1
tojo-rabemananjara,1
cjuol,3
Odilon2025,1
alex-zalen,3
hfgobbi,1
efepekgoz,2
RatulMaharaj,2
veyaromain,4
ahsanfareed1,4
ricmozz8,6
AdriErMakina,1
MarcoEstrada1,1
BoranPatron,2
byi09,3
Cawzzy,2
ariful19,3
faliagag,1
occho222,1
allada,3
davidmartinbarrios,2
jerlew01,6
IZonGroup,4
GuiSchet,2
seungmindavid,1
courtwhee,1
tazzledazzle,2
alekszivko,2
iamKiryl,4
vinnyjth,1
CokkocZateki,2
mirixl2,7
TheCoultre,1
taduxas958,1
prajwolrg,7
mahfpds,4
Su1teen,1
yfbsei,1
SNIARhuynh,1
zakimaksyutov,2
mmishut,4
shotaIDE,3
beng9re,6
DevPathak1,3
nikakhalatiani,1
bricebdht,3
Nawigante81,1
metalback,3
danimap27,6
sakho13,3
tbriz,2
johnson682,4
makeouthillx32,1
Digi-creator25,1
Famlinse,1
heiko-hotz,1
govind510,1
VladislavBar,1
mxaltundal,1
GentilliDiego,1
ildiko-szabo,1
JulianaCarvajal,1
donalotiarnaigh,5
Kath-Valenzula,2
Saparta,2
Aronstac,4
mezzat11,1
iqinisomisha,4
jeffrechten,3
peterwcm,7
shunsuke1909,2
khuzzuk,1
Alex2262,5
turkmenburay,6
marti45999,1
ParacelTools,1
clopesda,7
eastermaster,1
shung256,1
taniiicom,11
Tyyy2,2
AndresIslas99,1
pront,1
ehlvg,1
svroff,1
nouscloud,14
lucaschabiron,3
BoredMiMi,11
barbaramperes,3
dowhatkennydoes,4
chatgpt-riverhouse,1
scu-lixiao,1
BDOlode,2
ZChunzi,1
featured14,2
mynamerahulkumar,4
lightcompass,3
yongkyu4803,1
Froleyks,1
KovalovD,1
Kesha123,1
Meetai015,3
gabrielebarni,1
eldomagan,2
cives93,6
TheOnlyOrigin,10
RavenStorm-bit,7
fkondej,3
waldoKuma,2
Fenix22,1
Londirin,3
ladypersie,1
Berkay-tasagir,1
limcpf,2
kame-pc,4
patrick-morrison,1
sectorcode,3
RudminDrones,1
sebacolladott,1
TiebeDb,3
Vladimir781,8
nomi3,3
infrastructure-automator,1
ShayanTalaei,3
andre000,5
ZeusFSX,3
hackerinotrollerino,4
DestructionFox,6
AIgnitedMohit,1
mikhail-tabong,2
Martounis,1
hyukjin-lee,1
nonDeath,2
HakerMate,1
prolcho,1
Fynn9563,2
viktordrukker,1
bulat-beltone,4
plgonzalezrx8,2
0x23null,13
jemishmoradiya,3
aditj,2
loganchal,2
Shudh,1
lakpahana,3
rezuma,1
yereke99,3
ograycode,2
gavincao2023,2
luozeyu1024,1
RowboTony,1
Yuuta998,5
hypervanse,1
jeffabailey,1
nadavital,2
Lubomir-Becka,1
Zenuncl,6
Khorolsurenn,1
Nina-petit,12
zooo980801,1
SYLLA75,4
sintex85,4
NLphenomehealth,1
mkzer,6
Jvargast,7
dgupta40,1
nabinno,4
felipemcoelho,1
jay-theriault,2
MelNikVl,1
Poksno,3
DaveDushi,9
dnjzhang,4
badenh,1
campfireaistudio,1
mohit,1
IvEd123,1
aaronwork,2
MarkSG06,3
alsma,3
Plahtnaum,1
Baller229,2
H3nt3ls,1
rudranaik,1
rreben,4
LittleViewer,1
laskaris,1
nikmcfly,5
zakki,1
Arkatul,5
rickdemarte,3
mayankdixit46,2
fhazraty,2
abatkin,7
Ast-ai25,1
Benjamin-K,1
ichie-benjamin,2
maxboook,1
Hskrolow,1
ricardojrgpimentel,4
ahmedryasser,1
Gongzhui,1
29cmtruedamage,1
hknu000,2
mmikita95,1
michjt19,17
EkkeDB,4
kuka951reku,1
kishMaster29,1
mdessl,1
jakereadxoutlier,6
ximenaaespanaa,1
mpulido887,1
adders666,1
matt-stevenson,1
sqlonlinux97,1
Rombito,1
eropinop,2
Quinnsagen123,1
3utta,2
thejaved,1
SamiAbbas21,1
roy-adler,5
Ivannn243,1
anshulfr,1
Sushantshah222,2
hyodlee,2
yuxing-lee,1
wangedoo518,4
Advan7Sapo,2
edcesar,5
BanditF,8
ignacioeltit,1
BrightsizeLife,5
kelvinlock,1
bloodysnowx,1
ghostsh33p6,3
Nikkimj0625,1
silentroach,2
minjae990811,1
lapinChiro,2
benwbrum,6
Antonio-MS-Coder,1
Delving-Mage,1
fxcao,2
FCharbonnelle,1
Methdul,3
ngray0,3
exequielrafaela,2
MstrDzn,1
BSFishy,1
achendev,4
BenYILDO,2
Tanjim-Islam,7
sahincelil,1
NikitaKatrusch,1
neosix78,1
IdoShoshani,5
dabrenf,1
muratsu,1
casoon,1
Gamtera,1
LXrdKnowkill,1
SkuldNorniern,2
joys000,1
romiteld,11
lfsando,2
DenverN3,1
gsogaming,1
benja80l,1
WAusate,3
ricardoboss,2
flschr,4
CommaKia,1
luke0x,7
buYoung,1
Bignotto,3
moerdowo,2
mrmartin,1
Easy-Web-Australia,5
LuRods,1
ashlith143,5
zhuanyi,2
dliedke,2
Theisuru2018,1
xentristech,4
zaziedlm,1
PejoTech,1
IbrahimTugrul230208001,3
daoud-tn,1
hendrik343,1
theaux42,1
kgilks2,1
GilliardLima,1
Akuhana,1
jmolleda,2
yibie,2
inuyasha1031,1
micahyoung-free,4
DotNetMaticCom,4
dbaknack,3
crimsonstrife,1
amille67,1
itamarcaspi,1
rodriherrerab,4
aitesteryoutube,1
bzburns,1
RamazanNuhbalayev,1
Beshoy-Hezky,2
evil0zero,1
AmlaPeter,1
flathack,3
selfbalance,4
hrpalomeque,3
capituu,5
LoonaHelluva,1
aradinan,1
RobertOltean314,1
wojtekdobo,1
kyywes,1
bear9663,1
Perebati,3
NickBouwhuis,5
Komiiiii-2039,5
davinnguyen,1
samthomps25,1
tryssmtng,2
jduke-halls,5
marcelomarra,1
externeaccu,1
AmadeuszKobos,2
AIzokowie,2
garland3,1
harrybridgen,1
Rodcarlessi,1
tomitokko,1
JurgisGA,6
Hotranking,1
VictoriaSCorreia,1
jaredalexander,2
eggr7,2
ArnoldSpyros,3
enmask,1
christian-jorge,1
TH33ORACL3,2
AdelPU,4
addyire,2
fedentz,1
ishanhemnani,1
Akheelkappoor,1
Sustainatltd,1
yuya-kobayashi1023,3
pnixnoel,14
eyannick,1
yougotsam,1
JavierEspilocin,2
petterthowsen,1
mantavya0807,1
Anshuman11o,1
Okaforemeka,1
conner0011,1
denizlyrhinestone,1
AhmedSaeed456,1
BarisanoKira,2
ralffpilarczyk,1
disintegr8te,1
Roman-,6
Mayank-Able,1
AbdoJawad,1
MaxT2,1
d-lee01,2
AlejandroFloresM02,1
paninicho,3
kainheinlein,1
eab1362,1
Jennyleigh,1
Najahi-Dev,2
Skrtdaddy69,1
jslick20,2
ksavill,7
HakureiYoru,1
EvandroBatista179,2
clyde0813,1
chenjunyan1,2
pgmharikrishnan,1
errowdrigorena,4
1arry1iu,3
pazimor,7
YuhIcey,2
timur-khakhalev,1
Thabo-Nyembe,3
JusesRa,1
OmarShahrani,1
Avivit22,2
Emmanuel-ICT-Support,2
williamsiker,2
Tanguyboef,1
Cosmic67,2
walteribtuc,1
aroflo1958,5
kiramaya10,1
CharlesHaworth,1
yuyo272003,1
ademirrodrigo,3
Testytestiantan,2
jgautsch,1
mesatowne,1
qavit,1
tom-za-wa,1
tarush7,1
lukeslp,4
streetingames,1
damian8333,5
nikhil-pagote,1
elzobrito,5
Boyyypablo,6
dheimemocelin,1
nei66s,1
ujotavede,1
mcmanusef,1
enrique-dealba,3
SORA112117,1
olioskar,1
schreibman,1
ayersdecker,2
never13254,1
sheepycrunch,1
Av-Jorge,1
Guadaluben,1
MINIEK99,1
msalah1988,1
omar-el-mountassir,2
MarcosRCamargo,2
VishalSingh1806,1
Xlinka,1
AnamariaE,1
FibonacciAi,1
ganolan,1
riragon,1
MelAbnd,2
JMICOLTA0,3
spiralbewilder,2
yoniyamin,1
russeb85,2
tug74295,4
ellemouton,2
Sanafana,2
jsuazos,1
JorgeBelmarEscalona,2
kent750,3
tarappo,5
fakenickels,1
dcederberg,2
myrah8742,1
kaiteddy,5
ramiro0987,1
drivetest721,1
samiy803,1
mbcann01,4
jeeplsu,1
antpln,5
Mouaiadd,1
asabla,3
Lanthar91,1
ashwanijha04,1
Cpiggott-lab,1
UtkarshChakrwarti,1
CaioVenxncio,2
Edu-Prado,1
silasteclas,1
relluf,1
syawin,1
alonnad43,1
alexrodl,1
smartraven,1
foxalabs,1
shine201,2
sbgeorgi,7
acaba1806,5
emick,3
nelsunmayor,2
vcasellato,6
Dacc03,2
TriggerMoke,2
Max77788,1
LipkiyPetrucho,2
Xeloera,1
deeptshuk,2
sarojbhattaraiii,1
smoealy,7
danikhan632,3
biglevartem,1
igrbdrv,1
andytanasa,9
Alex-Teotonio,2
SamMey193,1
FreezeFyre,7
RodriguezDiego2am,1
neonnoe,2
nansamhayato0706,1
nht2018,1
antharuu,1
lucianogitbr,3
sefinek,3
xuing,2
MarketMystic,1
amitchaturvedi,1
ANMOLCHOUDHARY1,1
nirnir,1
SenseiStephane,1
leesalminen,1
ErblinZeqiri,1
Pedro9Z,1
ALIASGAR-07,1
enniolopes,1
themodernturing,1
bigboss2099,1
Lucaslorenze,2
svix-lucho,2
ratneshs230,3
afonsolelis,3
shartiniquais,1
sanjartist,5
nametovski,8
Violin-Chen,6
ExploitNet,2
AdamDao12,1
jcp-tech,8
Nihihitik,5
davidherse,1
ohshane,2
pau-quirozz,1
b8niiii,1
redfox7691,3
WangChengYeh,1
applifaction,1
vishvajithbk,1
BRX10,1
bayamax,2
yusufcinaar,1
superjasiek,3
Shermataphore,11
gishanchamith,4
weather-report-op,5
omidtalwar,1
RenderBr,2
tadeodonegana,1
marianocarrazana,1
Luna-v0,1
DaveWyborn,1
AndreySavastyuk,1
MehdiBenAttia,1
Adn225,1
mohed-abbas,6
Tianyizzzzzzz,1
DOMIAXEGDE,3
tycronk20,5
smokeofc,8
ambrose83646,1
kristaearthmage,1
jslabxyz,1
ylorg7,1
muneebbembex,1
MAHMOUDHAMMAD970,1
HuseyinSoylu,1
aravind289,3
kkhanipov,1
holdenmatt,1
gwelinder,4
jefffhaynes,1
CHILLY-11,2
shakeelviam,1
SP3kz,1
wesol4,1
greinacker,5
RedPandai,1
blazittx,3
editnori,6
Mdicarpe,8
GitEngHar,1
pranav-bhatkar,3
PiotrWisniewskiDBR77,3
gavinsusca,1
bniroula,2
JFab68,8
botfather-dev,2
SYMBaiEX,5
Wiki1998-dev,2
TheConAir,8
macbenouze,1
barx10,1
aymenhalloumi,13
ferd-i,2
Rancunefr,8
kinoflon,1
catgie,2
leoxeom,2
metis-ign8,1
idanzada,2
tuttlepower,2
josemottaf123,1
santiago-paz,1
davide0888,5
muraschal,1
tikuro69,1
JoungDongHee,1
tjpalanca,2
cloudd901,6
darkolorin,1
asimkadav,1
ranjithbantu,2
rohith50,1
aptyp78,1
lsbonafe,2
giottobright,1
casco,2
brandon-post,5
robertxi01,2
quickbooks2018,1
smwitkowski,6
mathcampbell,1
adaptaly,1
sotayamashita,1
dotanga,1
adourian,1
dbregal,1
LeonAnibaloide,1
lampyr-io,7
mickmcgrath13,2
gkirkpatrick,4
jidasong,1
iiizzzyyy,1
matthewjablack,1
Malygossssss,1
yoyoboul,4
ThibVva,3
Monzero,3
delamata,1
km8633mk,4
anamitradey,1
ananas1991,1
nitzero,1
0ariell,1
QuentinLeroy17,3
thisisanOldMan,1
nechmads,1
nak0x,2
AnkitSG07,2
Mulherbe,1
Niymer,7
LEECHER1,2
Parryho,1
AndreFernandes37,1
mtzosaka,2
k1lls3x,1
GanizaniSitara,1
leonardocuco,2
sbeaty,1
richys-co,1
SharkeyDev,1
mpdwyer2367,1
like-kradness-2025,3
ytlai1985,8
GuptaAkshay,2
TheRealCaston,1
balpha11,1
SMG3zx,1
ChineseCodingboy,1
Priitivi,2
imlingr,1
welshofer,2
rohrsh,1
blappay1721,1
deshpandetanmay,2
amirhnazari,4
Kovain,1
aquiles9823,3
jasonlam-swatow,2
1agni,2
fermumen,1
mconventi,3
AWT-CCreech,2
DiaHere,1
gogoadl,3
xord,1
mcoviello29,2
chancehl,1
Hiro-Labo,2
suleymanozyurt,1
derrohrbach,2
ixtlanets,1
Knyazhishche,2
jannis-jedhoff,1
maxi-scala,1
DamirGadiev,3
SpandeyWoodls,1
unlimincome,3
GuilleFerres,10
thisisommore,1
Gohanado,1
nazar-dzhura,1
aXenDeveloper,1
Q-Scroler,2
bzinoun,9
tavsanme,1
scott-mercer,2
suarev,1
korenmiklos,3
knightkill,2
Ill-Satisfaction,5
ecarreras,1
dewolixgit,5
furina123123123,1
JosePedroSilva,1
bhupendrathore,1
benserrette,2
AlessandroPalermo,4
xiaoxx970,2
Hamza-037,1
AlperCamli,1
dotnet79,2
Gabrielaragaosantos,5
Subrahmanyam-1369,4
DevelDoe,1
sachin3104,1
cicicici,1
njenga946,3
ivangithubed,2
spidaparthi,3
vatankh,1
hassan-baig,1
CamilleGuillory,4
pgarrett-ai,1
Pavolker,1
al3xioux,1
Samdan8888,1
marcosf63,1
Gabriel-Liz2003,1
cyanyux,1
Jeffery2008,1
kevinmjones,1
tahirrabbani,1
AvocadoHead,1
RM-Gonzalo,8
kvandenheuvel23,1
inugasuki,2
Luis95-06,1
rodrigosfreita,1
jonedmiston,1
Clixon28,1
ryansheehanencore,1
myoungjinGo-babitalk,2
eladmoshe,8
ericqian77,2
idalygf1,1
AndersH3,1
v4l3rio,1
lomismoney,1
rohitguta2432,2
vs-krasnov,4
nicolasnovaes79,1
mweli07,1
arianazmoudeh,4
Light-x02,3
Eleazar-desing,1
keitaro-code,1
JanneTammi,2
SalvaIvars,5
slyshykO,2
owsware,2
Luyun1224,1
evanYDL,3
lwhsu,2
fugerit-ai,3
himym1,1
pagas,1
dbbloke,2
kabane,1
sowmen,1
LogiscoolTeacher,1
monideep2255,5
iSmileNgyv,1
eroticissima,1
Everfreedom,1
wajdi-22,3
choppsv1,2
chemsallioua,1
lvtruongbrtchip,1
ALNUR27,2
arielDeKlerk,1
ksale001,2
arpitg1991,2
TristonC,1
wacoachrusso,2
JavaMetalCoder,1
dmondello,1
bogdan-arama,4
Kemxr,3
alireza-pakdaman,4
kaanunsel,3
CodeKaif,2
FelixMau,2
preritdas,1
dkhokhlov,1
tyoung-sc,1
Bibek-Ray,2
Martijn-ManusVR,1
sfmx,2
sewellge,3
ibrahimyilgor,1
odiomarcelino,1
kessleron,2
Mauro069,3
leung-casey,7
kanywst,1
samiraetc,1
123deoliveira5,1
Caettus,1
DennisLent,4
TarDeb,1
MarcelFrommelt,2
JustFeo,1
Jeff-Pesoz,1
arkanemystic,1
ayounas,2
jlindermeir,1
uqmshawn,1
EightL,1
sarahmjk99,1
adambakgt,1
Wakabayashii459,1
MuhammadTausif,1
pagidik,3
Salen-Project,1
noahapursell,3
kumarana,2
yuku181,4
shihhsien-wang,1
asharan2buff,4
yuor546,4
plamski211,3
brown3218,2
himanshu-ntml,2
ShkrSltn,2
whuang0,1
readydave,2
mrrmrc,4
anarculture,5
Motza-M,4
dakhlallah,6
BrianARuff,2
SAHILBODKHE,2
tr-evo,2
ImPHX13,1
Duc-python,2
kevinmickey,1
ehjohnyk,1
kunrt-000,1
GarrettJMU,1
liuivan615,1
PRsofteng,7
Human-Codex,1
kalidasrat,1
EymericM,2
wesleywillians,3
blackcancer,7
KoceskiFilip,1
stevecraig,1
igorkramaric,3
AbdullahOB,1
boumlikyassine57,1
beginho,2
Taidio1,1
diogenesravaglia,1
krishna-code-hub,1
manishanjara20,3
shirleyy21,1
sohaib1083-paysys,2
yasinkafadar,3
vvilella,4
samuelduchesne,4
rswdn,1
shaun-storefeeder,2
axfe8,2
dq-aem-nirbhai,5
gonerain,1
Mewbi,3
evilz,1
sukhvir1313,1
mewtonium,1
suzukij,2
tenistenex,1
Ultimex81,2
krzysztofmarkiewicz87,3
jasoncypret,1
jamesrh1,1
nvvuong2112,1
stirante,2
davidslvc,1
reallygood83,1
Josh116m,4
kenoharada,3
sabgaby,1
dysm4s,1
scottbrough,2
Sarcopterus,5
dchicale,3
Aryeon0228,1
mkarter,1
FrancesOkolo,1
Omji-krypto,1
Mloweedgar,3
d3m0nz,1
natemergler,1
AlexandrRozhnovskyi,2
omkmorendha,1
mrblaze27,1
HansoCG1992,1
365cent,2
basnetaakash23,3
Flutter-Developer25,1
teolzr,3
juandivison,2
TitaniumLB6571,2
justaverygoodboy,2
Jean-Reinhold,2
fpcgarcias,1
clars867,6
azureA08,1
zenitrems,3
5krm,1
DosBasedMan1,1
charleschiu075,6
sergei-kolos,2
logvisionn,2
fabiodutrap,1
ashoktallapelli,3
n-kats,2
tpai,2
migbit,2
Renan-Pontes,1
HK-creative,4
phivanloi,1
Drilmo,4
Aryanp018,1
eduardrobertpaul,1
github-ptaylor,1
Onke,1
quider,1
georgionet,1
Xamflex6,1
andrest04,3
SamuelWeberSoares,1
mattgotteiner,3
cdalar,3
christianhujer,3
r3core,1
alex271828-arch,2
greygizmo,1
DTF08,1
Yerbearserker,2
ricardozago,8
cascusic,3
DingbatDelerium,2
BehabPatnaik,1
Ebautista27,4
darrindeal,3
acetka,1
Louisg909,1
vkozio,1
legacyguard,4
msw-zone,5
brendanjcaffrey,2
astromarb,2
SF-Prog,1
Seiya380,1
jhill,1
Masaya1582,1
Daniel-Lloc,1
sea403,3
Abhiram1307,1
oteroantoniogom,4
FeMattu,1
Exteriordemonic,3
HeaInSeo,1
kjkj7836,1
utkarshgill,1
MathiasBirkAs,1
guidoaguiar,1
Fedebarriosd,1
SerjDrk,1
ihamidrezar,1
idevwise,5
gugus7733,1
Thump3d,3
marcosvbarra,5
khm0813,1
willrapha,1
ALFherv,2
PabloMendieta03,3
daniakuli,6
evanward1,5
CVasquezroque,1
Xeno9948,3
Mattsface,1
0xBingo,1
strategio,3
calisweetleaf,2
helloanniezhou,1
agusproci,4
leonleidner,3
jvanvinkenroye,1
uhwgmxorg,1
Sid-ah,1
SWAROOPNC,1
Nasser934,1
ConstantinM2,2
SajayR,1
huynhduydong,3
SrikanthReddy-dev,1
alekcz,1
prakashrohan,2
rishabh1024,1
MNPickle,5
ateflearn,1
kenstauf,3
MoArafat97,1
Simonf8,1
vasherstov,1
paicomlibre,1
BleonBalaj,2
tenrev2009,1
seizavl,1
Ordertakerkatax,4
Gabsn1,3
Shahrukh95,3
MaxToBa,1
thNel,12
millfreedom,2
xvibngn,1
lucasfriedrichh,1
tonyhalik21,1
fedetreu,2
RynAgain,1
rafaga2469,11
calvinmidnatech,2
kentaro9907,1
DDcode0,1
igorbrasilx,1
samheller,18
jMoulis,4
Jalrey,7
abaument,3
cheapl,1
andersonmdn,3
tekinbomer,1
juninhooliani,2
lior25659567,1
Vick-17,2
aktivamedia,1
sharafedd,2
husseinkazoun,1
iissms,2
adarshkunwar,1
THEREALOlechan,1
hassam4,1
persona964,1
pigsly,1
roycaspi,4
saifithyrao,4
StephenB-24,3
Kelo2000,2
SlawomirWisniewski73,1
ThatMovieGuyOriginal,1
ChocoNilla04,1
bagrad007,1
HiLleywyn,6
ugurokms,3
fujiyuta,1
UDevsGame,2
jowpereira,1
cheeann13,1
quilross,2
davidHarush,6
falkkrueger,2
alyssonjs,3
irffanasiff,1
ceokornten,2
MohammadAminNamyar,3
zrchencn,1
stan534,3
dohne12,1
hanbin9775,2
TukanHB,1
HnivGnad,1
daiens,1
ondra,1
julianfbeck,2
calebevieira,1
jimobrien,1
ZW-5,1
lmmelo,1
msmarc75,2
zshigrit,4
hepuentes,3
antt0n,5
rishi003,1
mityasmirnov,1
ahmedzadeh,3
nathanmazzapica,1
novaeon,1
R7NZO,3
qkrwogus98,4
cdmaduro,1
armyrunner9916,3
xelacast,1
phot8can,1
cserraleal,1
Zeethulhu,2
Nicba1010,1
Eduardolex,1
hfuentes001,1
KXNVRA-dot,2
aniljailta,1
dpuljic01,2
arditm,1
ma-serra,1
StayinScootlySchemin,2
tung928,1
Brian0274,1
clarki8,1
andrew-blobfish-ai,9
zulkifalaziz,4
gherghett,1
Gu7z,3
AnalystTom,3
ZRXVOS,1
vateseeb,1
ThauanyAA,2
dgulle,1
Shaneos44,1
wealthcx01,2
Raixs,2
dollarino1,2
Noelmarketing,7
OrhunKenger,1
ltfysl,2
mustofyou,1
OsxProject,3
jane3966,1
mktg,2
irina-s-yurtaeva,3
maceip,1
sydneymcolumbia,2
roophillips,2
GlobalLexConsulting,1
harmonyjs,1
gstarnet,1
moprojo,5
natodjandji,5
Haroon-jay,1
iggmasterdev,1
jonasldw,1
Shaphrang,1
nhatnam2000,1
ACCalik,3
falsafat,2
Emerre12,2
vickybol7,1
robban13,5
Vovoronale,1
SrinathAetukuri,1
kaliSaada,1
Passler-Marlo,2
thrasher-,2
vicentegalencar,2
ofuochi,1
quintentrichardson97,3
musir34,1
blmothapo1,2
Hajsiu,4
kennonstewart,9
kenji10190,1
Manuel-Fostier,3
cassrose19,1
john-aigora,5
hirefrank,2
mrieser1238,2
chahyeonuk,5
LachiePhilipson,1
xianghe-meng,2
redattorisulweb,2
a1rat91,2
martinLavaggi,1
CatVictor,1
gonzaloMorenoc,1
darioAnongba,2
forlack,1
kavinduUdhara,1
ManojReddy999,1
Idanbot,5
tangvietnamhaitenvn,2
AlemDoCodigo,3
rijul1597,2
knbknb,6
Quimett,1
QuantumDevGlitcher,2
gvfullstack,1
adebali,1
chrlshc,5
deabow,1
gixxerdiva,3
JasonL233,1
ravi-prakash-v,1
ItecamCFG,1
dnlrv,3
rishi-more-2003,1
MultifokalHirn,1
LukeLauterbach,5
AbMirsee,1
daecheolsong,3
zascontab,2
D0u81e-U-9ee,1
xiaohk,2
AlisonSarto,1
adityagoyal009,1
jfcopete,1
eltonjr13,1
bluegouth,1
iaieeeuptcsoga,1
MizunoRyotaro,1
jvegaAD,1
yijund0422,1
TreinaorDavid,4
thathman,1
mayank-ast,1
JanCarlosBTC,4
aitanoffir,2
Anirudh3232,1
Thrillcamps,1
mrbtcgambler,1
ArneD,5
marchblowshout,1
synapseever,1
khalloda,1
Wilhofstrasse,1
bayaniw1,2
egonos,3
atakansucu,1
faikerkan,1
Glimor,2
fitzoro1,1
FIRAT44,1
vuanhbui,3
Luigi-Papalia,4
1stanand,1
Foldin,1
DemirBalemir,4
Cornholio6969,1
topisun,1
ethan-wickstrom,1
khrystynaStyslo,3
Jonatanjirub,1
roosdy,7
pauli2406,5
sjobergfredrik,1
tixuz,1
hholst80,1
lvterry,2
sitebay,2
anaef,3
lucasaugustsof,1
introvert,1
radoslaw9021,1
hashara256,1
KIMDONGYEON8406,1
ChaoYue0307,1
snejkaj,3
kaweetasharma,2
N4rv4lus,1
mattthhh,1
livoras,1
whisper0402,2
capawawa,2
aseel-qazqzy,1
nana-infosec,1
rewhile,1
louissabri,1
ajisrawi,1
cristianoliveira063,1
x86taka,1
joseandresmillan,1
gizmo84,1
vbronevy,1
EricsonWillians,2
xiaoyu12,2
RodimusPrimus,1
Allen-077,1
jadoo3,1
lorax786,8
rbarazi,2
afrocoder16,2
NikolaosSokos,1
CharlieFRuan,2
ChrisDyj,1
HenryArin,1
teoypt,1
kaosb,2
xiaozhezi444,1
ngonsusu,6
TashaSkyUp,3
ardalanebrahimi,2
w-woloszyn,3
JHentges,2
Rufjulien,1
rubensrvj,1
texvix,1
alexandreg12,1
Yasin-109990010,3
DoctorDam,1
EugeniSegarra,1
Simulashang,2
louixp,1
AdnanMAF,1
jhoan2,1
MohammedAjwah,2
Vicdel2104,2
kemalarsan,1
CryptoCoinLab,1
Sxxrya666,1
Ballzach-sd,1
jrthib,1
ruanmoa,4
Dmigoya,4
sibaritos,1
liamwatfeh,1
AccelAnalysis,2
AMAS-39,3
LuckySting,2
volkov,2
sumaiya-hossain-dsi,2
tianxia00001,1
Azzarum,1
learnbydoingwithsteven,6
alvin66git,1
OrkoHunter,1
thomas454538,2
saifabuhashish,1
Agacco,1
Occid3re,1
theancientlunatic,1
Dungzcute,1
RobertKarathanassis,4
hogumaster,1
FabrizioCalderon,1
kariyavh,1
KevinPerezMarte,1
FranInfante,1
sampturned,1
cartergenius,1
powmel,1
kruk903,2
VictorCalatayudCranfield,4
linkazoid91,1
jtangy95,1
originell,1
MDG1Play,1
PandaGnar,2
AaronNHorvitz,1
MaykonLacerda,2
eddiechu888,2
J-Sym,1
Harukunnn,3
benjaminlu34,3
adamleithp,1
exrhizo,1
emilyhorsman,2
PrABpY,1
miouzikal,1
erksch,1
SviatoslavBeiar,1
maz3tt,2
AbdullahDaGoat,1
matthewaltenburg,2
mattcorey,1
p-i-g,1
mahtabsyed,1
baparham,1
aman-arya,3
ezo243558,1
jeff4651,1
rmens,2
motavg,2
Jonghyun-Park1027,1
IKGBfr,1
TartsRGL,1
marlondivinosilva,1
ChristianMariano4,3
Rotteveel,1
kudos112,2
gecko1134,1
TerryMay,1
rom-19,3
maurolag,2
4str4-c4str0,1
kennyHH,2
todie,1
dnandakumar-nv,2
ebramsherif,1
lotterinng,1
Rvillena75,1
harisarang,1
art-harutyunyan,1
Kezreux,1
RebeccaSharkey,1
yellowcowCDR,3
Disregard-Therest,4
yeshmandava,4
DamRamCE,1
Thinker-Joe,2
YoshiRi,2
nutrausagit,1
eviadev,1
wbaeracles,1
mangwhee,1
uditya2004,1
mosgood3,3
MehmetEmirKeles,1
keaniie,1
andpower,5
MiromanovDaniil,1
newsbreakDuadua9,2
pleink,1
MedeAnaCode,1
leonardoprimero,1
2abet,4
Ayouil-Aziz,1
Lucxar,1
WKrohg,2
zhenzhongxu,1
MNWWFFKEWL,1
yumayuma708,4
mikkel,2
Huber-tech,1
akashdas0307,1
Abhinav-Avasarala,1
Alna7as,1
michaelclarksinger,1
SnehalRay,1
MigoJJ,2
AntonioFerrao-hub,2
HopeJar,1
CiyerSeven,1
LiranMil,1
timdbrian,1
jesperg-ai,4
acnormun,1
CoderBunnyS,1
shunaaaaabbbbb,1
Rishi-Rijal,4
Elic0de,1
renzoserra,1
aabhimittal,1
prcris,1
wernerdweight,1
Salaem66,1
chr7stos,2
SigraLwayk,2
RuntyAxis1111,2
kentormb,1
BOUNORAli,1
Allgamepicks,2
bsavage81,1
cr625,1
CEOofVSU,1
ONXMaintainer,1
DwayneWilkes,1
dustywusty,1
adrianga14,1
JuliLaterza,1
ppongpeauk,1
snowkirin,6
caelicolaZ,8
cmgfender,1
sunilbittu,1
Kelstudy,3
jgolden36,1
ansalls,1
ifhito,1
ivannafigueroa,1
moreshwarp,1
phanigw,1
NabooJarJar,2
Johnny-dot,1
Real1236,1
HEKUCHAN,3
sdqri,1
RyanShook,1
joosmn,1
fabricnogueira,1
SplittyDev,2
fayzerlol,1
okuiyasuhiro1964,1
mornningstar,1
likefallwind,2
Rdj23,1
VirgileDjimgou,1
alkham,2
maximusbirkefeld,1
elcoda,2
Jorgeribmar,1
stoutpanda,3
FredzyPythoner,1
Gumpo887,4
lbearl,1
miazhenny,1
Andrea-Taloni,1
yuri512w,1
edisonparia,2
Fervaro1111,1
navoneel89,1
FamousMaslina,1
Into-The-Grey,1
JangHyeonJun,2
twallbaum,1
Scowley4,2
rzrmayur,2
ASTROHSU,1
reshetivskyy,1
mc-adrian-lei,2
VVVpa3ck,2
souza-david,1
aweuve,3
sthnetwork,1
pouya-nik,1
MickeyBinnoon,1
ifloofie,1
arttukataja,2
Error-404-0000,4
fabianhr21,3
pabloinfracore,1
mo7bq8,3
misatss,1
buchholz2,9
limboSeeker,1
exondre,1
HPelek,1
pouyakhoshkhoo,1
DylieD,1
technapscompany,1
thevarun,1
joooord,1
pacoalva,2
manhnv319,2
Nico-Sar,1
anajuliarauber,1
amartani,1
shamikkarkhanis,1
kwonzweig,1
luiyeas,1
joshuaonuegbu,1
nooogle,2
seeward,1
sadjad,1
justinli500,1
joninafta,1
jieguann,1
jasongries22,1
Scripterix,1
snyzeroff,1
Lukas-Moreira,1
SyNode-IT,4
yuya-tajima,2
andrewgazelka,2
CyberHipp,3
kakahu2015,2
vschwaberow,1
kufirre,1
EthanPrentice,1
lettucegoblin,2
aosunarosa,1
yamiddevofic,1
elhajhr,1
ahmadtariqf,1
ZachariahAlzubi,2
pleone-DQ,1
eknkc,2
expertzappdev,1
chdaniel198888,1
boblaros,3
Adam-S-CXT,2
Danny1053422,4
ScottyB55,1
Logankreuzer,1
jjliaw1995,1
AnesuMusopelo,1
CesarLortet,1
mavilla88,2
aaronGLS,1
NicolasEmmel,1
Ben-Baert,1
VJMontero777,1
mustafa535353,1
lalonde302,1
douglasboger,1
ChadMakes,1
stereolovve,2
myronww,1
nmj18txstate,1
NguyenPhuc530,1
Zeyoman,1
bekiii-hub,1
Rupesh576,1
fabricioveronez,2
cy-real-del,1
carlrosell,1
Nairod36,1
abnerpalmeira,1
RolinoTheWolf,1
dxc8721,1
caiobarrosyho,1
Red-Colt,1
NorthernBit,1
dawad6969,1
Ntrondle,1
makbrash,1
matu12345,2
Sombressoul,2
TavoNiievez,1
JustPersy,1
Milanopt,4
PancakeZik,1
MarkusPietruska,1
Sam-superlab,2
humys,1
Th3DarkSand8tch,2
Miteze,1
rullroice,1
dra737,2
Wallbi7,2
Meta3VenturesAI,1
preyai,1
adiKhan12,2
mianni1,3
teja00,2
joshgetter,1
edugomesdev,1
vitabef,1
sdwwalter,1
ikegamiryusuke,4
ryusukecp3,2
holedev,1
bu-bu-BUTASAN,1
shonakamura000,1
zacharyhimmelsbach,3
austin-e,2
jaspalkahlon,1
MinhHaDuong,4
philiparad,5
neelp03,1
Policoo,1
LabMD28,2
MOSW626,1
adamscao,1
AlexisSantin,1
moadgarwan,2
americancabling,1
FLD-TN,3
ved1985prakash3,2
albarracincristian,1
Zubix-lab,1
nstlgy,2
harenderk62,2
ZhwnWeiXiao,1
AGuyNamedDJ,1
dhruv-borad,1
AlejandroLechu,2
displaynone,1
luizftoledo,2
thiensutinhquang,1
italosilva98,1
kfirosb,1
rkhani1,1
CarlosVerasteguii,1
93372377,2
SebastianJitaru29,1
muhammadasgharaliqureshi,2
kalpas,2
JeremyOwt,1
noelwehrle-at-mehrsalz,2
Dinko29,1
njpatel,1
infrapilot-dev,1
bustisimo,4
nvnoskov,1
ih9gsm,2
gord1306,1
Kai-85-git,1
MuMooMuMoo,1
KevinOBytes,2
Precipitator80,2
ACEngineer13,2
HampterPW,3
esamindo,1
wk23aau,2
akrami,2
saniet128,2
yehudareisler,1
Louie-RP,1
b4lisong,3
along3Yes,2
huihun95,1
DBIT-Devin,2
joereddington,1
000Sean000,1
Bor1s,1
6ara6ac,1
cardona,2
HitanshSondhi,1
amolrod,2
Ofir-Shaya,1
mizphses,1
femust-fieldai,1
Omer1004,1
jan256,1
lepned,1
aalexnagy,1
hunternbh,1
joseribas89,2
raphael-mslima,3
G-00000,1
murillodigitaldash,1
deMGoncalves,1
valnet2,1
tz18188,1
cosmokramerII,1
alessandroaiello25,1
jun-simons,1
Ramedon1,1
meronic,1
ActuallyFreshIce,3
lzhang95118,1
jannick-holm,2
alijawdat-cyber,1
zahiterdemguzel,2
CarlCort,2
Ujeverson,4
KrummenauerKael,2
djomla1989,1
candoanybutcoding,3
kbui041,1
navaro,3
khotpratiksha,1
Javanmardy,3
luiscornejo1,1
2445868686,1
arush-arun,1
eloisarrazin84,1
Rodribm10,2
Romano-de-la-vega,3
felipepiresdejesus,1
DEVNataCRF,1
mattphilipenko,1
tarekeltony,1
tevdevelops,2
DF2353,1
BjornstadThomas,1
th3n3xtg3n3ration,2
Gooogr,1
ytchenak,1
Clemezza,1
GenExNevek,3
yasarremre,1
Avraham-prog,1
EndR4Y1,1
kyncosta15,1
jquintanilla4,2
swblain-glyndwr,5
zzadri,1
waranusorn,1
Guayben,2
ljsxp02,2
divtrl47,1
benwyrosdick,1
panachotti,1
DominicRuano,1
doctorhoy,1
Vineetkothari1984,1
ok0204q,1
milanvarghese,1
Gameoversv,1
FozenZhao,1
bartwell,2
evader,1
laander,1
joelstanner,2
therealcisse,1
BraydenLangley,1
soringroo,1
lokvamsi,1
powerstrong,2
matdrtx,1
hilalnasir,1
BerkantOzmen,5
PaulFidika,4
duravi-charlie,1
pronia00,1
huefilm,1
SyncTyron,1
vigneshnagarajan93,2
Ayodejifadare,1
shir799,1
stanleykc,1
Mvgnu,2
Arghya721,2
Kouhaitarou,1
mearaj2000,1
brbu241,1
gabrielft-me,1
klocekian,1
wbic16,2
invick,1
Nate-L-Beckwith,2
GendalfBlack,1
metsch,2
mgrinsted,4
TEYKK4,1
SidhNor,1
DDiaz0422,1
ukhid,1
MARH2023,1
aditya123123123123,1
TheDoodAbides87,1
eduardo-canelas,1
nachiketmistry,1
akshayan2024,1
klindic,1
mathieu-talarian,1
Turbovadim,1
gkumarg,1
paraemsi,1
infected-computer,1
bradgrantham,3
Unluckyathecking,1
Nitram1984,1
valentinkm,1
Jianjon,1
abdurrahman-eee,1
TheMeanMachine,1
dongsoek-kim,1
valkiriaaquatica,1
SnowPeakPro,3
mr-ElAmine,1
johnhamlin,2
KavanBahrami,2
alm0ra,2
eduardfrankford,5
frankmdmc,1
davidefnapolitano,1
marcada,1
kaganu97,1
CPearson60,1
OffDaBranch,1
RFOSHA,1
screengeek02,1
18z,3
PKrunal26,1
nhu92,1
Macbucheron1,1
davdroman,1
PrismicMedia,5
SantiagoMb94,2
Minestorm01,1
ArthurSGO,1
Squeedr,1
Khanhsz,1
KresimirKoncicNeuralab,1
BennyTheBandit,1
MeridithJunk,2
ujjwal-reddy,1
umitkacar,2
parham-ashur,1
NarendraY11,1
bhanu2507,1
marek-elisity,1
saraelbedeawi,1
Josht1076,2
Ezzei,1
yunani,1
andy1631,1
IlyaPitukhGit,1
AdeGneus,1
davestroud,3
yassineben92,6
rogeriodossantoss,1
HirenBP,2
samanthasbytes,2
KrithikaOS,1
bxrtie,1
philipus,3
Rochy0509,1
MichaelMale,1
sedghi,1
Elieez,1
brandenespinoza,2
juansegnana,1
vals,1
asaubhagya,4
Choxime,1
DigitalRavagers,1
AleStraniero,1
mrayhan1599,1
hrisheekeshr,1
Grewal-GG,1
LaoDong233,2
acoa00,1
Ramagohlkerc,2
paul821,1
clackslat,1
cosmoje,1
bigmints,1
valeren,1
lollolha97,1
daveparslow,1
deredskoy,3
pdn30,1
poojasadhwanis,1
LeHuy02,1
jithinAB,1
R-type0718,1
Jonasbden,1
stormtaaro,1
TheMikaric,1
esanchez450,1
junkai90,1
LaurentMaxhuni,2
Wrimo2,1
dougmm7261,1
sebasm60,1
guangzhaoli,2
JoakimLarsson,4
Senti-network,1
kakiizart,1
jay3393,3
liamtabib,3
epignatelli,1
hanford,1
nikitaCodeSave,1
theherozxzx1,2
MarsAI59,1
Donassinfronteras,3
eric-schumacher,1
ajramos,2
tanYmann,1
fullstackconnah,2
superleesa,2
ArcanaVista,1
arysef,1
saitbnzl,3
ShaunFerns,1
kinksn,4
abhishekKanakaraju,1
s123104,3
Lennon286,1
ossy-hammed,2
AtakanUk,1
sensitiveanalyst,1
philipneo,1
virtualcell-bit,1
tsener,4
Zinki06,3
jjl4287,4
jankrib,2
martinxjonsson,1
xuyihui1996,1
Orang-Wutang,2
jayjay-on-the-sky,1
atkrad,1
SinitinVladimir,3
2012nathan,1
Hsbharath,1
reyzee0,1
Chillohillo,2
irving2019,1
alibarandemir,1
juliayyjin,4
jamesmelanson24,1
matheusfterra,1
east-african-techguy,2
shera-amit,1
mrdp9223,1
Sam-Vrgl,1
ahsandevhub,2
DaPeyCo2,1
jaikrishna,2
vmacri7,2
erissa1997,1
InvestigatorDoofy,1
SaschaKay,1
taxqwe,3
pvolkerunno,1
codewithcheese,4
jackeades,1
nsidhu11,1
qweazxsd,1
ggndara,1
d3vn0mi,2
stechu,1
Antech15,5
charlie87041,2
SZuluagaLevelUpFinance,1
AlexandreGastonBellegarde,4
pgimenezlopez,1
gfodor,1
v1dit,1
wangdiues,1
miansahib,1
majd-k,3
mikaelvincent,1
maskalek,2
Mount-Book,1
leonardoSolisMobiik,2
subslink326,1
ksamarasekera,1
CloudbrokerAz,1
xtradite-digital-25,2
r07627015,2
Slikrick,1
Pappy-Vx,1
rakesh-kadam,1
macknight,1
Chatsboty,1
MeesaJarJar,3
Akkii4,1
study8677,3
TeoSakel,1
mgttt,2
GenesisIIX,1
Zitz59,1
gglee89,2
laxmideepak,2
ph4s3r,1
mcdalcin,1
tsowmi03,1
Paperlinksoftwares,1
miguelstanzis,1
arekbr,1
NTThyssen,1
equrbanov7,1
Spencer14420,2
kdipkch,1
guardesign,1
Ccallahan-019,1
joshsny,1
hewentto,2
hitokuno,1
devignlove,1
Dreadpool,1
vignanshodhan,1
makmo73,1
GabrielNassar98,1
alex31,2
intlcollege,1
SaharSabbaghh,1
Sultan987635,1
mirkobrombin,1
Urdin-WCC,3
JiabinWen,1
Santosenterprise,1
ljenzen,1
przemyslawwlodarczyk90,1
MaicolScott,1
AndrewLH03,1
kingboom95,3
Avgnoodl,3
florivdg,1
cafcalderonri,1
dancab3,1
Ryuking1228,1
calebhskim,1
ssss2art,1
manikumarrepuri,2
RobNoveloper,1
spritepete,1
montyytnom,2
JosephETEC,1
borgesfranco2003,1
ustc21xyx,1
leewilkers,1
darwin7381,1
shbroster,1
JavierGonzalezMarti,2
lordvyce,1
PresidentAnderson,1
oriel-r,1
NeroWasTrolled,1
Mustafa-Farooq1,1
marinesci,1
yoshida-git-ai,1
elyessfar,1
actaserp,1
szuuszuu,1
Vecienzo,1
EladEndless,1
ravikiran-talekar,3
Jlrvidal,6
rana-jatin,1
SilkSlime,1
mikhailedwin,1
bsingh-rao,1
RochBlondiaux,1
BADAndrea,4
VonAdamo,2
androettop,3
Saruman1,1
danieljancar,1
kazuki-ghub,2
matty-serwer,1
Ligas10105,1
ytryyds,1
Clixtest,1
tiomadre,1
cristibctr,1
yumnie076,2
MRGOLISODA,1
narrowstacks,2
yackimoff,1
eyadmarei,1
JoshGitHubStuff,1
hasyimcode,2
davewatson91,2
arvvoid,1
kory-smith,1
lucasariasss,1
MTheusBrandao,1
justinshin1,1
guibernardino,2
imodeveloper,1
lsrcz,1
samarthm314,1
vKrypto,1
dhwogns,1
FoxtekTS,1
ScottWilliamAnderson,1
BadgerBadgerBadgerBadger,1
Frazer,2
maafkarbai,2
saraimarte,1
TheOneSV,1
syue40,1
languidflame,1
masadams,1
EliasCalixto,2
cake791,1
superpalier,1
dylan-xogent,2
AndrCC,1
Synthetic-Intelligence-Alchemist,1
v0v4ka,2
mimoklef,1
hoquangdinh,1
malayanand,1
jmtill,1
yuxeld,1
kisanshaktiai,1
h4570,1
ApexDevelopment,1
choureyparag,1
EdivanAzevedo,4
bandarr-io,1
WISEION,1
JamesTheCheapskate,1
easofiati,2
ai-sentience-code,3
Vlad1606,1
mlaurenti-dev-space,1
Shahrzad-marashian,2
ravitejapothula123,1
Farckron,1
daniellowtw,1
furushchev,1
phattailed,1
Buzzingaai,3
skylerlchan,1
SanskarX10,2
afroraydude,1
kritinkaul,1
SteveDiamond,2
luciaPG,1
liampond,2
adamcantcode,1
andres-alvarez19,3
pablocas87,1
aiuscode,1
YoshKung,1
jathinchowdary08,1
abdelhafid-mahmoudi-env,4
anoj-2023001,1
thespicyy,1
jazzbox35,1
TreverFuhrer,1
yingyibiao,1
Prometean,1
FondationFlorence,3
Keyvantajfar,1
melomanvtop,1
FelixixLike,1
llmxtfai,1
misaminhtuanvu,1
quik-cool-ai,1
Maxhodges,2
PedroHBasilio,1
Rahulsharma0810,1
DavidLeonDaTrindade,1
b0-0sk,1
spacerokk,1
anciri,1
RodrigoaLopess,2
abimanyug,4
r0b14,2
biogoly,1
Radwen,1
Bryankore,1
santenma,1
Bizmuthmodular,1
kiwids0220,1
JKL213,1
RafaelKramerDaSilvaDev,1
CODEXUSMAXUSNEXUS,1
xuset,1
shunkhaing,1
rpunj,1
benhaytam,2
Lygras,1
JohnTheModder87,1
6up-b,1
denissilantev64,2
San9Korgun,1
Ecopawst,1
pyfig,2
FilippoMolinari,1
nuclearspike,1
BitBasherr,1
michwii,1
eziompills,2
davidz91800,1
UtopiaGuy,1
Halildeu,1
genvesting,1
HajiAgah3291,2
jsfit,1
shamitad,1
CurtisAccelerate,1
xiyuan27,1
noahborkowski,2
hanaset-git,2
jlopezsa,1
GenerativeSerge,1
rschinkoeth,1
cristobalchao,1
bene2386,1
IsraelAguiniga1,1
VasudevJaiswal,1
leckerbier,1
Gottox,1
deCrook29,1
christianbermejo,1
guyou233,2
TJLSmith0831,2
Huck9,1
SzJasonHuang,1
crostonj,1
GauravDdhanwant,1
AndrewEllis-lab,1
aquamoth,1
nicholasmhughes,1
JavierVolpe,1
spiresatyam,1
Nepi24,1
filippo-mazza,5
tomerggm,1
agokrani93,2
maji95,4
Draylon,2
gaeun0112,1
seankang81,3
MeetJainAi,2
jamesatceda,1
vivek22sep,1
robin-collins,1
p-prabu,1
romainmannino,1
heydaytran,1
carraragiovanni,1
marcelMaier,1
corbfon,1
agmo1993,1
Bxworrell05,1
rdh-bot-ai,1
Orphy123,1
LilithLVar,3
domitea,1
ktomak,1
antonialucianapires,1
maitrikpatel2025,1
Odriozolaa,1
rakeshutekar,5
lorenzopolicar,2
Nsima,1
feluzan,3
saqibmanan,2
sebastiandoyle,1
mncope,1
jingmingliu01,1
WallyMagill,2
KshitijAnand15,1
muhammad7865,1
HafizHamzaCS,1
Hamad12222,1
hajntomas,1
kaneko424,2
BishopBerk,1
pkhafizov,1
MKY508,1
theengineerrabbit,1
hozgur,2
telotraigoarg,1
Nabanshu,1
juanmaringallego,1
tfernands,1
11X0r,1
hllleb,1
justin0804nitsuj,1
munchkin09,2
lukebuehler,1
billqqq,2
Henluy,1
GianlucaGelmetti,1
rricc22,1
joony330,1
HadmaRufino,1
BlueCodeHydra,1
ChavezCheong,1
cherrera0001,1
jdrpires,1
JPereira199,1
lugunov,1
007TheSpectre,1
javilima01,3
JORGELBURGOS,1
HandlessReaper,1
amin-arfaoui-nashtech,1
adityac7,1
gverdian,1
Jbbrack03,1
NUANXbyea,1
josephma93,3
Epitrox,1
pinguinpfleger,1
powerOFMAX,1
Lunarett,2
Betz189,1
ragsdrake,1
FreddyPerez071115,1
a1masssss,1
hassan-amoura,2
asadmalik,1
jinotter3,2
jsmin6330,1
JelfferyDuran,1
martijn58,1
chiragsinghal283,1
SadxSenpai,1
alexancelovici,1
jucaslames,1
DimitriTimoz,1
Pwongchaiya,1
ilgalga,1
BTAN2702,1
shanayamalik,2
StevenCYLu,1
Polonity,1
NoraZok,2
edumgt,1
Snoop111,2
Novus43,2
neskorodko,1
moyadf,2
USS-Shenzhou,1
stingraze,1
Yah-Mo1,2
ShraavanaS,1
susana474,1
ronniesong0809,1
oedokumaci,1
manpreet70,1
DiegoArayaT,4
Manh0907,1
DanieldeR,1
fwrazej,1
filinvadim,1
matm-dec,1
JohnYCol1,1
Valephnull,1
laportagm,1
SiahBatterson,2
steffanrichards,1
volcase,2
amir-aharon,1
ilyash36,1
flyingcat800,1
akms17,1
mrbicho,1
kojitsys,3
estblabla,1
Amicorum,1
rossiza,2
espositov,1
ddunnock,1
ABelonovskii,1
Luminarada80,3
rs-anderson,1
Aron9605,1
alrolo3,1
gayankasun,1
maskboss4,1
torkleyy,1
stefbo,2
leaderz920,1
arashm404,1
nmosier,2
christianalma1904,1
HousamKak,1
wenjiew-astro,2
JulianRamon-FAS,2
PenguinTeo,1
TTaichi,1
MAlikhanian,1
aymenemzz,1
mr-xx,1
sinamorida,1
JoshuaJones27,1
iposta,1
rahulkolekardev,1
viniciusyr,1
smp239,1
AashiDutt,2
tgd,2
jdeng,2
danielmthw,1
ace-dent,1
makefinks,1
nrrogers,1
thesecondprincessofthemidgar,1
Retr078,1
AlexT00,1
nimaytenzin,1
DiegoRam,1
dgyesbreghs,1
Sonti22,2
rodrigoWq,2
Baabu678,1
pszpetkowski,1
taigrr,2
apostelAlex,1
tom-ricci,1
tokatipan1223,1
Koda4iden,1
JumpLao,1
Nikey111111,1
taka88877,1
babaduuuk,2
kowyo,1
sashi0034,1
nornagon,2
proboscis,1
bert-berkers,2
poddubnyoleg,1
vagabondp,1
Nefelache,1
sakhamoori,1
Mangetsu25,1
paul-raetchi,1
jjwillis111,1
MVRU,1
phamhongphuctu,1
hkleev2,2
const7,1
DeesreX,1
karthikjohnbabu,1
Purgateur,1
MahammadAgayev,1
ionutdr23,1
alywalji7,1
DillonSummers,1
joecmd,1
edisonjoao1,2
ziozzang,1
niurkasilverio2014,1
rahuljishu,1
FabiH0903,2
antonclibert,1
nao-amj,1
mitubaEX,2
FEER28,1
hpevans93,1
happi,1
vinayanand3,2
TashiiDesign,1
dunsy22,1
shaman-code,1
Coudji,1
ZeroHeatSolutions,1
jasialazyrka,1
esmith2k2,1
Alankikouna,1
AlbertEsponey4,1
albertmazur,1
paparibel,1
daongoctiep,1
vanhai1231,1
TuanMinhDo1203,1
inaldy31,1
atile-y,2
ohwonkyo,1
mirakirschkern,1
H4MI4,1
norvakent,1
deepakshebani,1
ntguion,1
sunfac,1
DavidBriley,2
verhas,1
dkrivoruchko,2
mlinarik,1
muhannadxyz,1
alecbarr90,1
Opodlinok,1
shakyypaws,2
polloxq17,1
tomasnyberg,2
patricksomerville,1
ferdinandschweigert,1
RovshanMuradov,3
catorch,1
Agusx1211,1
krivolapovdev,2
magerowskiy,1
raphaelmue,1
aarav-malik,1
difenischin,1
anh0001,2
tim-liner,1
adamek82,1
wmehanna,1
BigUncleYemi,1
zbarettnymbl,1
MatteoGauthier,1
Diego-DPL,1
Cborgg,1
Osaide,1
deepanshgandhi,1
coderokk,1
r7aaex,1
marcometz,1
SeifBoukerdenna,1
guillerpsanchez,1
OmarIrf,1
ZmoleCristian,1
alfonsovc15,1
danielbirsan,1
jiriklepl,1
dlwo8520,1
LearnedVector,1
lucycpu,1
Cmssmc-code,1
tang1693,2
ostwalaman,1
fbrandalise,1
cowboycodr,1
tylervinson,1
whtitefall,1
G1enB1and,2
timothywarner,1
PURPLEROSA,1
achreftrablesi,1
subinspathilettu,1
Alamo9112,1
jodfie,3
msaccesguruji,1
Calmly-aggressive,1
ntienhuy,5
DEC-HOSTING,1
chungwonlee,1
M7mdIG,1
welnmoon,2
woshichaochaoguai,1
imdigitalashish,1
bartanaw,1
aximorph,3
dgbonafina,1
sohanr04,1
sooahleex,1
uanid,1
ntBre,1
PranjalKBajaria,1
igorlimeira,1
SATHEESH-MEADI,1
jguzikowski,1
jamack95,1
erson,2
alejandroartee,1
F1rebeard,1
rururudolph145,1
Fedcairo,1
naderzare,1
mra823,1
HanhnaV,6
ske-media,3
jaimeualaw,1
fego-git,1
gargoyle1981,1
Godoza,1
kovas1226,1
sadaqabdo,1
adamgroth,1
GoktugDonmez,1
hamidzichaweet,1
erobertus,1
adamm-ai,1
theblockstalk,1
Vitaliti101,1
DanielHuang0206,1
bluedreamer10,1
Bhavarth7,1
Bdandc,1
DevBilalMunir,1
chrisplusplus,1
quthman,1
elensouzf,1
RazikAvraam,1
jvinals,1
Nazwk,1
joelvarun,1
AT175,1
misternac,1
maxoute,1
johnwalley,1
archankhandekar,1
kinglionX69,1
iatrochemistx,1
onurozisk,1
dziemian66,2
KansChen,2
VishistS,3
dwalters18,2
TheSpindlyOne,1
myat-kyaw,2
GShellman,1
Iampolskiy,1
huzex87,1
DrewDey,1
8-Waste,1
dioniscasillaramirez,1
thisrohangupta,1
darkcodeur221,1
birnbaum,2
connorodea,1
leonnn7,1
Dardote13,1
bean980310,1
JonFRutan,1
IkhyeonJo,1
leinn32,1
Tangwl-wind,2
beant77,1
nabla160,1
FinityS,2
arsh14jain,1
GoldBeluga,1
MahmoudRashaideh75,1
BananaPukeh,1
Zeyddikbudak,1
digitalnomad91,1
Orelchalfon,1
rafa1239,1
mazoku1999,1
leopoldocarrocalvo,1
Kaioher,1
gulbrich,1
G-NET,1
Imburdalinix,1
Dawson2025,1
catbutler08,1
Satoshi-Tb,1
JulioC1335,1
tegotha,1
pedrormt,1
webmuhendisi,3
GitEduarSanchez,1
Cris-Baez,1
mmiholdings,1
itsranasalah,1
MatejJan,1
yoshi6788,1
CryproSemplifier,1
frankpedro,1
jordynelson-2,1
parafeng,1
mdcurt,1
hungsean,1
davado1132,1
dxc000112,1
kelvinCB,1
HarrisMBrad,1
mathbatistela,1
KonstantinosPapaandrea,1
Yacinewhatchandcode,1
x-hansong,1
Kashif-Anwar0,1
David-Rapeckman,1
manarattar,1
apeterson22,1
cheesecake100201,1
didrhrlgjsxj,1
niknal357,1
Manishs94,1
JuanCruzMedina,1
AbdulrahmanAlsumaih,1
catataudio,2
Rockochamp,1
Haxor1234567890,1
saadjatt,1
Svenihuva,1
rem0g,1
PeterBaltov,1
KPREDDIE,2
scarbone98,1
OfirSimhi1612,1
rjort,1
ishikawa-pro,1
YukihiraDeve,1
danieledellacioppa,1
gabrielbarbosel,1
hughesdo,1
shubh6-max,1
dpipumkendari,1
asachanfbd,1
hassanjustin,1
Life4five,1
thefledgedhurricane,1
CorLaHu,1
TiagoTStanis,1
skosysparency,1
Nirespire,3
lkyprogramer,1
KWj55,1
DeathGun3344,1
panguin6010,1
isaaclowry7,1
jhinlaspor,1
blazickjp,2
rudrasingh99,1
Runtogetherradcliffe,1
JanuszLi,2
abdou7520,1
FaustoGarzillo,1
ArthurDelannoyazerty,1
magnickolas,1
agustinSC2034,1
mujurin1,2
Cclns,1
LCapy,1
assetb,1
krishnanbmer,1
Dagetby,1
IshiPareek,1
lucas2kdk,1
EvanMathiasen,1
kobbs,1
EvilGenius15,1
ocisnerosm,1
PeeeDrummm,1
pavireni,1
corredD,1
keepprogress,1
gwendalbecel,1
mrGit-bit,1
Ziadabusharaf,1
bakinrob,2
shawnryder2021,1
splucasaugustooficial,1
christianjb,1
RocioAlvarezMerlo,1
anirudha,1
agustinmigliorero,1
yarel2l,1
soham-verma,2
skagit,1
phoenix060505,1
gffilm,1
guillermorogelm,1
19arturd95,1
CamealGit,2
calvalugo,1
rfievet,1
Sebasbo,1
rumblelab,1
gwdjosh131,1
lamselua,1
zykoytz,1
3vargas5,1
sx-tane,1
dandusandeep,1
jamesjl3,1
ken2abe,2
aaluiz,2
subo-9439,2
Thynkwise,1
vendroo,2
dingdayu,1
GolfAtop,1
Maquiz,1
ijmeisner,2
thangquoctran,1
Arkaizn,1
ArdaAyd,1
dbczarnota,1
QQCPM,1
jaifar530,1
tphyo,1
touchaponk,2
islockeddxd,1
nikodelpuerto,1
pyrecyter,1
keito141-gpt,1
Jonahrocks,1
mbs227,1
ZeroHack01,1
Mazp17,1
swastiktyagi98,1
xhuvom,1
pxsx,1
skydevteamdiscord,1
sakhighulam322,1
bezaleluriel,1
VivekVikranth,1
tyudope,1
keenan495,1
0rd1nary13,1
GRITJW,1
cesarac666,1
usemoslinux,1
ian-catalyticconsulting,1
Isasack,1
remerix,1
Edwarddev0723,1
Zehui127,1
edj-boston,1
gaiuszzang,2
oscarIM,1
spprou,1
evazhang612,1
MariuszJachymczak,3
KonraW,1
mightyjingyu,1
uberdragon,1
ryanjball,1
RaulCan0,1
rshkong,1
VexMoon7,1
andreasse,2
davidydu,1
Johannhaack,1
zong-you-028,1
christian75876,1
schindlerchristian,3
llamaboi55,1
naveensrirajkamireddy,1
umarswe,1
nagendrapalla,1
Mashuro2000,1
Da1th1,1
PoorDoomer,1
Ghader1992,1
wenzu404,1
linux4life798,1
bsurrey,2
Fiewemiko,1
mininny,1
1kuzz,1
numakuro-0xf00,1
Henrique1999,1
jeremysy,1
marcelompimenta,1
Krishiv-Thakuria,1
kadirdemir,1
ByteValley,1
PlayNuzic,1
alamarre,1
operdrix,1
Renanmali,1
karouhifar,1
lukatodd,1
brian-hammond,2
kaanvega,1
ItsAK20,1
Mindrocket42,1
jhdaws,1
DanielLCintra,1
KabusDev,1
InvestedZulu,1
skynight187,1
jeffcoop2,1
richarddd11,1
36bit,1
Vietmotion,1
koddReadeR,1
AmirhoseynpowAsghari,1
Karine5380,1
wangben123456,2
JacobDThomas,1
JanMik12exg3hz,1
sheinemann89,1
aidanobrien411,1
jmsflms,1
Patrickscott999,1
ConfirmaSeH,1
gadjio,2
coeyn,1
syedsabahhassan,1
steve-oconnor,1
LuisAPI,1
mrhits777,1
Blueibear,1
AndrewNicKnott,1
tomektescior,1
Kaotic3,1
hbykl,1
Chartalgox,1
KeeHanXiang,1
isbsh,1
Jones0073,1
lonelydoctor,2
pfranza,1
kostrse,1
Ca3de,1
Fuegoacrobat,1
Serezjjja,1
gabrielclimb,1
KleDen,1
Polotos,1
BordonaliMattia,1
hhjacks,1
GrantMill,1
wang93wei,1
max-mcd,1
y-f-tonkatsu,1
Sezilianer,1
viru-j,1
SUP613,1
andreighinea1,1
MatteoFalcioni,1
tommoffat,1
pumba-nakupenda,1
Muelle96,1
gilmotta,1
TNLegend,1
abhinavmodi,1
Rowunk,1
jackyy2004,1
gottfried1980,1
AyarWPM,1
zaaaacch,1
dylan-goetting,1
iamjasonhill,1
AyanokoujiKurea,1
hector-kali,1
abdullahmansoor,1
saviornoname,1
Weischbier,1
abraham-diress,1
FuyaM,1
dedbit,1
krelly,1
fernandopulus,1
Iamhiro-ai,1
DanielHR3,1
OTCaster,1
Atif-Rafique,2
FreakyAI-star,2
Michalidess12,1
Mateus314159,1
quArtiero,1
moonrailgun,1
petrmelnikov,1
ssaigarimella,1
gap-sys,1
le3cm,1
Tekraj15,1
camerachan,1
Mofurka,1
davidlinharesjp,1
afan-sdt,1
fomoco460,1
TAGHREEDAA,1
LimitSlayer,1
kangh2h2,1
peiKanguu,1
Thesuperteacher,1
B1gum,1
azimi99,1
cCirra,1
x1tp,1
xander-haj,3
KuraArchitects,1
angellycbassi,1
PIRSON21,1
Piotr3009,1
SmilingKing18,2
korla-plankton,1
eakjothundal,1
orestestilmitt,1
mahmoodabdulmoniem,2
dominic-ks,1
wuxxy,1
KomaVR,1
agosquevedo,1
fatmagul0,1
leandroborgeseng,1
fsantosdev,1
gokhanemniyetli,1
romang2103,1
jmtt89,1
jessie-marie,1
EfeDeveloper,1
cashbooktw,1
carlosesteven,1
Abili,1
AvshiSha,1
T-Ezzoury,1
1MrazorT1v2,1
SaiKrishna-KK,1
VladimirVlatko,1
neuronwave,1
MarceloClaro,1
maxyhan,1
tianaanaaa,1
Amos-Chen98,1
Carlosher007,1
gunavanthmahendra,1
Anatoli06,2
cx3386,2
1535414904,1
MDamiano,1
mihh3,2
taisei-zoo,1
BytesandBongs,1
kingx48,1
ElizabethEguakun,1
fjgonzalez25691,1
robertormp,2
ttiagof,1
csan,1
lisepals,1
h8gi,1
RichardsonLiao,1
lsszz210,1
keto0422,1
badspeed666,1
AnilAgustin,1
sejpaja,1
aklen,1
micic-mihajlo,3
dat313,1
benbaumann95,1
BrianCamunez,1
dunghn2201,1
fakyuuuu,1
Lewnte,1
DirtyDome89,1
Frogky,1
vishalsahalofficial,1
madiha202,1
shin13,1
desaianm,1
perpelator,1
gleb87,1
YassirALKarawi,1
WILBER1234965,1
FelipeValota,1
WagnerJales,1
aiddun,1
Carlsmeister,1
blackwindow3,1
yogeshOzaDeanInfotech,1
ChihiroNishioka,2
Mustafaygtbs,1
ceign,1
Anwaaralikhan550,1
Chapadiex,1
isareds,1
dpk5yt,1
palheiro1,1
thomasxm,1
TranHoaiPhu,1
mneisens,1
Dekfrxsh1234,1
pmantra,1
Festison,1
flores1999,1
JuiHsiu,1
toucanzoo,1
dimaetoeto,1
talafek96,1
LazarosPan,1
saintyboy1,1
sebromcharles,1
Nakarin225,1
nahilahmed,1
MarcCollado,1
rolgor,2
s-macke,1
hexbyt3,1
ElStefan,1
Chrozwel,1
chris-724,1
baquerizojp,2
IbrahimHosseini,2
manimorris,1
sethuramana,1
Dariko2020,1
WaydCloud,1
Ngedenidze,1
Siddhesh2377,1
Lucas-0407,1
fazilsouissi,1
dcasalino,1
ashharf,1
coloradosunrae,1
kiriko-rs,1
cuera,1
Depizano,1
Sarangk90,1
stivenjimenez,1
hanuytayal,1
VlStudios,1
Noval0k,1
lumusa2design,2
girdhari-bora,1
vinaayakha,2
bitcloudTheFirst,3
cph0r,1
Perezscode,1
bohrlabs,1
haden111,1
niki-nakamura,1
yarosz,1
Bamboo11517,1
kamuixmod,1
excessus1,1
Damien-WeKode,1
SatoRihwa,1
skalynscaled,1
kamrul1157024,1
Danishnaseer,1
jwbats,1
ChanticoMarketing,1
qrzn,2
Pedrolustosa,1
felipefc10,1
ananyateklu,1
bearjew91,1
miacarra,1
oskargncn3,1
atomschulz,1
keywordsfly,1
cbistricean79,1
kkolma,1
johnnycastrous,1
Wassax7,1
yahiaehab10,1
eric323c,1
RonaldoHorta159,1
SirSebeck,1
mohamedtmismail,1
neznunez,1
maciek-robiszto,1
yeasy,2
Felipe-Rk,1
Chayan33,1
lflatleyl,1
mytraya-gattu,1
thataicoder,1
fengwei-tian,1
imyago9,1
albertleal,1
payoub125,1
mlapida,1
lubohen,1
galinaiv75,1
grif3480,2
inshell-art,2
djmoore711,1
vdeohhmi,1
Quantum343,1
yousifa2005,1
MuhammadMaazA,1
scottfig,1
e-t-o-v-o,1
siteschrift,1
anvilarth,1
marcotulio1989,1
ikdev24,1
sebmb2,1
mamghar001,1
vishnugamini,1
vimalkansal,1
ayushpurankar200,1
Mrktprojecthse,1
taoquanyus,2
